关键词,技术领域,细分方向,产业板块,核心程度得分,匹配类型,上下文要求,来源类型
6G,基础概念与标准体系,领域锚点,系统与平台,1,core,无需上下文；领域锚点本身只给低分,两份附件/ITU/3GPP
6G技术,基础概念与标准体系,领域锚点,系统与平台,1,core,无需上下文；领域锚点本身只给低分,两份附件/ITU/3GPP
第六代移动通信,基础概念与标准体系,领域锚点,系统与平台,1,core,无需上下文；领域锚点本身只给低分,两份附件/ITU/3GPP
第六代移动通信技术,基础概念与标准体系,领域锚点,系统与平台,1,core,无需上下文；领域锚点本身只给低分,两份附件/ITU/3GPP
第六代蜂窝通信,基础概念与标准体系,领域锚点,系统与平台,1,core,无需上下文；领域锚点本身只给低分,两份附件/ITU/3GPP
下一代移动通信6G,基础概念与标准体系,领域锚点,系统与平台,1,core,无需上下文；领域锚点本身只给低分,两份附件/ITU/3GPP
IMT-2030,基础概念与标准体系,领域锚点,系统与平台,1,core,无需上下文；领域锚点本身只给低分,两份附件/ITU/3GPP
IMT 2030,基础概念与标准体系,领域锚点,系统与平台,1,core,无需上下文；领域锚点本身只给低分,两份附件/ITU/3GPP
Beyond 5G,基础概念与标准体系,领域锚点,系统与平台,1,core,无需上下文；领域锚点本身只给低分,两份附件/ITU/3GPP
B5G,基础概念与标准体系,领域锚点,系统与平台,1,core,无需上下文；领域锚点本身只给低分,两份附件/ITU/3GPP
Pre-6G,基础概念与标准体系,领域锚点,系统与平台,1,core,无需上下文；领域锚点本身只给低分,两份附件/ITU/3GPP
6G通信系统,基础概念与标准体系,核心系统,系统与平台,5,core,无需上下文；领域锚点本身只给低分,两份附件/IMT-2030推进组
6G移动通信系统,基础概念与标准体系,核心系统,系统与平台,5,core,无需上下文；领域锚点本身只给低分,两份附件/IMT-2030推进组
6G无线通信系统,基础概念与标准体系,核心系统,系统与平台,5,core,无需上下文；领域锚点本身只给低分,两份附件/IMT-2030推进组
6G蜂窝通信系统,基础概念与标准体系,核心系统,系统与平台,5,core,无需上下文；领域锚点本身只给低分,两份附件/IMT-2030推进组
6G网络系统,基础概念与标准体系,核心系统,系统与平台,5,core,无需上下文；领域锚点本身只给低分,两份附件/IMT-2030推进组
6G无线系统,基础概念与标准体系,核心系统,系统与平台,5,core,无需上下文；领域锚点本身只给低分,两份附件/IMT-2030推进组
IMT-2030系统,基础概念与标准体系,核心系统,系统与平台,5,core,无需上下文；领域锚点本身只给低分,两份附件/IMT-2030推进组
第六代移动通信系统,基础概念与标准体系,核心系统,系统与平台,5,core,无需上下文；领域锚点本身只给低分,两份附件/IMT-2030推进组
6G端到端系统,基础概念与标准体系,核心系统,系统与平台,5,core,无需上下文；领域锚点本身只给低分,两份附件/IMT-2030推进组
6G融合通信系统,基础概念与标准体系,核心系统,系统与平台,5,core,无需上下文；领域锚点本身只给低分,两份附件/IMT-2030推进组
6G万物智联,基础概念与标准体系,总体愿景,系统与平台,5,core,无需上下文；领域锚点本身只给低分,两份附件/IMT-2030推进组
6G数字孪生,基础概念与标准体系,总体愿景,系统与平台,5,core,无需上下文；领域锚点本身只给低分,两份附件/IMT-2030推进组
6G人机物智慧互联,基础概念与标准体系,总体愿景,系统与平台,5,core,无需上下文；领域锚点本身只给低分,两份附件/IMT-2030推进组
6G虚实共生,基础概念与标准体系,总体愿景,系统与平台,5,core,无需上下文；领域锚点本身只给低分,两份附件/IMT-2030推进组
6G泛在互联,基础概念与标准体系,总体愿景,系统与平台,5,core,无需上下文；领域锚点本身只给低分,两份附件/IMT-2030推进组
6G智慧内生,基础概念与标准体系,总体愿景,系统与平台,5,core,无需上下文；领域锚点本身只给低分,两份附件/IMT-2030推进组
6G性能卓越,基础概念与标准体系,总体愿景,系统与平台,5,core,无需上下文；领域锚点本身只给低分,两份附件/IMT-2030推进组
6G绿色节能,基础概念与标准体系,总体愿景,系统与平台,5,core,无需上下文；领域锚点本身只给低分,两份附件/IMT-2030推进组
6G安全可信,基础概念与标准体系,总体愿景,系统与平台,5,core,无需上下文；领域锚点本身只给低分,两份附件/IMT-2030推进组
6G通信感知计算智能融合,基础概念与标准体系,总体愿景,系统与平台,5,core,无需上下文；领域锚点本身只给低分,两份附件/IMT-2030推进组
通感算智融合,基础概念与标准体系,总体愿景,系统与平台,5,core,无需上下文；领域锚点本身只给低分,两份附件/IMT-2030推进组
6G标准,基础概念与标准体系,标准与版本,标准与试验,4,core,无需上下文；领域锚点本身只给低分,TDIA2025/ITU/3GPP
6G标准化,基础概念与标准体系,标准与版本,标准与试验,4,core,无需上下文；领域锚点本身只给低分,TDIA2025/ITU/3GPP
6G技术规范,基础概念与标准体系,标准与版本,标准与试验,4,core,无需上下文；领域锚点本身只给低分,TDIA2025/ITU/3GPP
6G候选技术,基础概念与标准体系,标准与版本,标准与试验,4,core,无需上下文；领域锚点本身只给低分,TDIA2025/ITU/3GPP
IMT-2030框架,基础概念与标准体系,标准与版本,标准与试验,4,core,无需上下文；领域锚点本身只给低分,TDIA2025/ITU/3GPP
IMT-2030候选技术,基础概念与标准体系,标准与版本,标准与试验,4,core,无需上下文；领域锚点本身只给低分,TDIA2025/ITU/3GPP
ITU-R M.2160,基础概念与标准体系,标准与版本,标准与试验,4,core,无需上下文；领域锚点本身只给低分,TDIA2025/ITU/3GPP
Release 20 6G,基础概念与标准体系,标准与版本,标准与试验,4,core,无需上下文；领域锚点本身只给低分,TDIA2025/ITU/3GPP
Rel-20 6G,基础概念与标准体系,标准与版本,标准与试验,4,core,无需上下文；领域锚点本身只给低分,TDIA2025/ITU/3GPP
Release 21 6G,基础概念与标准体系,标准与版本,标准与试验,4,core,无需上下文；领域锚点本身只给低分,TDIA2025/ITU/3GPP
Rel-21 6G,基础概念与标准体系,标准与版本,标准与试验,4,core,无需上下文；领域锚点本身只给低分,TDIA2025/ITU/3GPP
6G RIT,基础概念与标准体系,标准与版本,标准与试验,4,core,无需上下文；领域锚点本身只给低分,TDIA2025/ITU/3GPP
6G无线接口技术提案,基础概念与标准体系,标准与版本,标准与试验,4,core,无需上下文；领域锚点本身只给低分,TDIA2025/ITU/3GPP
6G沉浸式通信,场景与关键能力,沉浸式通信,下游应用,3,core,无需上下文；领域锚点本身只给低分,两份附件/ITU
沉浸式通信IC,场景与关键能力,沉浸式通信,下游应用,3,core,无需上下文；领域锚点本身只给低分,两份附件/ITU
沉浸式云XR,场景与关键能力,沉浸式通信,下游应用,3,core,无需上下文；领域锚点本身只给低分,两份附件/ITU
6G云XR,场景与关键能力,沉浸式通信,下游应用,3,core,无需上下文；领域锚点本身只给低分,两份附件/ITU
6G扩展现实,场景与关键能力,沉浸式通信,下游应用,3,core,无需上下文；领域锚点本身只给低分,两份附件/ITU
6G全息通信,场景与关键能力,沉浸式通信,下游应用,3,core,无需上下文；领域锚点本身只给低分,两份附件/ITU
6G多感官通信,场景与关键能力,沉浸式通信,下游应用,3,core,无需上下文；领域锚点本身只给低分,两份附件/ITU
6G感官互联,场景与关键能力,沉浸式通信,下游应用,3,core,无需上下文；领域锚点本身只给低分,两份附件/ITU
临场通信,场景与关键能力,沉浸式通信,下游应用,3,core,无需上下文；领域锚点本身只给低分,两份附件/ITU
多感官XR,场景与关键能力,沉浸式通信,下游应用,3,core,无需上下文；领域锚点本身只给低分,两份附件/ITU
6G超可靠低时延通信,场景与关键能力,超可靠低时延,中游网络,4,core,无需上下文；领域锚点本身只给低分,两份附件/ITU
6G极其可靠通信,场景与关键能力,超可靠低时延,中游网络,4,core,无需上下文；领域锚点本身只给低分,两份附件/ITU
HRLLC,场景与关键能力,超可靠低时延,中游网络,4,core,无需上下文；领域锚点本身只给低分,两份附件/ITU
6G亚毫秒时延,场景与关键能力,超可靠低时延,中游网络,4,core,无需上下文；领域锚点本身只给低分,两份附件/ITU
6G七个九可靠性,场景与关键能力,超可靠低时延,中游网络,4,core,无需上下文；领域锚点本身只给低分,两份附件/ITU
6G确定性低时延,场景与关键能力,超可靠低时延,中游网络,4,core,无需上下文；领域锚点本身只给低分,两份附件/ITU
6G高可靠通信,场景与关键能力,超可靠低时延,中游网络,4,core,无需上下文；领域锚点本身只给低分,两份附件/ITU
6G超低时延通信,场景与关键能力,超可靠低时延,中游网络,4,core,无需上下文；领域锚点本身只给低分,两份附件/ITU
6G海量通信,场景与关键能力,海量通信,中游网络,3,core,无需上下文；领域锚点本身只给低分,两份附件/ITU
6G超大规模连接,场景与关键能力,海量通信,中游网络,3,core,无需上下文；领域锚点本身只给低分,两份附件/ITU
6G海量机器通信,场景与关键能力,海量通信,中游网络,3,core,无需上下文；领域锚点本身只给低分,两份附件/ITU
6G千万级连接,场景与关键能力,海量通信,中游网络,3,core,无需上下文；领域锚点本身只给低分,两份附件/ITU
Massive Communication 6G,场景与关键能力,海量通信,中游网络,3,core,无需上下文；领域锚点本身只给低分,两份附件/ITU
6G千亿物联,场景与关键能力,海量通信,中游网络,3,core,无需上下文；领域锚点本身只给低分,两份附件/ITU
6G泛在物联,场景与关键能力,海量通信,中游网络,3,core,无需上下文；领域锚点本身只给低分,两份附件/ITU
6G海量接入,场景与关键能力,海量通信,中游网络,3,core,无需上下文；领域锚点本身只给低分,两份附件/ITU
6G泛在连接,场景与关键能力,泛在连接,中游网络,4,core,无需上下文；领域锚点本身只给低分,两份附件/ITU
6G全域覆盖,场景与关键能力,泛在连接,中游网络,4,core,无需上下文；领域锚点本身只给低分,两份附件/ITU
6G全球无缝覆盖,场景与关键能力,泛在连接,中游网络,4,core,无需上下文；领域锚点本身只给低分,两份附件/ITU
6G立体覆盖,场景与关键能力,泛在连接,中游网络,4,core,无需上下文；领域锚点本身只给低分,两份附件/ITU
Ubiquitous Connectivity 6G,场景与关键能力,泛在连接,中游网络,4,core,无需上下文；领域锚点本身只给低分,两份附件/ITU
6G地理全覆盖,场景与关键能力,泛在连接,中游网络,4,core,无需上下文；领域锚点本身只给低分,两份附件/ITU
6G空天地海覆盖,场景与关键能力,泛在连接,中游网络,4,core,无需上下文；领域锚点本身只给低分,两份附件/ITU
6G按需覆盖,场景与关键能力,泛在连接,中游网络,4,core,无需上下文；领域锚点本身只给低分,两份附件/ITU
6G通信与人工智能融合,场景与关键能力,通信与AI,中游网络,4,core,无需上下文；领域锚点本身只给低分,两份附件/ITU/3GPP
6G AI与通信,场景与关键能力,通信与AI,中游网络,4,core,无需上下文；领域锚点本身只给低分,两份附件/ITU/3GPP
AIAC,场景与关键能力,通信与AI,中游网络,4,core,无需上下文；领域锚点本身只给低分,两份附件/ITU/3GPP
AI and Communication 6G,场景与关键能力,通信与AI,中游网络,4,core,无需上下文；领域锚点本身只给低分,两份附件/ITU/3GPP
6G普惠智能,场景与关键能力,通信与AI,中游网络,4,core,无需上下文；领域锚点本身只给低分,两份附件/ITU/3GPP
6G智能服务,场景与关键能力,通信与AI,中游网络,4,core,无需上下文；领域锚点本身只给低分,两份附件/ITU/3GPP
6G移动智能,场景与关键能力,通信与AI,中游网络,4,core,无需上下文；领域锚点本身只给低分,两份附件/ITU/3GPP
6G泛在智能,场景与关键能力,通信与AI,中游网络,4,core,无需上下文；领域锚点本身只给低分,两份附件/ITU/3GPP
6G通信感知融合,场景与关键能力,通信与感知,中游空口,5,core,无需上下文；领域锚点本身只给低分,两份附件/ITU/IMT-2030推进组
6G通信感知一体化,场景与关键能力,通信与感知,中游空口,5,core,无需上下文；领域锚点本身只给低分,两份附件/ITU/IMT-2030推进组
6G通感一体化,场景与关键能力,通信与感知,中游空口,5,core,无需上下文；领域锚点本身只给低分,两份附件/ITU/IMT-2030推进组
6G通感融合,场景与关键能力,通信与感知,中游空口,5,core,无需上下文；领域锚点本身只给低分,两份附件/ITU/IMT-2030推进组
6G ISAC,场景与关键能力,通信与感知,中游空口,5,core,无需上下文；领域锚点本身只给低分,两份附件/ITU/IMT-2030推进组
IMT-2030通感,场景与关键能力,通信与感知,中游空口,5,core,无需上下文；领域锚点本身只给低分,两份附件/ITU/IMT-2030推进组
6G感知服务,场景与关键能力,通信与感知,中游空口,5,core,无需上下文；领域锚点本身只给低分,两份附件/ITU/IMT-2030推进组
Tbps峰值速率,场景与关键能力,性能指标,中游系统,3,contextual,需6G/IMT-2030上下文，或至少三个独立6G候选技术簇同时成立,两份附件/ITU
太比特每秒通信,场景与关键能力,性能指标,中游系统,3,contextual,需6G/IMT-2030上下文，或至少三个独立6G候选技术簇同时成立,两份附件/ITU
Gbps体验速率,场景与关键能力,性能指标,中游系统,3,contextual,需6G/IMT-2030上下文，或至少三个独立6G候选技术簇同时成立,两份附件/ITU
亚毫秒级时延,场景与关键能力,性能指标,中游系统,3,contextual,需6G/IMT-2030上下文，或至少三个独立6G候选技术簇同时成立,两份附件/ITU
千万级连接,场景与关键能力,性能指标,中游系统,3,contextual,需6G/IMT-2030上下文，或至少三个独立6G候选技术簇同时成立,两份附件/ITU
七个九可靠性,场景与关键能力,性能指标,中游系统,3,contextual,需6G/IMT-2030上下文，或至少三个独立6G候选技术簇同时成立,两份附件/ITU
厘米级感知精度,场景与关键能力,性能指标,中游系统,3,contextual,需6G/IMT-2030上下文，或至少三个独立6G候选技术簇同时成立,两份附件/ITU
毫米级感知精度,场景与关键能力,性能指标,中游系统,3,contextual,需6G/IMT-2030上下文，或至少三个独立6G候选技术簇同时成立,两份附件/ITU
每立方米连接密度,场景与关键能力,性能指标,中游系统,3,contextual,需6G/IMT-2030上下文，或至少三个独立6G候选技术簇同时成立,两份附件/ITU
超高流量密度,场景与关键能力,性能指标,中游系统,3,contextual,需6G/IMT-2030上下文，或至少三个独立6G候选技术簇同时成立,两份附件/ITU
6G太赫兹通信,频谱与传播,太赫兹通信,中游空口,5,core,无需上下文；领域锚点本身只给低分,两份附件/ITU
6G太赫兹系统,频谱与传播,太赫兹通信,中游空口,5,core,无需上下文；领域锚点本身只给低分,两份附件/ITU
6G THz通信,频谱与传播,太赫兹通信,中游空口,5,core,无需上下文；领域锚点本身只给低分,两份附件/ITU
IMT-2030太赫兹,频谱与传播,太赫兹通信,中游空口,5,core,无需上下文；领域锚点本身只给低分,两份附件/ITU
6G亚太赫兹通信,频谱与传播,太赫兹通信,中游空口,5,core,无需上下文；领域锚点本身只给低分,两份附件/ITU
6G次太赫兹通信,频谱与传播,太赫兹通信,中游空口,5,core,无需上下文；领域锚点本身只给低分,两份附件/ITU
太赫兹通信,频谱与传播,太赫兹通用词,中游空口,4,contextual,需6G/IMT-2030上下文，或至少三个独立6G候选技术簇同时成立,两份附件/ITU/科研论文
太赫兹无线传输,频谱与传播,太赫兹通用词,中游空口,4,contextual,需6G/IMT-2030上下文，或至少三个独立6G候选技术簇同时成立,两份附件/ITU/科研论文
THz通信,频谱与传播,太赫兹通用词,中游空口,4,contextual,需6G/IMT-2030上下文，或至少三个独立6G候选技术簇同时成立,两份附件/ITU/科研论文
亚太赫兹通信,频谱与传播,太赫兹通用词,中游空口,4,contextual,需6G/IMT-2030上下文，或至少三个独立6G候选技术簇同时成立,两份附件/ITU/科研论文
次太赫兹通信,频谱与传播,太赫兹通用词,中游空口,4,contextual,需6G/IMT-2030上下文，或至少三个独立6G候选技术簇同时成立,两份附件/ITU/科研论文
Sub-THz通信,频谱与传播,太赫兹通用词,中游空口,4,contextual,需6G/IMT-2030上下文，或至少三个独立6G候选技术簇同时成立,两份附件/ITU/科研论文
毫米波太赫兹融合,频谱与传播,太赫兹通用词,中游空口,4,contextual,需6G/IMT-2030上下文，或至少三个独立6G候选技术簇同时成立,两份附件/ITU/科研论文
0.1至10THz,频谱与传播,太赫兹通用词,中游空口,4,contextual,需6G/IMT-2030上下文，或至少三个独立6G候选技术簇同时成立,两份附件/ITU/科研论文
100GHz以上通信,频谱与传播,太赫兹通用词,中游空口,4,contextual,需6G/IMT-2030上下文，或至少三个独立6G候选技术簇同时成立,两份附件/ITU/科研论文
D波段通信,频谱与传播,太赫兹通用词,中游空口,4,contextual,需6G/IMT-2030上下文，或至少三个独立6G候选技术簇同时成立,两份附件/ITU/科研论文
G波段通信,频谱与传播,太赫兹通用词,中游空口,4,contextual,需6G/IMT-2030上下文，或至少三个独立6G候选技术簇同时成立,两份附件/ITU/科研论文
6G中高频融合,频谱与传播,中高频融合,中游空口,4,contextual,需6G/IMT-2030上下文，或至少三个独立6G候选技术簇同时成立,两份附件/IMT-2030推进组
6G多频段融合,频谱与传播,中高频融合,中游空口,4,contextual,需6G/IMT-2030上下文，或至少三个独立6G候选技术簇同时成立,两份附件/IMT-2030推进组
6G全频谱融合,频谱与传播,中高频融合,中游空口,4,contextual,需6G/IMT-2030上下文，或至少三个独立6G候选技术簇同时成立,两份附件/IMT-2030推进组
低中高全频谱,频谱与传播,中高频融合,中游空口,4,contextual,需6G/IMT-2030上下文，或至少三个独立6G候选技术簇同时成立,两份附件/IMT-2030推进组
厘米波毫米波太赫兹融合,频谱与传播,中高频融合,中游空口,4,contextual,需6G/IMT-2030上下文，或至少三个独立6G候选技术簇同时成立,两份附件/IMT-2030推进组
Sub-6GHz与太赫兹协同,频谱与传播,中高频融合,中游空口,4,contextual,需6G/IMT-2030上下文，或至少三个独立6G候选技术簇同时成立,两份附件/IMT-2030推进组
中频段与高频段协同,频谱与传播,中高频融合,中游空口,4,contextual,需6G/IMT-2030上下文，或至少三个独立6G候选技术簇同时成立,两份附件/IMT-2030推进组
多频段协同传输,频谱与传播,中高频融合,中游空口,4,contextual,需6G/IMT-2030上下文，或至少三个独立6G候选技术簇同时成立,两份附件/IMT-2030推进组
频谱动态聚合,频谱与传播,中高频融合,中游空口,4,contextual,需6G/IMT-2030上下文，或至少三个独立6G候选技术簇同时成立,两份附件/IMT-2030推进组
跨频段联合传输,频谱与传播,中高频融合,中游空口,4,contextual,需6G/IMT-2030上下文，或至少三个独立6G候选技术簇同时成立,两份附件/IMT-2030推进组
6G可见光通信,频谱与传播,可见光与光无线,中游空口,4,contextual,需6G/IMT-2030上下文，或至少三个独立6G候选技术簇同时成立,工信部推进组报告/科研论文
6G光无线通信,频谱与传播,可见光与光无线,中游空口,4,contextual,需6G/IMT-2030上下文，或至少三个独立6G候选技术簇同时成立,工信部推进组报告/科研论文
可见光通信,频谱与传播,可见光与光无线,中游空口,4,contextual,需6G/IMT-2030上下文，或至少三个独立6G候选技术簇同时成立,工信部推进组报告/科研论文
VLC通信,频谱与传播,可见光与光无线,中游空口,4,contextual,需6G/IMT-2030上下文，或至少三个独立6G候选技术簇同时成立,工信部推进组报告/科研论文
LiFi,频谱与传播,可见光与光无线,中游空口,4,contextual,需6G/IMT-2030上下文，或至少三个独立6G候选技术簇同时成立,工信部推进组报告/科研论文
光无线通信,频谱与传播,可见光与光无线,中游空口,4,contextual,需6G/IMT-2030上下文，或至少三个独立6G候选技术簇同时成立,工信部推进组报告/科研论文
自由空间光通信,频谱与传播,可见光与光无线,中游空口,4,contextual,需6G/IMT-2030上下文，或至少三个独立6G候选技术簇同时成立,工信部推进组报告/科研论文
FSO通信,频谱与传播,可见光与光无线,中游空口,4,contextual,需6G/IMT-2030上下文，或至少三个独立6G候选技术簇同时成立,工信部推进组报告/科研论文
红外无线通信,频谱与传播,可见光与光无线,中游空口,4,contextual,需6G/IMT-2030上下文，或至少三个独立6G候选技术簇同时成立,工信部推进组报告/科研论文
紫外无线通信,频谱与传播,可见光与光无线,中游空口,4,contextual,需6G/IMT-2030上下文，或至少三个独立6G候选技术簇同时成立,工信部推进组报告/科研论文
水下可见光通信,频谱与传播,可见光与光无线,中游空口,4,contextual,需6G/IMT-2030上下文，或至少三个独立6G候选技术簇同时成立,工信部推进组报告/科研论文
光射频融合通信,频谱与传播,可见光与光无线,中游空口,4,contextual,需6G/IMT-2030上下文，或至少三个独立6G候选技术簇同时成立,工信部推进组报告/科研论文
6G信道模型,频谱与传播,信道测量与建模,中游算法,4,contextual,需6G/IMT-2030上下文，或至少三个独立6G候选技术簇同时成立,两份附件/ITU
6G信道测量,频谱与传播,信道测量与建模,中游算法,4,contextual,需6G/IMT-2030上下文，或至少三个独立6G候选技术簇同时成立,两份附件/ITU
太赫兹信道测量,频谱与传播,信道测量与建模,中游算法,4,contextual,需6G/IMT-2030上下文，或至少三个独立6G候选技术簇同时成立,两份附件/ITU
太赫兹信道建模,频谱与传播,信道测量与建模,中游算法,4,contextual,需6G/IMT-2030上下文，或至少三个独立6G候选技术簇同时成立,两份附件/ITU
高频信道探测,频谱与传播,信道测量与建模,中游算法,4,contextual,需6G/IMT-2030上下文，或至少三个独立6G候选技术簇同时成立,两份附件/ITU
空天地信道模型,频谱与传播,信道测量与建模,中游算法,4,contextual,需6G/IMT-2030上下文，或至少三个独立6G候选技术簇同时成立,两份附件/ITU
星地信道模型,频谱与传播,信道测量与建模,中游算法,4,contextual,需6G/IMT-2030上下文，或至少三个独立6G候选技术簇同时成立,两份附件/ITU
近场信道建模,频谱与传播,信道测量与建模,中游算法,4,contextual,需6G/IMT-2030上下文，或至少三个独立6G候选技术簇同时成立,两份附件/ITU
非平稳信道建模,频谱与传播,信道测量与建模,中游算法,4,contextual,需6G/IMT-2030上下文，或至少三个独立6G候选技术簇同时成立,两份附件/ITU
稀疏多径信道,频谱与传播,信道测量与建模,中游算法,4,contextual,需6G/IMT-2030上下文，或至少三个独立6G候选技术簇同时成立,两份附件/ITU
分子吸收损耗,频谱与传播,信道测量与建模,中游算法,4,contextual,需6G/IMT-2030上下文，或至少三个独立6G候选技术簇同时成立,两份附件/ITU
雨衰建模,频谱与传播,信道测量与建模,中游算法,4,contextual,需6G/IMT-2030上下文，或至少三个独立6G候选技术簇同时成立,两份附件/ITU
遮挡传播模型,频谱与传播,信道测量与建模,中游算法,4,contextual,需6G/IMT-2030上下文，或至少三个独立6G候选技术簇同时成立,两份附件/ITU
三维空间信道模型,频谱与传播,信道测量与建模,中游算法,4,contextual,需6G/IMT-2030上下文，或至少三个独立6G候选技术簇同时成立,两份附件/ITU
近场通信感知,频谱与传播,近场与新传播特性,中游空口,4,contextual,需6G/IMT-2030上下文，或至少三个独立6G候选技术簇同时成立,科研机构/公开论文
电磁近场传输,频谱与传播,近场与新传播特性,中游空口,4,contextual,需6G/IMT-2030上下文，或至少三个独立6G候选技术簇同时成立,科研机构/公开论文
球面波信道,频谱与传播,近场与新传播特性,中游空口,4,contextual,需6G/IMT-2030上下文，或至少三个独立6G候选技术簇同时成立,科研机构/公开论文
近场波束聚焦,频谱与传播,近场与新传播特性,中游空口,4,contextual,需6G/IMT-2030上下文，或至少三个独立6G候选技术簇同时成立,科研机构/公开论文
近场波束赋形,频谱与传播,近场与新传播特性,中游空口,4,contextual,需6G/IMT-2030上下文，或至少三个独立6G候选技术簇同时成立,科研机构/公开论文
空间非平稳性,频谱与传播,近场与新传播特性,中游空口,4,contextual,需6G/IMT-2030上下文，或至少三个独立6G候选技术簇同时成立,科研机构/公开论文
波束偏斜,频谱与传播,近场与新传播特性,中游空口,4,contextual,需6G/IMT-2030上下文，或至少三个独立6G候选技术簇同时成立,科研机构/公开论文
波束分裂效应,频谱与传播,近场与新传播特性,中游空口,4,contextual,需6G/IMT-2030上下文，或至少三个独立6G候选技术簇同时成立,科研机构/公开论文
远近场联合传输,频谱与传播,近场与新传播特性,中游空口,4,contextual,需6G/IMT-2030上下文，或至少三个独立6G候选技术簇同时成立,科研机构/公开论文
瑞利距离扩展,频谱与传播,近场与新传播特性,中游空口,4,contextual,需6G/IMT-2030上下文，或至少三个独立6G候选技术簇同时成立,科研机构/公开论文
超大孔径近场,频谱与传播,近场与新传播特性,中游空口,4,contextual,需6G/IMT-2030上下文，或至少三个独立6G候选技术簇同时成立,科研机构/公开论文
6G统一编译码架构,增强型无线空口,统一调制编码,中游空口,4,contextual,需6G/IMT-2030上下文，或至少三个独立6G候选技术簇同时成立,工信部推进组报告
6G调制编码,增强型无线空口,统一调制编码,中游空口,4,contextual,需6G/IMT-2030上下文，或至少三个独立6G候选技术簇同时成立,工信部推进组报告
统一信道编码,增强型无线空口,统一调制编码,中游空口,4,contextual,需6G/IMT-2030上下文，或至少三个独立6G候选技术簇同时成立,工信部推进组报告
统一编译码,增强型无线空口,统一调制编码,中游空口,4,contextual,需6G/IMT-2030上下文，或至少三个独立6G候选技术簇同时成立,工信部推进组报告
自适应调制编码6G,增强型无线空口,统一调制编码,中游空口,4,contextual,需6G/IMT-2030上下文，或至少三个独立6G候选技术簇同时成立,工信部推进组报告
多场景编码,增强型无线空口,统一调制编码,中游空口,4,contextual,需6G/IMT-2030上下文，或至少三个独立6G候选技术簇同时成立,工信部推进组报告
短码长高可靠编码,增强型无线空口,统一调制编码,中游空口,4,contextual,需6G/IMT-2030上下文，或至少三个独立6G候选技术簇同时成立,工信部推进组报告
高吞吐量译码,增强型无线空口,统一调制编码,中游空口,4,contextual,需6G/IMT-2030上下文，或至少三个独立6G候选技术簇同时成立,工信部推进组报告
低复杂度译码,增强型无线空口,统一调制编码,中游空口,4,contextual,需6G/IMT-2030上下文，或至少三个独立6G候选技术簇同时成立,工信部推进组报告
6G极化码,增强型无线空口,信道编码,中游空口,4,contextual,需6G/IMT-2030上下文，或至少三个独立6G候选技术簇同时成立,工信部推进组报告/科研论文
Polar码6G,增强型无线空口,信道编码,中游空口,4,contextual,需6G/IMT-2030上下文，或至少三个独立6G候选技术簇同时成立,工信部推进组报告/科研论文
准循环LDPC,增强型无线空口,信道编码,中游空口,4,contextual,需6G/IMT-2030上下文，或至少三个独立6G候选技术簇同时成立,工信部推进组报告/科研论文
QC-LDPC,增强型无线空口,信道编码,中游空口,4,contextual,需6G/IMT-2030上下文，或至少三个独立6G候选技术簇同时成立,工信部推进组报告/科研论文
6G LDPC,增强型无线空口,信道编码,中游空口,4,contextual,需6G/IMT-2030上下文，或至少三个独立6G候选技术簇同时成立,工信部推进组报告/科研论文
喷泉码无线,增强型无线空口,信道编码,中游空口,4,contextual,需6G/IMT-2030上下文，或至少三个独立6G候选技术簇同时成立,工信部推进组报告/科研论文
稀疏图码,增强型无线空口,信道编码,中游空口,4,contextual,需6G/IMT-2030上下文，或至少三个独立6G候选技术簇同时成立,工信部推进组报告/科研论文
神经信道编码,增强型无线空口,信道编码,中游空口,4,contextual,需6G/IMT-2030上下文，或至少三个独立6G候选技术簇同时成立,工信部推进组报告/科研论文
语义信道编码,增强型无线空口,信道编码,中游空口,4,contextual,需6G/IMT-2030上下文，或至少三个独立6G候选技术簇同时成立,工信部推进组报告/科研论文
短包编码,增强型无线空口,信道编码,中游空口,4,contextual,需6G/IMT-2030上下文，或至少三个独立6G候选技术簇同时成立,工信部推进组报告/科研论文
无率码6G,增强型无线空口,信道编码,中游空口,4,contextual,需6G/IMT-2030上下文，或至少三个独立6G候选技术簇同时成立,工信部推进组报告/科研论文
6G新型波形,增强型无线空口,新波形,中游空口,4,contextual,需6G/IMT-2030上下文，或至少三个独立6G候选技术簇同时成立,工信部推进组报告/科研论文
变换域波形,增强型无线空口,新波形,中游空口,4,contextual,需6G/IMT-2030上下文，或至少三个独立6G候选技术簇同时成立,工信部推进组报告/科研论文
OTFS,增强型无线空口,新波形,中游空口,4,contextual,需6G/IMT-2030上下文，或至少三个独立6G候选技术簇同时成立,工信部推进组报告/科研论文
正交时频空间调制,增强型无线空口,新波形,中游空口,4,contextual,需6G/IMT-2030上下文，或至少三个独立6G候选技术簇同时成立,工信部推进组报告/科研论文
AFDM,增强型无线空口,新波形,中游空口,4,contextual,需6G/IMT-2030上下文，或至少三个独立6G候选技术簇同时成立,工信部推进组报告/科研论文
仿射频分复用,增强型无线空口,新波形,中游空口,4,contextual,需6G/IMT-2030上下文，或至少三个独立6G候选技术簇同时成立,工信部推进组报告/科研论文
FTN传输,增强型无线空口,新波形,中游空口,4,contextual,需6G/IMT-2030上下文，或至少三个独立6G候选技术簇同时成立,工信部推进组报告/科研论文
超奈奎斯特传输,增强型无线空口,新波形,中游空口,4,contextual,需6G/IMT-2030上下文，或至少三个独立6G候选技术簇同时成立,工信部推进组报告/科研论文
SEFDM,增强型无线空口,新波形,中游空口,4,contextual,需6G/IMT-2030上下文，或至少三个独立6G候选技术簇同时成立,工信部推进组报告/科研论文
SEFFM,增强型无线空口,新波形,中游空口,4,contextual,需6G/IMT-2030上下文，或至少三个独立6G候选技术簇同时成立,工信部推进组报告/科研论文
OVXDM,增强型无线空口,新波形,中游空口,4,contextual,需6G/IMT-2030上下文，或至少三个独立6G候选技术簇同时成立,工信部推进组报告/科研论文
滤波器组多载波,增强型无线空口,新波形,中游空口,4,contextual,需6G/IMT-2030上下文，或至少三个独立6G候选技术簇同时成立,工信部推进组报告/科研论文
FBMC,增强型无线空口,新波形,中游空口,4,contextual,需6G/IMT-2030上下文，或至少三个独立6G候选技术簇同时成立,工信部推进组报告/科研论文
通感一体波形,增强型无线空口,新波形,中游空口,4,contextual,需6G/IMT-2030上下文，或至少三个独立6G候选技术簇同时成立,工信部推进组报告/科研论文
6G新型多址,增强型无线空口,新型多址,中游空口,4,contextual,需6G/IMT-2030上下文，或至少三个独立6G候选技术簇同时成立,工信部推进组报告/科研论文
非正交多址,增强型无线空口,新型多址,中游空口,4,contextual,需6G/IMT-2030上下文，或至少三个独立6G候选技术簇同时成立,工信部推进组报告/科研论文
NOMA,增强型无线空口,新型多址,中游空口,4,contextual,需6G/IMT-2030上下文，或至少三个独立6G候选技术簇同时成立,工信部推进组报告/科研论文
速率分拆多址,增强型无线空口,新型多址,中游空口,4,contextual,需6G/IMT-2030上下文，或至少三个独立6G候选技术簇同时成立,工信部推进组报告/科研论文
RSMA,增强型无线空口,新型多址,中游空口,4,contextual,需6G/IMT-2030上下文，或至少三个独立6G候选技术簇同时成立,工信部推进组报告/科研论文
稀疏码多址,增强型无线空口,新型多址,中游空口,4,contextual,需6G/IMT-2030上下文，或至少三个独立6G候选技术簇同时成立,工信部推进组报告/科研论文
SCMA,增强型无线空口,新型多址,中游空口,4,contextual,需6G/IMT-2030上下文，或至少三个独立6G候选技术簇同时成立,工信部推进组报告/科研论文
图样分割多址,增强型无线空口,新型多址,中游空口,4,contextual,需6G/IMT-2030上下文，或至少三个独立6G候选技术簇同时成立,工信部推进组报告/科研论文
PDMA,增强型无线空口,新型多址,中游空口,4,contextual,需6G/IMT-2030上下文，或至少三个独立6G候选技术簇同时成立,工信部推进组报告/科研论文
多用户共享接入,增强型无线空口,新型多址,中游空口,4,contextual,需6G/IMT-2030上下文，或至少三个独立6G候选技术簇同时成立,工信部推进组报告/科研论文
MUSA,增强型无线空口,新型多址,中游空口,4,contextual,需6G/IMT-2030上下文，或至少三个独立6G候选技术簇同时成立,工信部推进组报告/科研论文
免授权接入,增强型无线空口,新型多址,中游空口,4,contextual,需6G/IMT-2030上下文，或至少三个独立6G候选技术簇同时成立,工信部推进组报告/科研论文
Grant-free接入,增强型无线空口,新型多址,中游空口,4,contextual,需6G/IMT-2030上下文，或至少三个独立6G候选技术簇同时成立,工信部推进组报告/科研论文
无蜂窝随机接入,增强型无线空口,新型多址,中游空口,4,contextual,需6G/IMT-2030上下文，或至少三个独立6G候选技术簇同时成立,工信部推进组报告/科研论文
AI多址接入,增强型无线空口,新型多址,中游空口,4,contextual,需6G/IMT-2030上下文，或至少三个独立6G候选技术簇同时成立,工信部推进组报告/科研论文
6G超大规模MIMO,增强型无线空口,超大规模MIMO,上游设备与中游空口,4,contextual,需6G/IMT-2030上下文，或至少三个独立6G候选技术簇同时成立,工信部推进组报告/ITU
超大规模MIMO,增强型无线空口,超大规模MIMO,上游设备与中游空口,4,contextual,需6G/IMT-2030上下文，或至少三个独立6G候选技术簇同时成立,工信部推进组报告/ITU
XL-MIMO,增强型无线空口,超大规模MIMO,上游设备与中游空口,4,contextual,需6G/IMT-2030上下文，或至少三个独立6G候选技术簇同时成立,工信部推进组报告/ITU
极大规模MIMO,增强型无线空口,超大规模MIMO,上游设备与中游空口,4,contextual,需6G/IMT-2030上下文，或至少三个独立6G候选技术簇同时成立,工信部推进组报告/ITU
超大规模天线阵列,增强型无线空口,超大规模MIMO,上游设备与中游空口,4,contextual,需6G/IMT-2030上下文，或至少三个独立6G候选技术簇同时成立,工信部推进组报告/ITU
超大规模口径阵列,增强型无线空口,超大规模MIMO,上游设备与中游空口,4,contextual,需6G/IMT-2030上下文，或至少三个独立6G候选技术簇同时成立,工信部推进组报告/ITU
ELAA,增强型无线空口,超大规模MIMO,上游设备与中游空口,4,contextual,需6G/IMT-2030上下文，或至少三个独立6G候选技术簇同时成立,工信部推进组报告/ITU
连续孔径阵列,增强型无线空口,超大规模MIMO,上游设备与中游空口,4,contextual,需6G/IMT-2030上下文，或至少三个独立6G候选技术簇同时成立,工信部推进组报告/ITU
超密集天线阵列,增强型无线空口,超大规模MIMO,上游设备与中游空口,4,contextual,需6G/IMT-2030上下文，或至少三个独立6G候选技术簇同时成立,工信部推进组报告/ITU
分布式超大规模MIMO,增强型无线空口,超大规模MIMO,上游设备与中游空口,4,contextual,需6G/IMT-2030上下文，或至少三个独立6G候选技术簇同时成立,工信部推进组报告/ITU
超大孔径阵列,增强型无线空口,超大规模MIMO,上游设备与中游空口,4,contextual,需6G/IMT-2030上下文，或至少三个独立6G候选技术簇同时成立,工信部推进组报告/ITU
近场MIMO,增强型无线空口,超大规模MIMO,上游设备与中游空口,4,contextual,需6G/IMT-2030上下文，或至少三个独立6G候选技术簇同时成立,工信部推进组报告/ITU
6G无蜂窝网络,增强型无线空口,无蜂窝与分布式MIMO,中游接入网,4,contextual,需6G/IMT-2030上下文，或至少三个独立6G候选技术簇同时成立,工信部推进组报告/科研论文
无蜂窝大规模MIMO,增强型无线空口,无蜂窝与分布式MIMO,中游接入网,4,contextual,需6G/IMT-2030上下文，或至少三个独立6G候选技术簇同时成立,工信部推进组报告/科研论文
Cell-free Massive MIMO,增强型无线空口,无蜂窝与分布式MIMO,中游接入网,4,contextual,需6G/IMT-2030上下文，或至少三个独立6G候选技术簇同时成立,工信部推进组报告/科研论文
用户中心无蜂窝网络,增强型无线空口,无蜂窝与分布式MIMO,中游接入网,4,contextual,需6G/IMT-2030上下文，或至少三个独立6G候选技术簇同时成立,工信部推进组报告/科研论文
分布式MIMO,增强型无线空口,无蜂窝与分布式MIMO,中游接入网,4,contextual,需6G/IMT-2030上下文，或至少三个独立6G候选技术簇同时成立,工信部推进组报告/科研论文
协作多点传输,增强型无线空口,无蜂窝与分布式MIMO,中游接入网,4,contextual,需6G/IMT-2030上下文，或至少三个独立6G候选技术簇同时成立,工信部推进组报告/科研论文
分布式接入点,增强型无线空口,无蜂窝与分布式MIMO,中游接入网,4,contextual,需6G/IMT-2030上下文，或至少三个独立6G候选技术簇同时成立,工信部推进组报告/科研论文
用户中心虚拟小区,增强型无线空口,无蜂窝与分布式MIMO,中游接入网,4,contextual,需6G/IMT-2030上下文，或至少三个独立6G候选技术簇同时成立,工信部推进组报告/科研论文
去小区化接入,增强型无线空口,无蜂窝与分布式MIMO,中游接入网,4,contextual,需6G/IMT-2030上下文，或至少三个独立6G候选技术簇同时成立,工信部推进组报告/科研论文
无定形网络,增强型无线空口,无蜂窝与分布式MIMO,中游接入网,4,contextual,需6G/IMT-2030上下文，或至少三个独立6G候选技术簇同时成立,工信部推进组报告/科研论文
6G波束管理,增强型无线空口,波束管理,中游空口,4,contextual,需6G/IMT-2030上下文，或至少三个独立6G候选技术簇同时成立,两份附件/科研论文
太赫兹波束赋形,增强型无线空口,波束管理,中游空口,4,contextual,需6G/IMT-2030上下文，或至少三个独立6G候选技术簇同时成立,两份附件/科研论文
太赫兹波束跟踪,增强型无线空口,波束管理,中游空口,4,contextual,需6G/IMT-2030上下文，或至少三个独立6G候选技术簇同时成立,两份附件/科研论文
高频波束对准,增强型无线空口,波束管理,中游空口,4,contextual,需6G/IMT-2030上下文，或至少三个独立6G候选技术簇同时成立,两份附件/科研论文
多波束协同,增强型无线空口,波束管理,中游空口,4,contextual,需6G/IMT-2030上下文，或至少三个独立6G候选技术簇同时成立,两份附件/科研论文
智能波束扫描,增强型无线空口,波束管理,中游空口,4,contextual,需6G/IMT-2030上下文，或至少三个独立6G候选技术簇同时成立,两份附件/科研论文
近场波束训练,增强型无线空口,波束管理,中游空口,4,contextual,需6G/IMT-2030上下文，或至少三个独立6G候选技术簇同时成立,两份附件/科研论文
波束预测,增强型无线空口,波束管理,中游空口,4,contextual,需6G/IMT-2030上下文，或至少三个独立6G候选技术簇同时成立,两份附件/科研论文
波束失败恢复,增强型无线空口,波束管理,中游空口,4,contextual,需6G/IMT-2030上下文，或至少三个独立6G候选技术簇同时成立,两份附件/科研论文
混合波束赋形,增强型无线空口,波束管理,中游空口,4,contextual,需6G/IMT-2030上下文，或至少三个独立6G候选技术簇同时成立,两份附件/科研论文
全息波束赋形,增强型无线空口,波束管理,中游空口,4,contextual,需6G/IMT-2030上下文，或至少三个独立6G候选技术簇同时成立,两份附件/科研论文
6G带内全双工,增强型无线空口,带内全双工,中游空口,4,contextual,需6G/IMT-2030上下文，或至少三个独立6G候选技术簇同时成立,工信部推进组报告
带内全双工,增强型无线空口,带内全双工,中游空口,4,contextual,需6G/IMT-2030上下文，或至少三个独立6G候选技术簇同时成立,工信部推进组报告
In-band Full Duplex,增强型无线空口,带内全双工,中游空口,4,contextual,需6G/IMT-2030上下文，或至少三个独立6G候选技术簇同时成立,工信部推进组报告
IBFD,增强型无线空口,带内全双工,中游空口,4,contextual,需6G/IMT-2030上下文，或至少三个独立6G候选技术簇同时成立,工信部推进组报告
同频同时收发,增强型无线空口,带内全双工,中游空口,4,contextual,需6G/IMT-2030上下文，或至少三个独立6G候选技术簇同时成立,工信部推进组报告
全双工基站,增强型无线空口,带内全双工,中游空口,4,contextual,需6G/IMT-2030上下文，或至少三个独立6G候选技术簇同时成立,工信部推进组报告
全双工中继,增强型无线空口,带内全双工,中游空口,4,contextual,需6G/IMT-2030上下文，或至少三个独立6G候选技术簇同时成立,工信部推进组报告
射频自干扰抵消,增强型无线空口,带内全双工,中游空口,4,contextual,需6G/IMT-2030上下文，或至少三个独立6G候选技术簇同时成立,工信部推进组报告
数字域自干扰消除,增强型无线空口,带内全双工,中游空口,4,contextual,需6G/IMT-2030上下文，或至少三个独立6G候选技术簇同时成立,工信部推进组报告
模拟域自干扰抑制,增强型无线空口,带内全双工,中游空口,4,contextual,需6G/IMT-2030上下文，或至少三个独立6G候选技术簇同时成立,工信部推进组报告
大规模天线全双工,增强型无线空口,带内全双工,中游空口,4,contextual,需6G/IMT-2030上下文，或至少三个独立6G候选技术簇同时成立,工信部推进组报告
协作传输6G,增强型无线空口,智能反射与协作传输,中游空口,3,contextual,需6G/IMT-2030上下文，或至少三个独立6G候选技术簇同时成立,科研机构/公开论文
网络协作波束赋形,增强型无线空口,智能反射与协作传输,中游空口,3,contextual,需6G/IMT-2030上下文，或至少三个独立6G候选技术簇同时成立,科研机构/公开论文
分布式协作传输,增强型无线空口,智能反射与协作传输,中游空口,3,contextual,需6G/IMT-2030上下文，或至少三个独立6G候选技术簇同时成立,科研机构/公开论文
联合发送接收,增强型无线空口,智能反射与协作传输,中游空口,3,contextual,需6G/IMT-2030上下文，或至少三个独立6G候选技术簇同时成立,科研机构/公开论文
联合传输接收点,增强型无线空口,智能反射与协作传输,中游空口,3,contextual,需6G/IMT-2030上下文，或至少三个独立6G候选技术簇同时成立,科研机构/公开论文
多连接协同,增强型无线空口,智能反射与协作传输,中游空口,3,contextual,需6G/IMT-2030上下文，或至少三个独立6G候选技术簇同时成立,科研机构/公开论文
多点联合调度,增强型无线空口,智能反射与协作传输,中游空口,3,contextual,需6G/IMT-2030上下文，或至少三个独立6G候选技术簇同时成立,科研机构/公开论文
端到端链路协同,增强型无线空口,智能反射与协作传输,中游空口,3,contextual,需6G/IMT-2030上下文，或至少三个独立6G候选技术簇同时成立,科研机构/公开论文
波束赋形,增强型无线空口,通用空口技术词,中游空口,4,contextual,需6G/IMT-2030上下文，或至少三个独立6G候选技术簇同时成立,两份附件/上下文补充
波束跟踪,增强型无线空口,通用空口技术词,中游空口,4,contextual,需6G/IMT-2030上下文，或至少三个独立6G候选技术簇同时成立,两份附件/上下文补充
波束对准,增强型无线空口,通用空口技术词,中游空口,4,contextual,需6G/IMT-2030上下文，或至少三个独立6G候选技术簇同时成立,两份附件/上下文补充
波束扫描,增强型无线空口,通用空口技术词,中游空口,4,contextual,需6G/IMT-2030上下文，或至少三个独立6G候选技术簇同时成立,两份附件/上下文补充
大规模MIMO,增强型无线空口,通用空口技术词,中游空口,4,contextual,需6G/IMT-2030上下文，或至少三个独立6G候选技术簇同时成立,两份附件/上下文补充
MIMO,增强型无线空口,通用空口技术词,中游空口,4,contextual,需6G/IMT-2030上下文，或至少三个独立6G候选技术簇同时成立,两份附件/上下文补充
信道估计,增强型无线空口,通用空口技术词,中游空口,4,contextual,需6G/IMT-2030上下文，或至少三个独立6G候选技术簇同时成立,两份附件/上下文补充
干扰抑制,增强型无线空口,通用空口技术词,中游空口,4,contextual,需6G/IMT-2030上下文，或至少三个独立6G候选技术簇同时成立,两份附件/上下文补充
功率控制,增强型无线空口,通用空口技术词,中游空口,4,contextual,需6G/IMT-2030上下文，或至少三个独立6G候选技术簇同时成立,两份附件/上下文补充
资源调度,增强型无线空口,通用空口技术词,中游空口,4,contextual,需6G/IMT-2030上下文，或至少三个独立6G候选技术簇同时成立,两份附件/上下文补充
链路自适应,增强型无线空口,通用空口技术词,中游空口,4,contextual,需6G/IMT-2030上下文，或至少三个独立6G候选技术簇同时成立,两份附件/上下文补充
混合预编码,增强型无线空口,通用空口技术词,中游空口,4,contextual,需6G/IMT-2030上下文，或至少三个独立6G候选技术簇同时成立,两份附件/上下文补充
多用户检测,增强型无线空口,通用空口技术词,中游空口,4,contextual,需6G/IMT-2030上下文，或至少三个独立6G候选技术簇同时成立,两份附件/上下文补充
6G智能超表面,新物理维度传输,智能超表面,上游器件与中游空口,5,core,无需上下文；领域锚点本身只给低分,两份附件/IMT-2030推进组
6G可重构智能表面,新物理维度传输,智能超表面,上游器件与中游空口,5,core,无需上下文；领域锚点本身只给低分,两份附件/IMT-2030推进组
6G RIS,新物理维度传输,智能超表面,上游器件与中游空口,5,core,无需上下文；领域锚点本身只给低分,两份附件/IMT-2030推进组
6G IRS,新物理维度传输,智能超表面,上游器件与中游空口,5,core,无需上下文；领域锚点本身只给低分,两份附件/IMT-2030推进组
IMT-2030 RIS,新物理维度传输,智能超表面,上游器件与中游空口,5,core,无需上下文；领域锚点本身只给低分,两份附件/IMT-2030推进组
智能超表面,新物理维度传输,智能超表面通用词,上游器件与中游空口,4,contextual,需6G/IMT-2030上下文，或至少三个独立6G候选技术簇同时成立,工信部推进组报告/科研机构
可重构智能表面,新物理维度传输,智能超表面通用词,上游器件与中游空口,4,contextual,需6G/IMT-2030上下文，或至少三个独立6G候选技术簇同时成立,工信部推进组报告/科研机构
可重构智能反射表面,新物理维度传输,智能超表面通用词,上游器件与中游空口,4,contextual,需6G/IMT-2030上下文，或至少三个独立6G候选技术簇同时成立,工信部推进组报告/科研机构
RIS,新物理维度传输,智能超表面通用词,上游器件与中游空口,4,contextual,需6G/IMT-2030上下文，或至少三个独立6G候选技术簇同时成立,工信部推进组报告/科研机构
IRS,新物理维度传输,智能超表面通用词,上游器件与中游空口,4,contextual,需6G/IMT-2030上下文，或至少三个独立6G候选技术簇同时成立,工信部推进组报告/科研机构
可编程超表面,新物理维度传输,智能超表面通用词,上游器件与中游空口,4,contextual,需6G/IMT-2030上下文，或至少三个独立6G候选技术簇同时成立,工信部推进组报告/科研机构
编码超表面,新物理维度传输,智能超表面通用词,上游器件与中游空口,4,contextual,需6G/IMT-2030上下文，或至少三个独立6G候选技术簇同时成立,工信部推进组报告/科研机构
数字编码超表面,新物理维度传输,智能超表面通用词,上游器件与中游空口,4,contextual,需6G/IMT-2030上下文，或至少三个独立6G候选技术簇同时成立,工信部推进组报告/科研机构
STAR-RIS,新物理维度传输,智能超表面通用词,上游器件与中游空口,4,contextual,需6G/IMT-2030上下文，或至少三个独立6G候选技术簇同时成立,工信部推进组报告/科研机构
透射反射智能表面,新物理维度传输,智能超表面通用词,上游器件与中游空口,4,contextual,需6G/IMT-2030上下文，或至少三个独立6G候选技术簇同时成立,工信部推进组报告/科研机构
有源智能超表面,新物理维度传输,智能超表面通用词,上游器件与中游空口,4,contextual,需6G/IMT-2030上下文，或至少三个独立6G候选技术簇同时成立,工信部推进组报告/科研机构
无源智能超表面,新物理维度传输,智能超表面通用词,上游器件与中游空口,4,contextual,需6G/IMT-2030上下文，或至少三个独立6G候选技术簇同时成立,工信部推进组报告/科研机构
全息超表面,新物理维度传输,智能超表面通用词,上游器件与中游空口,4,contextual,需6G/IMT-2030上下文，或至少三个独立6G候选技术簇同时成立,工信部推进组报告/科研机构
RIS相位优化,新物理维度传输,RIS控制与信道估计,中游算法,4,contextual,需6G/IMT-2030上下文，或至少三个独立6G候选技术簇同时成立,IMT-2030推进组/科研论文
RIS波束赋形,新物理维度传输,RIS控制与信道估计,中游算法,4,contextual,需6G/IMT-2030上下文，或至少三个独立6G候选技术簇同时成立,IMT-2030推进组/科研论文
RIS信道估计,新物理维度传输,RIS控制与信道估计,中游算法,4,contextual,需6G/IMT-2030上下文，或至少三个独立6G候选技术簇同时成立,IMT-2030推进组/科研论文
级联信道估计,新物理维度传输,RIS控制与信道估计,中游算法,4,contextual,需6G/IMT-2030上下文，或至少三个独立6G候选技术簇同时成立,IMT-2030推进组/科研论文
RIS单元控制,新物理维度传输,RIS控制与信道估计,中游算法,4,contextual,需6G/IMT-2030上下文，或至少三个独立6G候选技术簇同时成立,IMT-2030推进组/科研论文
RIS辅助定位,新物理维度传输,RIS控制与信道估计,中游算法,4,contextual,需6G/IMT-2030上下文，或至少三个独立6G候选技术簇同时成立,IMT-2030推进组/科研论文
RIS辅助感知,新物理维度传输,RIS控制与信道估计,中游算法,4,contextual,需6G/IMT-2030上下文，或至少三个独立6G候选技术簇同时成立,IMT-2030推进组/科研论文
RIS辅助太赫兹,新物理维度传输,RIS控制与信道估计,中游算法,4,contextual,需6G/IMT-2030上下文，或至少三个独立6G候选技术簇同时成立,IMT-2030推进组/科研论文
RIS辅助MIMO,新物理维度传输,RIS控制与信道估计,中游算法,4,contextual,需6G/IMT-2030上下文，或至少三个独立6G候选技术簇同时成立,IMT-2030推进组/科研论文
RIS反射系数优化,新物理维度传输,RIS控制与信道估计,中游算法,4,contextual,需6G/IMT-2030上下文，或至少三个独立6G候选技术簇同时成立,IMT-2030推进组/科研论文
RIS部署优化,新物理维度传输,RIS控制与信道估计,中游算法,4,contextual,需6G/IMT-2030上下文，或至少三个独立6G候选技术簇同时成立,IMT-2030推进组/科研论文
超表面电磁调控,新物理维度传输,RIS控制与信道估计,中游算法,4,contextual,需6G/IMT-2030上下文，或至少三个独立6G候选技术簇同时成立,IMT-2030推进组/科研论文
6G轨道角动量,新物理维度传输,轨道角动量,中游空口,4,contextual,需6G/IMT-2030上下文，或至少三个独立6G候选技术簇同时成立,工信部推进组报告/科研论文
轨道角动量通信,新物理维度传输,轨道角动量,中游空口,4,contextual,需6G/IMT-2030上下文，或至少三个独立6G候选技术簇同时成立,工信部推进组报告/科研论文
OAM通信,新物理维度传输,轨道角动量,中游空口,4,contextual,需6G/IMT-2030上下文，或至少三个独立6G候选技术簇同时成立,工信部推进组报告/科研论文
涡旋电磁波通信,新物理维度传输,轨道角动量,中游空口,4,contextual,需6G/IMT-2030上下文，或至少三个独立6G候选技术簇同时成立,工信部推进组报告/科研论文
OAM模态复用,新物理维度传输,轨道角动量,中游空口,4,contextual,需6G/IMT-2030上下文，或至少三个独立6G候选技术簇同时成立,工信部推进组报告/科研论文
OAM波束,新物理维度传输,轨道角动量,中游空口,4,contextual,需6G/IMT-2030上下文，或至少三个独立6G候选技术簇同时成立,工信部推进组报告/科研论文
涡旋波束,新物理维度传输,轨道角动量,中游空口,4,contextual,需6G/IMT-2030上下文，或至少三个独立6G候选技术簇同时成立,工信部推进组报告/科研论文
螺旋相位波束,新物理维度传输,轨道角动量,中游空口,4,contextual,需6G/IMT-2030上下文，或至少三个独立6G候选技术簇同时成立,工信部推进组报告/科研论文
OAM模态分选,新物理维度传输,轨道角动量,中游空口,4,contextual,需6G/IMT-2030上下文，或至少三个独立6G候选技术簇同时成立,工信部推进组报告/科研论文
OAM天线,新物理维度传输,轨道角动量,中游空口,4,contextual,需6G/IMT-2030上下文，或至少三个独立6G候选技术簇同时成立,工信部推进组报告/科研论文
OAM量子态,新物理维度传输,轨道角动量,中游空口,4,contextual,需6G/IMT-2030上下文，或至少三个独立6G候选技术簇同时成立,工信部推进组报告/科研论文
太赫兹OAM,新物理维度传输,轨道角动量,中游空口,4,contextual,需6G/IMT-2030上下文，或至少三个独立6G候选技术簇同时成立,工信部推进组报告/科研论文
6G智能全息无线电,新物理维度传输,智能全息无线电,上游设备与中游空口,4,contextual,需6G/IMT-2030上下文，或至少三个独立6G候选技术簇同时成立,工信部推进组报告/科研机构
智能全息无线电,新物理维度传输,智能全息无线电,上游设备与中游空口,4,contextual,需6G/IMT-2030上下文，或至少三个独立6G候选技术簇同时成立,工信部推进组报告/科研机构
IHR,新物理维度传输,智能全息无线电,上游设备与中游空口,4,contextual,需6G/IMT-2030上下文，或至少三个独立6G候选技术簇同时成立,工信部推进组报告/科研机构
全息无线电,新物理维度传输,智能全息无线电,上游设备与中游空口,4,contextual,需6G/IMT-2030上下文，或至少三个独立6G候选技术簇同时成立,工信部推进组报告/科研机构
射频全息,新物理维度传输,智能全息无线电,上游设备与中游空口,4,contextual,需6G/IMT-2030上下文，或至少三个独立6G候选技术簇同时成立,工信部推进组报告/科研机构
射频空间谱全息,新物理维度传输,智能全息无线电,上游设备与中游空口,4,contextual,需6G/IMT-2030上下文，或至少三个独立6G候选技术簇同时成立,工信部推进组报告/科研机构
全息空间波场合成,新物理维度传输,智能全息无线电,上游设备与中游空口,4,contextual,需6G/IMT-2030上下文，或至少三个独立6G候选技术簇同时成立,工信部推进组报告/科研机构
全息MIMO,新物理维度传输,智能全息无线电,上游设备与中游空口,4,contextual,需6G/IMT-2030上下文，或至少三个独立6G候选技术簇同时成立,工信部推进组报告/科研机构
Holographic MIMO,新物理维度传输,智能全息无线电,上游设备与中游空口,4,contextual,需6G/IMT-2030上下文，或至少三个独立6G候选技术簇同时成立,工信部推进组报告/科研机构
连续孔径全息天线,新物理维度传输,智能全息无线电,上游设备与中游空口,4,contextual,需6G/IMT-2030上下文，或至少三个独立6G候选技术簇同时成立,工信部推进组报告/科研机构
全息干涉通信,新物理维度传输,智能全息无线电,上游设备与中游空口,4,contextual,需6G/IMT-2030上下文，或至少三个独立6G候选技术簇同时成立,工信部推进组报告/科研机构
6G微波光子,新物理维度传输,微波光子融合,上游器件,4,contextual,需6G/IMT-2030上下文，或至少三个独立6G候选技术簇同时成立,工信部推进组报告/科研机构
微波光子天线阵列,新物理维度传输,微波光子融合,上游器件,4,contextual,需6G/IMT-2030上下文，或至少三个独立6G候选技术簇同时成立,工信部推进组报告/科研机构
相干光上变频,新物理维度传输,微波光子融合,上游器件,4,contextual,需6G/IMT-2030上下文，或至少三个独立6G候选技术簇同时成立,工信部推进组报告/科研机构
光生太赫兹,新物理维度传输,微波光子融合,上游器件,4,contextual,需6G/IMT-2030上下文，或至少三个独立6G候选技术簇同时成立,工信部推进组报告/科研机构
光电融合太赫兹,新物理维度传输,微波光子融合,上游器件,4,contextual,需6G/IMT-2030上下文，或至少三个独立6G候选技术簇同时成立,工信部推进组报告/科研机构
光子辅助毫米波,新物理维度传输,微波光子融合,上游器件,4,contextual,需6G/IMT-2030上下文，或至少三个独立6G候选技术簇同时成立,工信部推进组报告/科研机构
微波光子信号处理,新物理维度传输,微波光子融合,上游器件,4,contextual,需6G/IMT-2030上下文，或至少三个独立6G候选技术簇同时成立,工信部推进组报告/科研机构
射频光子集成,新物理维度传输,微波光子融合,上游器件,4,contextual,需6G/IMT-2030上下文，或至少三个独立6G候选技术簇同时成立,工信部推进组报告/科研机构
光域波束赋形,新物理维度传输,微波光子融合,上游器件,4,contextual,需6G/IMT-2030上下文，或至少三个独立6G候选技术簇同时成立,工信部推进组报告/科研机构
光域信号处理,新物理维度传输,微波光子融合,上游器件,4,contextual,需6G/IMT-2030上下文，或至少三个独立6G候选技术簇同时成立,工信部推进组报告/科研机构
通信感知一体化,通信感知一体化,通感系统与架构,中游空口,4,contextual,需6G/IMT-2030上下文，或至少三个独立6G候选技术簇同时成立,两份附件/ITU/3GPP
通感一体化,通信感知一体化,通感系统与架构,中游空口,4,contextual,需6G/IMT-2030上下文，或至少三个独立6G候选技术簇同时成立,两份附件/ITU/3GPP
通信感知融合,通信感知一体化,通感系统与架构,中游空口,4,contextual,需6G/IMT-2030上下文，或至少三个独立6G候选技术簇同时成立,两份附件/ITU/3GPP
通感融合,通信感知一体化,通感系统与架构,中游空口,4,contextual,需6G/IMT-2030上下文，或至少三个独立6G候选技术簇同时成立,两份附件/ITU/3GPP
ISAC,通信感知一体化,通感系统与架构,中游空口,4,contextual,需6G/IMT-2030上下文，或至少三个独立6G候选技术簇同时成立,两份附件/ITU/3GPP
JCAS,通信感知一体化,通感系统与架构,中游空口,4,contextual,需6G/IMT-2030上下文，或至少三个独立6G候选技术簇同时成立,两份附件/ITU/3GPP
雷达通信一体化,通信感知一体化,通感系统与架构,中游空口,4,contextual,需6G/IMT-2030上下文，或至少三个独立6G候选技术簇同时成立,两份附件/ITU/3GPP
通信雷达一体化,通信感知一体化,通感系统与架构,中游空口,4,contextual,需6G/IMT-2030上下文，或至少三个独立6G候选技术簇同时成立,两份附件/ITU/3GPP
通信定位感知一体化,通信感知一体化,通感系统与架构,中游空口,4,contextual,需6G/IMT-2030上下文，或至少三个独立6G候选技术簇同时成立,两份附件/ITU/3GPP
通感算一体化,通信感知一体化,通感系统与架构,中游空口,4,contextual,需6G/IMT-2030上下文，或至少三个独立6G候选技术簇同时成立,两份附件/ITU/3GPP
通感算智一体化,通信感知一体化,通感系统与架构,中游空口,4,contextual,需6G/IMT-2030上下文，或至少三个独立6G候选技术簇同时成立,两份附件/ITU/3GPP
通感一体化波形,通信感知一体化,通感波形与资源,中游空口,5,contextual,需6G/IMT-2030上下文，或至少三个独立6G候选技术簇同时成立,工信部推进组报告/IMT-2030推进组
通信感知联合波形,通信感知一体化,通感波形与资源,中游空口,5,contextual,需6G/IMT-2030上下文，或至少三个独立6G候选技术簇同时成立,工信部推进组报告/IMT-2030推进组
通感波束赋形,通信感知一体化,通感波形与资源,中游空口,5,contextual,需6G/IMT-2030上下文，或至少三个独立6G候选技术簇同时成立,工信部推进组报告/IMT-2030推进组
通感资源分配,通信感知一体化,通感波形与资源,中游空口,5,contextual,需6G/IMT-2030上下文，或至少三个独立6G候选技术簇同时成立,工信部推进组报告/IMT-2030推进组
通感频谱共享,通信感知一体化,通感波形与资源,中游空口,5,contextual,需6G/IMT-2030上下文，或至少三个独立6G候选技术簇同时成立,工信部推进组报告/IMT-2030推进组
通信雷达共存,通信感知一体化,通感波形与资源,中游空口,5,contextual,需6G/IMT-2030上下文，或至少三个独立6G候选技术簇同时成立,工信部推进组报告/IMT-2030推进组
通感联合预编码,通信感知一体化,通感波形与资源,中游空口,5,contextual,需6G/IMT-2030上下文，或至少三个独立6G候选技术簇同时成立,工信部推进组报告/IMT-2030推进组
通感功率分配,通信感知一体化,通感波形与资源,中游空口,5,contextual,需6G/IMT-2030上下文，或至少三个独立6G候选技术簇同时成立,工信部推进组报告/IMT-2030推进组
通感干扰管理,通信感知一体化,通感波形与资源,中游空口,5,contextual,需6G/IMT-2030上下文，或至少三个独立6G候选技术簇同时成立,工信部推进组报告/IMT-2030推进组
通感参考信号,通信感知一体化,通感波形与资源,中游空口,5,contextual,需6G/IMT-2030上下文，或至少三个独立6G候选技术簇同时成立,工信部推进组报告/IMT-2030推进组
通感帧结构,通信感知一体化,通感波形与资源,中游空口,5,contextual,需6G/IMT-2030上下文，或至少三个独立6G候选技术簇同时成立,工信部推进组报告/IMT-2030推进组
无线通信感知,通信感知一体化,无线感知,中游算法,4,contextual,需6G/IMT-2030上下文，或至少三个独立6G候选技术簇同时成立,两份附件/科研论文
无线环境感知,通信感知一体化,无线感知,中游算法,4,contextual,需6G/IMT-2030上下文，或至少三个独立6G候选技术簇同时成立,两份附件/科研论文
通信信号感知,通信感知一体化,无线感知,中游算法,4,contextual,需6G/IMT-2030上下文，或至少三个独立6G候选技术簇同时成立,两份附件/科研论文
基站感知,通信感知一体化,无线感知,中游算法,4,contextual,需6G/IMT-2030上下文，或至少三个独立6G候选技术簇同时成立,两份附件/科研论文
蜂窝网络感知,通信感知一体化,无线感知,中游算法,4,contextual,需6G/IMT-2030上下文，或至少三个独立6G候选技术簇同时成立,两份附件/科研论文
无源无线感知,通信感知一体化,无线感知,中游算法,4,contextual,需6G/IMT-2030上下文，或至少三个独立6G候选技术簇同时成立,两份附件/科研论文
人体动作无线感知,通信感知一体化,无线感知,中游算法,4,contextual,需6G/IMT-2030上下文，或至少三个独立6G候选技术簇同时成立,两份附件/科研论文
呼吸心跳无线感知,通信感知一体化,无线感知,中游算法,4,contextual,需6G/IMT-2030上下文，或至少三个独立6G候选技术簇同时成立,两份附件/科研论文
目标检测通信信号,通信感知一体化,无线感知,中游算法,4,contextual,需6G/IMT-2030上下文，或至少三个独立6G候选技术簇同时成立,两份附件/科研论文
无线成像,通信感知一体化,无线感知,中游算法,4,contextual,需6G/IMT-2030上下文，或至少三个独立6G候选技术簇同时成立,两份附件/科研论文
射频成像,通信感知一体化,无线感知,中游算法,4,contextual,需6G/IMT-2030上下文，或至少三个独立6G候选技术簇同时成立,两份附件/科研论文
微多普勒感知,通信感知一体化,无线感知,中游算法,4,contextual,需6G/IMT-2030上下文，或至少三个独立6G候选技术簇同时成立,两份附件/科研论文
6G高精度定位,通信感知一体化,高精度定位,中游算法,4,contextual,需6G/IMT-2030上下文，或至少三个独立6G候选技术簇同时成立,两份附件/ITU
通感一体定位,通信感知一体化,高精度定位,中游算法,4,contextual,需6G/IMT-2030上下文，或至少三个独立6G候选技术簇同时成立,两份附件/ITU
厘米级无线定位,通信感知一体化,高精度定位,中游算法,4,contextual,需6G/IMT-2030上下文，或至少三个独立6G候选技术簇同时成立,两份附件/ITU
毫米级无线定位,通信感知一体化,高精度定位,中游算法,4,contextual,需6G/IMT-2030上下文，或至少三个独立6G候选技术簇同时成立,两份附件/ITU
三维定位6G,通信感知一体化,高精度定位,中游算法,4,contextual,需6G/IMT-2030上下文，或至少三个独立6G候选技术簇同时成立,两份附件/ITU
高频段定位,通信感知一体化,高精度定位,中游算法,4,contextual,需6G/IMT-2030上下文，或至少三个独立6G候选技术簇同时成立,两份附件/ITU
太赫兹定位,通信感知一体化,高精度定位,中游算法,4,contextual,需6G/IMT-2030上下文，或至少三个独立6G候选技术簇同时成立,两份附件/ITU
RIS高精度定位,通信感知一体化,高精度定位,中游算法,4,contextual,需6G/IMT-2030上下文，或至少三个独立6G候选技术簇同时成立,两份附件/ITU
定位通信融合,通信感知一体化,高精度定位,中游算法,4,contextual,需6G/IMT-2030上下文，或至少三个独立6G候选技术簇同时成立,两份附件/ITU
定位感知融合,通信感知一体化,高精度定位,中游算法,4,contextual,需6G/IMT-2030上下文，或至少三个独立6G候选技术簇同时成立,两份附件/ITU
姿态感知定位,通信感知一体化,高精度定位,中游算法,4,contextual,需6G/IMT-2030上下文，或至少三个独立6G候选技术簇同时成立,两份附件/ITU
感知辅助通信,通信感知一体化,感知辅助通信,中游算法,4,contextual,需6G/IMT-2030上下文，或至少三个独立6G候选技术簇同时成立,工信部推进组报告/科研机构
环境感知辅助波束,通信感知一体化,感知辅助通信,中游算法,4,contextual,需6G/IMT-2030上下文，或至少三个独立6G候选技术簇同时成立,工信部推进组报告/科研机构
感知辅助接入,通信感知一体化,感知辅助通信,中游算法,4,contextual,需6G/IMT-2030上下文，或至少三个独立6G候选技术簇同时成立,工信部推进组报告/科研机构
感知辅助资源调度,通信感知一体化,感知辅助通信,中游算法,4,contextual,需6G/IMT-2030上下文，或至少三个独立6G候选技术簇同时成立,工信部推进组报告/科研机构
感知辅助信道估计,通信感知一体化,感知辅助通信,中游算法,4,contextual,需6G/IMT-2030上下文，或至少三个独立6G候选技术簇同时成立,工信部推进组报告/科研机构
感知信息反馈通信,通信感知一体化,感知辅助通信,中游算法,4,contextual,需6G/IMT-2030上下文，或至少三个独立6G候选技术簇同时成立,工信部推进组报告/科研机构
环境地图辅助通信,通信感知一体化,感知辅助通信,中游算法,4,contextual,需6G/IMT-2030上下文，或至少三个独立6G候选技术簇同时成立,工信部推进组报告/科研机构
无线环境地图,通信感知一体化,感知辅助通信,中游算法,4,contextual,需6G/IMT-2030上下文，或至少三个独立6G候选技术簇同时成立,工信部推进组报告/科研机构
信道知识地图,通信感知一体化,感知辅助通信,中游算法,4,contextual,需6G/IMT-2030上下文，或至少三个独立6G候选技术簇同时成立,工信部推进组报告/科研机构
CKM,通信感知一体化,感知辅助通信,中游算法,4,contextual,需6G/IMT-2030上下文，或至少三个独立6G候选技术簇同时成立,工信部推进组报告/科研机构
6G AI原生网络,AI原生与语义通信,AI原生网络,中游网络,5,core,无需上下文；领域锚点本身只给低分,两份附件/IMT-2030推进组/3GPP
6G内生智能网络,AI原生与语义通信,AI原生网络,中游网络,5,core,无需上下文；领域锚点本身只给低分,两份附件/IMT-2030推进组/3GPP
6G智慧内生网络,AI原生与语义通信,AI原生网络,中游网络,5,core,无需上下文；领域锚点本身只给低分,两份附件/IMT-2030推进组/3GPP
AI原生空口,AI原生与语义通信,AI原生网络,中游网络,5,core,无需上下文；领域锚点本身只给低分,两份附件/IMT-2030推进组/3GPP
内生智能空口,AI原生与语义通信,AI原生网络,中游网络,5,core,无需上下文；领域锚点本身只给低分,两份附件/IMT-2030推进组/3GPP
AI原生架构,AI原生与语义通信,AI原生网络,中游网络,5,core,无需上下文；领域锚点本身只给低分,两份附件/IMT-2030推进组/3GPP
网络内生智能,AI原生与语义通信,AI原生网络,中游网络,5,core,无需上下文；领域锚点本身只给低分,两份附件/IMT-2030推进组/3GPP
无线内生智能,AI原生与语义通信,AI原生网络,中游网络,5,core,无需上下文；领域锚点本身只给低分,两份附件/IMT-2030推进组/3GPP
AI-native 6G,AI原生与语义通信,AI原生网络,中游网络,5,core,无需上下文；领域锚点本身只给低分,两份附件/IMT-2030推进组/3GPP
原生智能无线网络,AI原生与语义通信,AI原生网络,中游网络,5,core,无需上下文；领域锚点本身只给低分,两份附件/IMT-2030推进组/3GPP
AI赋能空口,AI原生与语义通信,AI赋能空口,中游算法,4,contextual,需6G/IMT-2030上下文，或至少三个独立6G候选技术簇同时成立,两份附件/AI-RAN/科研论文
无线AI,AI原生与语义通信,AI赋能空口,中游算法,4,contextual,需6G/IMT-2030上下文，或至少三个独立6G候选技术簇同时成立,两份附件/AI-RAN/科研论文
AI-RAN,AI原生与语义通信,AI赋能空口,中游算法,4,contextual,需6G/IMT-2030上下文，或至少三个独立6G候选技术簇同时成立,两份附件/AI-RAN/科研论文
神经接收机,AI原生与语义通信,AI赋能空口,中游算法,4,contextual,需6G/IMT-2030上下文，或至少三个独立6G候选技术簇同时成立,两份附件/AI-RAN/科研论文
神经网络接收机,AI原生与语义通信,AI赋能空口,中游算法,4,contextual,需6G/IMT-2030上下文，或至少三个独立6G候选技术簇同时成立,两份附件/AI-RAN/科研论文
学习型收发机,AI原生与语义通信,AI赋能空口,中游算法,4,contextual,需6G/IMT-2030上下文，或至少三个独立6G候选技术簇同时成立,两份附件/AI-RAN/科研论文
端到端学习通信,AI原生与语义通信,AI赋能空口,中游算法,4,contextual,需6G/IMT-2030上下文，或至少三个独立6G候选技术簇同时成立,两份附件/AI-RAN/科研论文
AI信道估计,AI原生与语义通信,AI赋能空口,中游算法,4,contextual,需6G/IMT-2030上下文，或至少三个独立6G候选技术簇同时成立,两份附件/AI-RAN/科研论文
AI波束管理,AI原生与语义通信,AI赋能空口,中游算法,4,contextual,需6G/IMT-2030上下文，或至少三个独立6G候选技术簇同时成立,两份附件/AI-RAN/科研论文
AI资源调度,AI原生与语义通信,AI赋能空口,中游算法,4,contextual,需6G/IMT-2030上下文，或至少三个独立6G候选技术簇同时成立,两份附件/AI-RAN/科研论文
AI调制识别,AI原生与语义通信,AI赋能空口,中游算法,4,contextual,需6G/IMT-2030上下文，或至少三个独立6G候选技术簇同时成立,两份附件/AI-RAN/科研论文
深度学习物理层,AI原生与语义通信,AI赋能空口,中游算法,4,contextual,需6G/IMT-2030上下文，或至少三个独立6G候选技术簇同时成立,两份附件/AI-RAN/科研论文
强化学习无线资源管理,AI原生与语义通信,AI赋能空口,中游算法,4,contextual,需6G/IMT-2030上下文，或至少三个独立6G候选技术簇同时成立,两份附件/AI-RAN/科研论文
6G联邦学习,AI原生与语义通信,分布式学习,中游算法,4,contextual,需6G/IMT-2030上下文，或至少三个独立6G候选技术簇同时成立,工信部推进组报告/科研机构
无线联邦学习,AI原生与语义通信,分布式学习,中游算法,4,contextual,需6G/IMT-2030上下文，或至少三个独立6G候选技术簇同时成立,工信部推进组报告/科研机构
空口联邦学习,AI原生与语义通信,分布式学习,中游算法,4,contextual,需6G/IMT-2030上下文，或至少三个独立6G候选技术簇同时成立,工信部推进组报告/科研机构
分层联邦学习,AI原生与语义通信,分布式学习,中游算法,4,contextual,需6G/IMT-2030上下文，或至少三个独立6G候选技术簇同时成立,工信部推进组报告/科研机构
去中心化联邦学习,AI原生与语义通信,分布式学习,中游算法,4,contextual,需6G/IMT-2030上下文，或至少三个独立6G候选技术簇同时成立,工信部推进组报告/科研机构
分割学习无线,AI原生与语义通信,分布式学习,中游算法,4,contextual,需6G/IMT-2030上下文，或至少三个独立6G候选技术簇同时成立,工信部推进组报告/科研机构
边缘协同学习,AI原生与语义通信,分布式学习,中游算法,4,contextual,需6G/IMT-2030上下文，或至少三个独立6G候选技术簇同时成立,工信部推进组报告/科研机构
群智协同学习,AI原生与语义通信,分布式学习,中游算法,4,contextual,需6G/IMT-2030上下文，或至少三个独立6G候选技术簇同时成立,工信部推进组报告/科研机构
多智能体无线,AI原生与语义通信,分布式学习,中游算法,4,contextual,需6G/IMT-2030上下文，或至少三个独立6G候选技术簇同时成立,工信部推进组报告/科研机构
分布式机器学习通信,AI原生与语义通信,分布式学习,中游算法,4,contextual,需6G/IMT-2030上下文，或至少三个独立6G候选技术簇同时成立,工信部推进组报告/科研机构
隐私保护联邦学习,AI原生与语义通信,分布式学习,中游算法,4,contextual,需6G/IMT-2030上下文，或至少三个独立6G候选技术簇同时成立,工信部推进组报告/科研机构
6G语义通信,AI原生与语义通信,语义通信,中游算法,5,contextual,需6G/IMT-2030上下文，或至少三个独立6G候选技术簇同时成立,工信部推进组报告/科研机构
语义通信,AI原生与语义通信,语义通信,中游算法,5,contextual,需6G/IMT-2030上下文，或至少三个独立6G候选技术簇同时成立,工信部推进组报告/科研机构
Semantic Communication,AI原生与语义通信,语义通信,中游算法,5,contextual,需6G/IMT-2030上下文，或至少三个独立6G候选技术簇同时成立,工信部推进组报告/科研机构
语义编码,AI原生与语义通信,语义通信,中游算法,5,contextual,需6G/IMT-2030上下文，或至少三个独立6G候选技术簇同时成立,工信部推进组报告/科研机构
语义解码,AI原生与语义通信,语义通信,中游算法,5,contextual,需6G/IMT-2030上下文，或至少三个独立6G候选技术簇同时成立,工信部推进组报告/科研机构
语义传输,AI原生与语义通信,语义通信,中游算法,5,contextual,需6G/IMT-2030上下文，或至少三个独立6G候选技术簇同时成立,工信部推进组报告/科研机构
语义信息论,AI原生与语义通信,语义通信,中游算法,5,contextual,需6G/IMT-2030上下文，或至少三个独立6G候选技术簇同时成立,工信部推进组报告/科研机构
语义噪声,AI原生与语义通信,语义通信,中游算法,5,contextual,需6G/IMT-2030上下文，或至少三个独立6G候选技术簇同时成立,工信部推进组报告/科研机构
语义相似度,AI原生与语义通信,语义通信,中游算法,5,contextual,需6G/IMT-2030上下文，或至少三个独立6G候选技术簇同时成立,工信部推进组报告/科研机构
多模态语义通信,AI原生与语义通信,语义通信,中游算法,5,contextual,需6G/IMT-2030上下文，或至少三个独立6G候选技术簇同时成立,工信部推进组报告/科研机构
生成式语义通信,AI原生与语义通信,语义通信,中游算法,5,contextual,需6G/IMT-2030上下文，或至少三个独立6G候选技术簇同时成立,工信部推进组报告/科研机构
知识图谱语义通信,AI原生与语义通信,语义通信,中游算法,5,contextual,需6G/IMT-2030上下文，或至少三个独立6G候选技术簇同时成立,工信部推进组报告/科研机构
任务导向通信,AI原生与语义通信,任务与目标导向通信,中游算法,5,contextual,需6G/IMT-2030上下文，或至少三个独立6G候选技术簇同时成立,科研机构/公开论文
面向任务通信,AI原生与语义通信,任务与目标导向通信,中游算法,5,contextual,需6G/IMT-2030上下文，或至少三个独立6G候选技术簇同时成立,科研机构/公开论文
目标导向通信,AI原生与语义通信,任务与目标导向通信,中游算法,5,contextual,需6G/IMT-2030上下文，或至少三个独立6G候选技术簇同时成立,科研机构/公开论文
意图驱动通信,AI原生与语义通信,任务与目标导向通信,中游算法,5,contextual,需6G/IMT-2030上下文，或至少三个独立6G候选技术簇同时成立,科研机构/公开论文
任务语义通信,AI原生与语义通信,任务与目标导向通信,中游算法,5,contextual,需6G/IMT-2030上下文，或至少三个独立6G候选技术簇同时成立,科研机构/公开论文
任务级传输,AI原生与语义通信,任务与目标导向通信,中游算法,5,contextual,需6G/IMT-2030上下文，或至少三个独立6G候选技术簇同时成立,科研机构/公开论文
价值语义通信,AI原生与语义通信,任务与目标导向通信,中游算法,5,contextual,需6G/IMT-2030上下文，或至少三个独立6G候选技术簇同时成立,科研机构/公开论文
通信计算联合推理,AI原生与语义通信,任务与目标导向通信,中游算法,5,contextual,需6G/IMT-2030上下文，或至少三个独立6G候选技术簇同时成立,科研机构/公开论文
边缘推理传输,AI原生与语义通信,任务与目标导向通信,中游算法,5,contextual,需6G/IMT-2030上下文，或至少三个独立6G候选技术簇同时成立,科研机构/公开论文
面向机器通信,AI原生与语义通信,任务与目标导向通信,中游算法,5,contextual,需6G/IMT-2030上下文，或至少三个独立6G候选技术簇同时成立,科研机构/公开论文
机器语义通信,AI原生与语义通信,任务与目标导向通信,中游算法,5,contextual,需6G/IMT-2030上下文，或至少三个独立6G候选技术簇同时成立,科研机构/公开论文
空中计算,AI原生与语义通信,空中计算,中游算法,4,contextual,需6G/IMT-2030上下文，或至少三个独立6G候选技术簇同时成立,科研机构/公开论文
空口计算,AI原生与语义通信,空中计算,中游算法,4,contextual,需6G/IMT-2030上下文，或至少三个独立6G候选技术簇同时成立,科研机构/公开论文
Over-the-Air Computation,AI原生与语义通信,空中计算,中游算法,4,contextual,需6G/IMT-2030上下文，或至少三个独立6G候选技术簇同时成立,科研机构/公开论文
AirComp,AI原生与语义通信,空中计算,中游算法,4,contextual,需6G/IMT-2030上下文，或至少三个独立6G候选技术簇同时成立,科研机构/公开论文
无线聚合计算,AI原生与语义通信,空中计算,中游算法,4,contextual,需6G/IMT-2030上下文，或至少三个独立6G候选技术簇同时成立,科研机构/公开论文
模拟空中聚合,AI原生与语义通信,空中计算,中游算法,4,contextual,需6G/IMT-2030上下文，或至少三个独立6G候选技术簇同时成立,科研机构/公开论文
联邦学习空中聚合,AI原生与语义通信,空中计算,中游算法,4,contextual,需6G/IMT-2030上下文，或至少三个独立6G候选技术簇同时成立,科研机构/公开论文
计算通信融合,AI原生与语义通信,空中计算,中游算法,4,contextual,需6G/IMT-2030上下文，或至少三个独立6G候选技术簇同时成立,科研机构/公开论文
函数计算无线传输,AI原生与语义通信,空中计算,中游算法,4,contextual,需6G/IMT-2030上下文，或至少三个独立6G候选技术簇同时成立,科研机构/公开论文
多址信道计算,AI原生与语义通信,空中计算,中游算法,4,contextual,需6G/IMT-2030上下文，或至少三个独立6G候选技术簇同时成立,科研机构/公开论文
6G网络自智,AI原生与语义通信,网络自智,中游网络,4,contextual,需6G/IMT-2030上下文，或至少三个独立6G候选技术簇同时成立,工信部推进组报告/科研机构
网络自运维,AI原生与语义通信,网络自智,中游网络,4,contextual,需6G/IMT-2030上下文，或至少三个独立6G候选技术簇同时成立,工信部推进组报告/科研机构
网络自检测,AI原生与语义通信,网络自智,中游网络,4,contextual,需6G/IMT-2030上下文，或至少三个独立6G候选技术簇同时成立,工信部推进组报告/科研机构
网络自修复,AI原生与语义通信,网络自智,中游网络,4,contextual,需6G/IMT-2030上下文，或至少三个独立6G候选技术簇同时成立,工信部推进组报告/科研机构
网络自优化,AI原生与语义通信,网络自智,中游网络,4,contextual,需6G/IMT-2030上下文，或至少三个独立6G候选技术簇同时成立,工信部推进组报告/科研机构
网络自演进,AI原生与语义通信,网络自智,中游网络,4,contextual,需6G/IMT-2030上下文，或至少三个独立6G候选技术簇同时成立,工信部推进组报告/科研机构
意图驱动网络,AI原生与语义通信,网络自智,中游网络,4,contextual,需6G/IMT-2030上下文，或至少三个独立6G候选技术簇同时成立,工信部推进组报告/科研机构
零接触运维,AI原生与语义通信,网络自智,中游网络,4,contextual,需6G/IMT-2030上下文，或至少三个独立6G候选技术簇同时成立,工信部推进组报告/科研机构
闭环网络自动化,AI原生与语义通信,网络自智,中游网络,4,contextual,需6G/IMT-2030上下文，或至少三个独立6G候选技术簇同时成立,工信部推进组报告/科研机构
自治网络等级,AI原生与语义通信,网络自智,中游网络,4,contextual,需6G/IMT-2030上下文，或至少三个独立6G候选技术簇同时成立,工信部推进组报告/科研机构
认知网络管理,AI原生与语义通信,网络自智,中游网络,4,contextual,需6G/IMT-2030上下文，或至少三个独立6G候选技术簇同时成立,工信部推进组报告/科研机构
Network for AI,AI原生与语义通信,网络服务AI,中游网络,4,contextual,需6G/IMT-2030上下文，或至少三个独立6G候选技术簇同时成立,TDIA2025/科研机构
6G智算服务,AI原生与语义通信,网络服务AI,中游网络,4,contextual,需6G/IMT-2030上下文，或至少三个独立6G候选技术簇同时成立,TDIA2025/科研机构
网络使能AI,AI原生与语义通信,网络服务AI,中游网络,4,contextual,需6G/IMT-2030上下文，或至少三个独立6G候选技术簇同时成立,TDIA2025/科研机构
泛在AI服务,AI原生与语义通信,网络服务AI,中游网络,4,contextual,需6G/IMT-2030上下文，或至少三个独立6G候选技术簇同时成立,TDIA2025/科研机构
分布式AI推理网络,AI原生与语义通信,网络服务AI,中游网络,4,contextual,需6G/IMT-2030上下文，或至少三个独立6G候选技术簇同时成立,TDIA2025/科研机构
端边云AI协同,AI原生与语义通信,网络服务AI,中游网络,4,contextual,需6G/IMT-2030上下文，或至少三个独立6G候选技术簇同时成立,TDIA2025/科研机构
AI模型无线传输,AI原生与语义通信,网络服务AI,中游网络,4,contextual,需6G/IMT-2030上下文，或至少三个独立6G候选技术簇同时成立,TDIA2025/科研机构
大模型通信网络,AI原生与语义通信,网络服务AI,中游网络,4,contextual,需6G/IMT-2030上下文，或至少三个独立6G候选技术簇同时成立,TDIA2025/科研机构
具身智能6G连接,AI原生与语义通信,网络服务AI,中游网络,4,contextual,需6G/IMT-2030上下文，或至少三个独立6G候选技术簇同时成立,TDIA2025/科研机构
智能体通信网络,AI原生与语义通信,网络服务AI,中游网络,4,contextual,需6G/IMT-2030上下文，或至少三个独立6G候选技术簇同时成立,TDIA2025/科研机构
深度学习,AI原生与语义通信,通用AI算法词,中游算法,4,contextual,需6G/IMT-2030上下文，或至少三个独立6G候选技术簇同时成立,两份附件/上下文补充
机器学习,AI原生与语义通信,通用AI算法词,中游算法,4,contextual,需6G/IMT-2030上下文，或至少三个独立6G候选技术簇同时成立,两份附件/上下文补充
强化学习,AI原生与语义通信,通用AI算法词,中游算法,4,contextual,需6G/IMT-2030上下文，或至少三个独立6G候选技术簇同时成立,两份附件/上下文补充
联邦学习,AI原生与语义通信,通用AI算法词,中游算法,4,contextual,需6G/IMT-2030上下文，或至少三个独立6G候选技术簇同时成立,两份附件/上下文补充
迁移学习,AI原生与语义通信,通用AI算法词,中游算法,4,contextual,需6G/IMT-2030上下文，或至少三个独立6G候选技术簇同时成立,两份附件/上下文补充
自监督学习,AI原生与语义通信,通用AI算法词,中游算法,4,contextual,需6G/IMT-2030上下文，或至少三个独立6G候选技术簇同时成立,两份附件/上下文补充
卷积神经网络,AI原生与语义通信,通用AI算法词,中游算法,4,contextual,需6G/IMT-2030上下文，或至少三个独立6G候选技术簇同时成立,两份附件/上下文补充
CNN,AI原生与语义通信,通用AI算法词,中游算法,4,contextual,需6G/IMT-2030上下文，或至少三个独立6G候选技术簇同时成立,两份附件/上下文补充
循环神经网络,AI原生与语义通信,通用AI算法词,中游算法,4,contextual,需6G/IMT-2030上下文，或至少三个独立6G候选技术簇同时成立,两份附件/上下文补充
RNN,AI原生与语义通信,通用AI算法词,中游算法,4,contextual,需6G/IMT-2030上下文，或至少三个独立6G候选技术簇同时成立,两份附件/上下文补充
长短期记忆网络,AI原生与语义通信,通用AI算法词,中游算法,4,contextual,需6G/IMT-2030上下文，或至少三个独立6G候选技术簇同时成立,两份附件/上下文补充
LSTM,AI原生与语义通信,通用AI算法词,中游算法,4,contextual,需6G/IMT-2030上下文，或至少三个独立6G候选技术簇同时成立,两份附件/上下文补充
Transformer,AI原生与语义通信,通用AI算法词,中游算法,4,contextual,需6G/IMT-2030上下文，或至少三个独立6G候选技术簇同时成立,两份附件/上下文补充
图神经网络,AI原生与语义通信,通用AI算法词,中游算法,4,contextual,需6G/IMT-2030上下文，或至少三个独立6G候选技术簇同时成立,两份附件/上下文补充
多智能体强化学习,AI原生与语义通信,通用AI算法词,中游算法,4,contextual,需6G/IMT-2030上下文，或至少三个独立6G候选技术簇同时成立,两份附件/上下文补充
6G分布式自治网络,新型网络架构,分布式自治网络,中游网络,4,contextual,需6G/IMT-2030上下文，或至少三个独立6G候选技术簇同时成立,工信部推进组报告/IMT-2030推进组
分布式自治网络,新型网络架构,分布式自治网络,中游网络,4,contextual,需6G/IMT-2030上下文，或至少三个独立6G候选技术簇同时成立,工信部推进组报告/IMT-2030推进组
6G去中心化网络,新型网络架构,分布式自治网络,中游网络,4,contextual,需6G/IMT-2030上下文，或至少三个独立6G候选技术簇同时成立,工信部推进组报告/IMT-2030推进组
去中心化核心网,新型网络架构,分布式自治网络,中游网络,4,contextual,需6G/IMT-2030上下文，或至少三个独立6G候选技术簇同时成立,工信部推进组报告/IMT-2030推进组
用户中心网络架构,新型网络架构,分布式自治网络,中游网络,4,contextual,需6G/IMT-2030上下文，或至少三个独立6G候选技术簇同时成立,工信部推进组报告/IMT-2030推进组
场景定制化网络,新型网络架构,分布式自治网络,中游网络,4,contextual,需6G/IMT-2030上下文，或至少三个独立6G候选技术簇同时成立,工信部推进组报告/IMT-2030推进组
需求驱动网络架构,新型网络架构,分布式自治网络,中游网络,4,contextual,需6G/IMT-2030上下文，或至少三个独立6G候选技术簇同时成立,工信部推进组报告/IMT-2030推进组
自生长网络,新型网络架构,分布式自治网络,中游网络,4,contextual,需6G/IMT-2030上下文，或至少三个独立6G候选技术簇同时成立,工信部推进组报告/IMT-2030推进组
自演进网络架构,新型网络架构,分布式自治网络,中游网络,4,contextual,需6G/IMT-2030上下文，或至少三个独立6G候选技术簇同时成立,工信部推进组报告/IMT-2030推进组
轻量化接入网,新型网络架构,分布式自治网络,中游网络,4,contextual,需6G/IMT-2030上下文，或至少三个独立6G候选技术簇同时成立,工信部推进组报告/IMT-2030推进组
柔性接入网架构,新型网络架构,分布式自治网络,中游网络,4,contextual,需6G/IMT-2030上下文，或至少三个独立6G候选技术簇同时成立,工信部推进组报告/IMT-2030推进组
6G云原生网络,新型网络架构,云原生与服务化,中游网络,4,contextual,需6G/IMT-2030上下文，或至少三个独立6G候选技术簇同时成立,TDIA2025/IMT-2030推进组
6G服务化架构,新型网络架构,云原生与服务化,中游网络,4,contextual,需6G/IMT-2030上下文，或至少三个独立6G候选技术簇同时成立,TDIA2025/IMT-2030推进组
云原生核心网6G,新型网络架构,云原生与服务化,中游网络,4,contextual,需6G/IMT-2030上下文，或至少三个独立6G候选技术簇同时成立,TDIA2025/IMT-2030推进组
服务化RAN,新型网络架构,云原生与服务化,中游网络,4,contextual,需6G/IMT-2030上下文，或至少三个独立6G候选技术簇同时成立,TDIA2025/IMT-2030推进组
服务化空口,新型网络架构,云原生与服务化,中游网络,4,contextual,需6G/IMT-2030上下文，或至少三个独立6G候选技术簇同时成立,TDIA2025/IMT-2030推进组
微服务核心网,新型网络架构,云原生与服务化,中游网络,4,contextual,需6G/IMT-2030上下文，或至少三个独立6G候选技术簇同时成立,TDIA2025/IMT-2030推进组
无状态网络功能,新型网络架构,云原生与服务化,中游网络,4,contextual,需6G/IMT-2030上下文，或至少三个独立6G候选技术簇同时成立,TDIA2025/IMT-2030推进组
容器化网元,新型网络架构,云原生与服务化,中游网络,4,contextual,需6G/IMT-2030上下文，或至少三个独立6G候选技术簇同时成立,TDIA2025/IMT-2030推进组
网络功能服务化,新型网络架构,云原生与服务化,中游网络,4,contextual,需6G/IMT-2030上下文，或至少三个独立6G候选技术簇同时成立,TDIA2025/IMT-2030推进组
按需编排网络,新型网络架构,云原生与服务化,中游网络,4,contextual,需6G/IMT-2030上下文，或至少三个独立6G候选技术簇同时成立,TDIA2025/IMT-2030推进组
网络能力开放6G,新型网络架构,云原生与服务化,中游网络,4,contextual,需6G/IMT-2030上下文，或至少三个独立6G候选技术簇同时成立,TDIA2025/IMT-2030推进组
6G开放网络,新型网络架构,开放可编程网络,中游网络,4,contextual,需6G/IMT-2030上下文，或至少三个独立6G候选技术簇同时成立,TDIA2025/3GPP/资本研报
6G开放无线接入网,新型网络架构,开放可编程网络,中游网络,4,contextual,需6G/IMT-2030上下文，或至少三个独立6G候选技术簇同时成立,TDIA2025/3GPP/资本研报
Open RAN 6G,新型网络架构,开放可编程网络,中游网络,4,contextual,需6G/IMT-2030上下文，或至少三个独立6G候选技术簇同时成立,TDIA2025/3GPP/资本研报
O-RAN 6G,新型网络架构,开放可编程网络,中游网络,4,contextual,需6G/IMT-2030上下文，或至少三个独立6G候选技术簇同时成立,TDIA2025/3GPP/资本研报
可编程无线网络,新型网络架构,开放可编程网络,中游网络,4,contextual,需6G/IMT-2030上下文，或至少三个独立6G候选技术簇同时成立,TDIA2025/3GPP/资本研报
软件定义空口,新型网络架构,开放可编程网络,中游网络,4,contextual,需6G/IMT-2030上下文，或至少三个独立6G候选技术簇同时成立,TDIA2025/3GPP/资本研报
软件定义无线网络,新型网络架构,开放可编程网络,中游网络,4,contextual,需6G/IMT-2030上下文，或至少三个独立6G候选技术簇同时成立,TDIA2025/3GPP/资本研报
SDN 6G,新型网络架构,开放可编程网络,中游网络,4,contextual,需6G/IMT-2030上下文，或至少三个独立6G候选技术簇同时成立,TDIA2025/3GPP/资本研报
NFV 6G,新型网络架构,开放可编程网络,中游网络,4,contextual,需6G/IMT-2030上下文，或至少三个独立6G候选技术簇同时成立,TDIA2025/3GPP/资本研报
网络可编程数据面,新型网络架构,开放可编程网络,中游网络,4,contextual,需6G/IMT-2030上下文，或至少三个独立6G候选技术簇同时成立,TDIA2025/3GPP/资本研报
开放接口6G,新型网络架构,开放可编程网络,中游网络,4,contextual,需6G/IMT-2030上下文，或至少三个独立6G候选技术簇同时成立,TDIA2025/3GPP/资本研报
6G网络切片,新型网络架构,网络切片与专网,中游网络,3,contextual,需6G/IMT-2030上下文，或至少三个独立6G候选技术簇同时成立,两份附件/科研机构
6G端到端切片,新型网络架构,网络切片与专网,中游网络,3,contextual,需6G/IMT-2030上下文，或至少三个独立6G候选技术簇同时成立,两份附件/科研机构
智能网络切片,新型网络架构,网络切片与专网,中游网络,3,contextual,需6G/IMT-2030上下文，或至少三个独立6G候选技术簇同时成立,两份附件/科研机构
切片按需编排,新型网络架构,网络切片与专网,中游网络,3,contextual,需6G/IMT-2030上下文，或至少三个独立6G候选技术簇同时成立,两份附件/科研机构
跨域网络切片,新型网络架构,网络切片与专网,中游网络,3,contextual,需6G/IMT-2030上下文，或至少三个独立6G候选技术簇同时成立,两份附件/科研机构
卫星地面融合切片,新型网络架构,网络切片与专网,中游网络,3,contextual,需6G/IMT-2030上下文，或至少三个独立6G候选技术簇同时成立,两份附件/科研机构
算网切片,新型网络架构,网络切片与专网,中游网络,3,contextual,需6G/IMT-2030上下文，或至少三个独立6G候选技术簇同时成立,两份附件/科研机构
通感切片,新型网络架构,网络切片与专网,中游网络,3,contextual,需6G/IMT-2030上下文，或至少三个独立6G候选技术簇同时成立,两份附件/科研机构
场景定制切片,新型网络架构,网络切片与专网,中游网络,3,contextual,需6G/IMT-2030上下文，或至少三个独立6G候选技术簇同时成立,两份附件/科研机构
6G行业专网,新型网络架构,网络切片与专网,中游网络,3,contextual,需6G/IMT-2030上下文，或至少三个独立6G候选技术簇同时成立,两份附件/科研机构
6G数字孪生网络,新型网络架构,数字孪生网络,中游网络,4,contextual,需6G/IMT-2030上下文，或至少三个独立6G候选技术簇同时成立,工信部推进组报告/科研机构
数字孪生网络,新型网络架构,数字孪生网络,中游网络,4,contextual,需6G/IMT-2030上下文，或至少三个独立6G候选技术簇同时成立,工信部推进组报告/科研机构
DTN,新型网络架构,数字孪生网络,中游网络,4,contextual,需6G/IMT-2030上下文，或至少三个独立6G候选技术簇同时成立,工信部推进组报告/科研机构
网络数字孪生,新型网络架构,数字孪生网络,中游网络,4,contextual,需6G/IMT-2030上下文，或至少三个独立6G候选技术簇同时成立,工信部推进组报告/科研机构
无线网络数字孪生,新型网络架构,数字孪生网络,中游网络,4,contextual,需6G/IMT-2030上下文，或至少三个独立6G候选技术簇同时成立,工信部推进组报告/科研机构
物理网络孪生体,新型网络架构,数字孪生网络,中游网络,4,contextual,需6G/IMT-2030上下文，或至少三个独立6G候选技术簇同时成立,工信部推进组报告/科研机构
孪生网络闭环优化,新型网络架构,数字孪生网络,中游网络,4,contextual,需6G/IMT-2030上下文，或至少三个独立6G候选技术簇同时成立,工信部推进组报告/科研机构
网络实时映射,新型网络架构,数字孪生网络,中游网络,4,contextual,需6G/IMT-2030上下文，或至少三个独立6G候选技术簇同时成立,工信部推进组报告/科研机构
数字孪生网络建模,新型网络架构,数字孪生网络,中游网络,4,contextual,需6G/IMT-2030上下文，或至少三个独立6G候选技术簇同时成立,工信部推进组报告/科研机构
数字孪生网络仿真,新型网络架构,数字孪生网络,中游网络,4,contextual,需6G/IMT-2030上下文，或至少三个独立6G候选技术簇同时成立,工信部推进组报告/科研机构
网络预测控制,新型网络架构,数字孪生网络,中游网络,4,contextual,需6G/IMT-2030上下文，或至少三个独立6G候选技术簇同时成立,工信部推进组报告/科研机构
6G确定性网络,新型网络架构,确定性网络,中游网络,4,contextual,需6G/IMT-2030上下文，或至少三个独立6G候选技术簇同时成立,工信部推进组报告
确定性网络,新型网络架构,确定性网络,中游网络,4,contextual,需6G/IMT-2030上下文，或至少三个独立6G候选技术簇同时成立,工信部推进组报告
确定性无线网络,新型网络架构,确定性网络,中游网络,4,contextual,需6G/IMT-2030上下文，或至少三个独立6G候选技术簇同时成立,工信部推进组报告
有界时延网络,新型网络架构,确定性网络,中游网络,4,contextual,需6G/IMT-2030上下文，或至少三个独立6G候选技术簇同时成立,工信部推进组报告
有界抖动,新型网络架构,确定性网络,中游网络,4,contextual,需6G/IMT-2030上下文，或至少三个独立6G候选技术簇同时成立,工信部推进组报告
有界丢包,新型网络架构,确定性网络,中游网络,4,contextual,需6G/IMT-2030上下文，或至少三个独立6G候选技术簇同时成立,工信部推进组报告
端到端确定性,新型网络架构,确定性网络,中游网络,4,contextual,需6G/IMT-2030上下文，或至少三个独立6G候选技术簇同时成立,工信部推进组报告
确定性资源预留,新型网络架构,确定性网络,中游网络,4,contextual,需6G/IMT-2030上下文，或至少三个独立6G候选技术簇同时成立,工信部推进组报告
确定性服务保护,新型网络架构,确定性网络,中游网络,4,contextual,需6G/IMT-2030上下文，或至少三个独立6G候选技术簇同时成立,工信部推进组报告
跨域确定性,新型网络架构,确定性网络,中游网络,4,contextual,需6G/IMT-2030上下文，或至少三个独立6G候选技术簇同时成立,工信部推进组报告
时间敏感网络6G,新型网络架构,确定性网络,中游网络,4,contextual,需6G/IMT-2030上下文，或至少三个独立6G候选技术簇同时成立,工信部推进组报告
TSN 6G,新型网络架构,确定性网络,中游网络,4,contextual,需6G/IMT-2030上下文，或至少三个独立6G候选技术簇同时成立,工信部推进组报告
6G算力网络,新型网络架构,算力感知与算网融合,中游网络,4,contextual,需6G/IMT-2030上下文，或至少三个独立6G候选技术簇同时成立,工信部推进组报告/IMT-2030推进组
算力感知网络,新型网络架构,算力感知与算网融合,中游网络,4,contextual,需6G/IMT-2030上下文，或至少三个独立6G候选技术簇同时成立,工信部推进组报告/IMT-2030推进组
移动算力网络,新型网络架构,算力感知与算网融合,中游网络,4,contextual,需6G/IMT-2030上下文，或至少三个独立6G候选技术簇同时成立,工信部推进组报告/IMT-2030推进组
算网融合6G,新型网络架构,算力感知与算网融合,中游网络,4,contextual,需6G/IMT-2030上下文，或至少三个独立6G候选技术簇同时成立,工信部推进组报告/IMT-2030推进组
算网一体,新型网络架构,算力感知与算网融合,中游网络,4,contextual,需6G/IMT-2030上下文，或至少三个独立6G候选技术簇同时成立,工信部推进组报告/IMT-2030推进组
通信计算融合,新型网络架构,算力感知与算网融合,中游网络,4,contextual,需6G/IMT-2030上下文，或至少三个独立6G候选技术簇同时成立,工信部推进组报告/IMT-2030推进组
通信计算存储一体,新型网络架构,算力感知与算网融合,中游网络,4,contextual,需6G/IMT-2030上下文，或至少三个独立6G候选技术簇同时成立,工信部推进组报告/IMT-2030推进组
算力路由,新型网络架构,算力感知与算网融合,中游网络,4,contextual,需6G/IMT-2030上下文，或至少三个独立6G候选技术簇同时成立,工信部推进组报告/IMT-2030推进组
算力资源度量,新型网络架构,算力感知与算网融合,中游网络,4,contextual,需6G/IMT-2030上下文，或至少三个独立6G候选技术簇同时成立,工信部推进组报告/IMT-2030推进组
算力资源编排,新型网络架构,算力感知与算网融合,中游网络,4,contextual,需6G/IMT-2030上下文，或至少三个独立6G候选技术簇同时成立,工信部推进组报告/IMT-2030推进组
算力服务调度,新型网络架构,算力感知与算网融合,中游网络,4,contextual,需6G/IMT-2030上下文，或至少三个独立6G候选技术簇同时成立,工信部推进组报告/IMT-2030推进组
端边云网协同,新型网络架构,算力感知与算网融合,中游网络,4,contextual,需6G/IMT-2030上下文，或至少三个独立6G候选技术簇同时成立,工信部推进组报告/IMT-2030推进组
云边端网融合,新型网络架构,算力感知与算网融合,中游网络,4,contextual,需6G/IMT-2030上下文，或至少三个独立6G候选技术簇同时成立,工信部推进组报告/IMT-2030推进组
6G数据服务,新型网络架构,数据服务与数据面,中游网络,4,contextual,需6G/IMT-2030上下文，或至少三个独立6G候选技术簇同时成立,TDIA2025/IMT-2030推进组
6G数据面,新型网络架构,数据服务与数据面,中游网络,4,contextual,需6G/IMT-2030上下文，或至少三个独立6G候选技术簇同时成立,TDIA2025/IMT-2030推进组
网络数据服务,新型网络架构,数据服务与数据面,中游网络,4,contextual,需6G/IMT-2030上下文，或至少三个独立6G候选技术簇同时成立,TDIA2025/IMT-2030推进组
数据驱动网络架构,新型网络架构,数据服务与数据面,中游网络,4,contextual,需6G/IMT-2030上下文，或至少三个独立6G候选技术簇同时成立,TDIA2025/IMT-2030推进组
数据编排网络,新型网络架构,数据服务与数据面,中游网络,4,contextual,需6G/IMT-2030上下文，或至少三个独立6G候选技术簇同时成立,TDIA2025/IMT-2030推进组
数据织网6G,新型网络架构,数据服务与数据面,中游网络,4,contextual,需6G/IMT-2030上下文，或至少三个独立6G候选技术簇同时成立,TDIA2025/IMT-2030推进组
数据随路计算,新型网络架构,数据服务与数据面,中游网络,4,contextual,需6G/IMT-2030上下文，或至少三个独立6G候选技术簇同时成立,TDIA2025/IMT-2030推进组
网络数据治理,新型网络架构,数据服务与数据面,中游网络,4,contextual,需6G/IMT-2030上下文，或至少三个独立6G候选技术簇同时成立,TDIA2025/IMT-2030推进组
数据闭环网络,新型网络架构,数据服务与数据面,中游网络,4,contextual,需6G/IMT-2030上下文，或至少三个独立6G候选技术簇同时成立,TDIA2025/IMT-2030推进组
数据服务化架构,新型网络架构,数据服务与数据面,中游网络,4,contextual,需6G/IMT-2030上下文，或至少三个独立6G候选技术簇同时成立,TDIA2025/IMT-2030推进组
通信数据空间,新型网络架构,数据服务与数据面,中游网络,4,contextual,需6G/IMT-2030上下文，或至少三个独立6G候选技术簇同时成立,TDIA2025/IMT-2030推进组
6G近域网络,新型网络架构,近域与体域网络,中游网络,3,contextual,需6G/IMT-2030上下文，或至少三个独立6G候选技术簇同时成立,TDIA2025/科研机构
近域通信网络,新型网络架构,近域与体域网络,中游网络,3,contextual,需6G/IMT-2030上下文，或至少三个独立6G候选技术簇同时成立,TDIA2025/科研机构
设备到设备6G,新型网络架构,近域与体域网络,中游网络,3,contextual,需6G/IMT-2030上下文，或至少三个独立6G候选技术簇同时成立,TDIA2025/科研机构
D2D 6G,新型网络架构,近域与体域网络,中游网络,3,contextual,需6G/IMT-2030上下文，或至少三个独立6G候选技术簇同时成立,TDIA2025/科研机构
侧行链路6G,新型网络架构,近域与体域网络,中游网络,3,contextual,需6G/IMT-2030上下文，或至少三个独立6G候选技术簇同时成立,TDIA2025/科研机构
体域网6G,新型网络架构,近域与体域网络,中游网络,3,contextual,需6G/IMT-2030上下文，或至少三个独立6G候选技术簇同时成立,TDIA2025/科研机构
纳米通信网络,新型网络架构,近域与体域网络,中游网络,3,contextual,需6G/IMT-2030上下文，或至少三个独立6G候选技术簇同时成立,TDIA2025/科研机构
片间无线通信,新型网络架构,近域与体域网络,中游网络,3,contextual,需6G/IMT-2030上下文，或至少三个独立6G候选技术簇同时成立,TDIA2025/科研机构
芯粒无线互联,新型网络架构,近域与体域网络,中游网络,3,contextual,需6G/IMT-2030上下文，或至少三个独立6G候选技术簇同时成立,TDIA2025/科研机构
片上无线网络,新型网络架构,近域与体域网络,中游网络,3,contextual,需6G/IMT-2030上下文，或至少三个独立6G候选技术簇同时成立,TDIA2025/科研机构
个人域智能网络,新型网络架构,近域与体域网络,中游网络,3,contextual,需6G/IMT-2030上下文，或至少三个独立6G候选技术簇同时成立,TDIA2025/科研机构
云计算,新型网络架构,通用网络技术词,中游网络,3,contextual,需6G/IMT-2030上下文，或至少三个独立6G候选技术簇同时成立,两份附件/上下文补充
边缘计算,新型网络架构,通用网络技术词,中游网络,3,contextual,需6G/IMT-2030上下文，或至少三个独立6G候选技术簇同时成立,两份附件/上下文补充
移动边缘计算,新型网络架构,通用网络技术词,中游网络,3,contextual,需6G/IMT-2030上下文，或至少三个独立6G候选技术簇同时成立,两份附件/上下文补充
网络切片,新型网络架构,通用网络技术词,中游网络,3,contextual,需6G/IMT-2030上下文，或至少三个独立6G候选技术簇同时成立,两份附件/上下文补充
软件定义网络,新型网络架构,通用网络技术词,中游网络,3,contextual,需6G/IMT-2030上下文，或至少三个独立6G候选技术簇同时成立,两份附件/上下文补充
网络功能虚拟化,新型网络架构,通用网络技术词,中游网络,3,contextual,需6G/IMT-2030上下文，或至少三个独立6G候选技术簇同时成立,两份附件/上下文补充
云原生网络,新型网络架构,通用网络技术词,中游网络,3,contextual,需6G/IMT-2030上下文，或至少三个独立6G候选技术簇同时成立,两份附件/上下文补充
微服务架构,新型网络架构,通用网络技术词,中游网络,3,contextual,需6G/IMT-2030上下文，或至少三个独立6G候选技术簇同时成立,两份附件/上下文补充
数字孪生,新型网络架构,通用网络技术词,中游网络,3,contextual,需6G/IMT-2030上下文，或至少三个独立6G候选技术簇同时成立,两份附件/上下文补充
算力调度,新型网络架构,通用网络技术词,中游网络,3,contextual,需6G/IMT-2030上下文，或至少三个独立6G候选技术簇同时成立,两份附件/上下文补充
服务化架构,新型网络架构,通用网络技术词,中游网络,3,contextual,需6G/IMT-2030上下文，或至少三个独立6G候选技术簇同时成立,两份附件/上下文补充
可编程网络,新型网络架构,通用网络技术词,中游网络,3,contextual,需6G/IMT-2030上下文，或至少三个独立6G候选技术簇同时成立,两份附件/上下文补充
自治网络,新型网络架构,通用网络技术词,中游网络,3,contextual,需6G/IMT-2030上下文，或至少三个独立6G候选技术簇同时成立,两份附件/上下文补充
确定性通信,新型网络架构,通用网络技术词,中游网络,3,contextual,需6G/IMT-2030上下文，或至少三个独立6G候选技术簇同时成立,两份附件/上下文补充
6G空天地一体化,空天地海一体化,融合网络架构,中游网络与基础设施,5,core,无需上下文；领域锚点本身只给低分,两份附件/ITU/资本研报
6G空天地海一体化,空天地海一体化,融合网络架构,中游网络与基础设施,5,core,无需上下文；领域锚点本身只给低分,两份附件/ITU/资本研报
6G星地融合,空天地海一体化,融合网络架构,中游网络与基础设施,5,core,无需上下文；领域锚点本身只给低分,两份附件/ITU/资本研报
6G天地一体,空天地海一体化,融合网络架构,中游网络与基础设施,5,core,无需上下文；领域锚点本身只给低分,两份附件/ITU/资本研报
6G非地面网络,空天地海一体化,融合网络架构,中游网络与基础设施,5,core,无需上下文；领域锚点本身只给低分,两份附件/ITU/资本研报
6G NTN,空天地海一体化,融合网络架构,中游网络与基础设施,5,core,无需上下文；领域锚点本身只给低分,两份附件/ITU/资本研报
空天地一体化网络6G,空天地海一体化,融合网络架构,中游网络与基础设施,5,core,无需上下文；领域锚点本身只给低分,两份附件/ITU/资本研报
星地一体融合组网,空天地海一体化,融合网络架构,中游网络与基础设施,5,core,无需上下文；领域锚点本身只给低分,两份附件/ITU/资本研报
SAGIN 6G,空天地海一体化,融合网络架构,中游网络与基础设施,5,core,无需上下文；领域锚点本身只给低分,两份附件/ITU/资本研报
空天地海融合网络,空天地海一体化,融合网络架构,中游网络与基础设施,5,core,无需上下文；领域锚点本身只给低分,两份附件/ITU/资本研报
非地面网络,空天地海一体化,非地面网络,中游网络与基础设施,4,contextual,需6G/IMT-2030上下文，或至少三个独立6G候选技术簇同时成立,两份附件/3GPP
NTN,空天地海一体化,非地面网络,中游网络与基础设施,4,contextual,需6G/IMT-2030上下文，或至少三个独立6G候选技术簇同时成立,两份附件/3GPP
卫星地面融合网络,空天地海一体化,非地面网络,中游网络与基础设施,4,contextual,需6G/IMT-2030上下文，或至少三个独立6G候选技术簇同时成立,两份附件/3GPP
星地融合网络,空天地海一体化,非地面网络,中游网络与基础设施,4,contextual,需6G/IMT-2030上下文，或至少三个独立6G候选技术簇同时成立,两份附件/3GPP
天地一体化网络,空天地海一体化,非地面网络,中游网络与基础设施,4,contextual,需6G/IMT-2030上下文，或至少三个独立6G候选技术簇同时成立,两份附件/3GPP
空天地一体化网络,空天地海一体化,非地面网络,中游网络与基础设施,4,contextual,需6G/IMT-2030上下文，或至少三个独立6G候选技术簇同时成立,两份附件/3GPP
低轨卫星通信网络,空天地海一体化,非地面网络,中游网络与基础设施,4,contextual,需6G/IMT-2030上下文，或至少三个独立6G候选技术簇同时成立,两份附件/3GPP
中低轨卫星组网,空天地海一体化,非地面网络,中游网络与基础设施,4,contextual,需6G/IMT-2030上下文，或至少三个独立6G候选技术簇同时成立,两份附件/3GPP
高中低轨协同,空天地海一体化,非地面网络,中游网络与基础设施,4,contextual,需6G/IMT-2030上下文，或至少三个独立6G候选技术簇同时成立,两份附件/3GPP
卫星蜂窝融合,空天地海一体化,非地面网络,中游网络与基础设施,4,contextual,需6G/IMT-2030上下文，或至少三个独立6G候选技术簇同时成立,两份附件/3GPP
卫星移动通信融合,空天地海一体化,非地面网络,中游网络与基础设施,4,contextual,需6G/IMT-2030上下文，或至少三个独立6G候选技术簇同时成立,两份附件/3GPP
6G手机直连卫星,空天地海一体化,手机直连卫星,下游终端,3,contextual,需6G/IMT-2030上下文，或至少三个独立6G候选技术簇同时成立,TDIA2025/资本研报
手机直连卫星,空天地海一体化,手机直连卫星,下游终端,3,contextual,需6G/IMT-2030上下文，或至少三个独立6G候选技术簇同时成立,TDIA2025/资本研报
终端直连卫星,空天地海一体化,手机直连卫星,下游终端,3,contextual,需6G/IMT-2030上下文，或至少三个独立6G候选技术簇同时成立,TDIA2025/资本研报
卫星直连终端,空天地海一体化,手机直连卫星,下游终端,3,contextual,需6G/IMT-2030上下文，或至少三个独立6G候选技术簇同时成立,TDIA2025/资本研报
Direct-to-Device,空天地海一体化,手机直连卫星,下游终端,3,contextual,需6G/IMT-2030上下文，或至少三个独立6G候选技术簇同时成立,TDIA2025/资本研报
D2D卫星通信,空天地海一体化,手机直连卫星,下游终端,3,contextual,需6G/IMT-2030上下文，或至少三个独立6G候选技术簇同时成立,TDIA2025/资本研报
卫星直连普通手机,空天地海一体化,手机直连卫星,下游终端,3,contextual,需6G/IMT-2030上下文，或至少三个独立6G候选技术簇同时成立,TDIA2025/资本研报
星地融合终端,空天地海一体化,手机直连卫星,下游终端,3,contextual,需6G/IMT-2030上下文，或至少三个独立6G候选技术簇同时成立,TDIA2025/资本研报
卫星物联网终端,空天地海一体化,手机直连卫星,下游终端,3,contextual,需6G/IMT-2030上下文，或至少三个独立6G候选技术簇同时成立,TDIA2025/资本研报
卫星宽带终端,空天地海一体化,手机直连卫星,下游终端,3,contextual,需6G/IMT-2030上下文，或至少三个独立6G候选技术簇同时成立,TDIA2025/资本研报
星间激光通信,空天地海一体化,星间与星地链路,上游设备与中游网络,4,contextual,需6G/IMT-2030上下文，或至少三个独立6G候选技术簇同时成立,工信部推进组报告/科研机构
星间高速光链路,空天地海一体化,星间与星地链路,上游设备与中游网络,4,contextual,需6G/IMT-2030上下文，或至少三个独立6G候选技术簇同时成立,工信部推进组报告/科研机构
星地激光通信,空天地海一体化,星间与星地链路,上游设备与中游网络,4,contextual,需6G/IMT-2030上下文，或至少三个独立6G候选技术簇同时成立,工信部推进组报告/科研机构
卫星太赫兹链路,空天地海一体化,星间与星地链路,上游设备与中游网络,4,contextual,需6G/IMT-2030上下文，或至少三个独立6G候选技术簇同时成立,工信部推进组报告/科研机构
星地毫米波链路,空天地海一体化,星间与星地链路,上游设备与中游网络,4,contextual,需6G/IMT-2030上下文，或至少三个独立6G候选技术簇同时成立,工信部推进组报告/科研机构
星间路由,空天地海一体化,星间与星地链路,上游设备与中游网络,4,contextual,需6G/IMT-2030上下文，或至少三个独立6G候选技术簇同时成立,工信部推进组报告/科研机构
星间链路切换,空天地海一体化,星间与星地链路,上游设备与中游网络,4,contextual,需6G/IMT-2030上下文，或至少三个独立6G候选技术簇同时成立,工信部推进组报告/科研机构
星地链路协同,空天地海一体化,星间与星地链路,上游设备与中游网络,4,contextual,需6G/IMT-2030上下文，或至少三个独立6G候选技术簇同时成立,工信部推进组报告/科研机构
星间星地联合传输,空天地海一体化,星间与星地链路,上游设备与中游网络,4,contextual,需6G/IMT-2030上下文，或至少三个独立6G候选技术簇同时成立,工信部推进组报告/科研机构
多星协同传输,空天地海一体化,星间与星地链路,上游设备与中游网络,4,contextual,需6G/IMT-2030上下文，或至少三个独立6G候选技术簇同时成立,工信部推进组报告/科研机构
6G星载核心网,空天地海一体化,星载网络与载荷,上游设备,4,contextual,需6G/IMT-2030上下文，或至少三个独立6G候选技术簇同时成立,两份附件/资本研报
星载基站,空天地海一体化,星载网络与载荷,上游设备,4,contextual,需6G/IMT-2030上下文，或至少三个独立6G候选技术簇同时成立,两份附件/资本研报
星载移动通信载荷,空天地海一体化,星载网络与载荷,上游设备,4,contextual,需6G/IMT-2030上下文，或至少三个独立6G候选技术簇同时成立,两份附件/资本研报
再生式卫星载荷,空天地海一体化,星载网络与载荷,上游设备,4,contextual,需6G/IMT-2030上下文，或至少三个独立6G候选技术簇同时成立,两份附件/资本研报
透明转发卫星载荷,空天地海一体化,星载网络与载荷,上游设备,4,contextual,需6G/IMT-2030上下文，或至少三个独立6G候选技术簇同时成立,两份附件/资本研报
星上在轨计算,空天地海一体化,星载网络与载荷,上游设备,4,contextual,需6G/IMT-2030上下文，或至少三个独立6G候选技术簇同时成立,两份附件/资本研报
星载边缘计算,空天地海一体化,星载网络与载荷,上游设备,4,contextual,需6G/IMT-2030上下文，或至少三个独立6G候选技术簇同时成立,两份附件/资本研报
星上网络功能,空天地海一体化,星载网络与载荷,上游设备,4,contextual,需6G/IMT-2030上下文，或至少三个独立6G候选技术簇同时成立,两份附件/资本研报
星载路由器,空天地海一体化,星载网络与载荷,上游设备,4,contextual,需6G/IMT-2030上下文，或至少三个独立6G候选技术簇同时成立,两份附件/资本研报
星载波束形成,空天地海一体化,星载网络与载荷,上游设备,4,contextual,需6G/IMT-2030上下文，或至少三个独立6G候选技术簇同时成立,两份附件/资本研报
卫星数字透明处理器,空天地海一体化,星载网络与载荷,上游设备,4,contextual,需6G/IMT-2030上下文，或至少三个独立6G候选技术簇同时成立,两份附件/资本研报
卫星随机接入,空天地海一体化,卫星接入与移动性,中游空口与网络,4,contextual,需6G/IMT-2030上下文，或至少三个独立6G候选技术簇同时成立,工信部推进组报告/3GPP
星地融合空口,空天地海一体化,卫星接入与移动性,中游空口与网络,4,contextual,需6G/IMT-2030上下文，或至少三个独立6G候选技术簇同时成立,工信部推进组报告/3GPP
卫星波束跳变,空天地海一体化,卫星接入与移动性,中游空口与网络,4,contextual,需6G/IMT-2030上下文，或至少三个独立6G候选技术簇同时成立,工信部推进组报告/3GPP
卫星波束切换,空天地海一体化,卫星接入与移动性,中游空口与网络,4,contextual,需6G/IMT-2030上下文，或至少三个独立6G候选技术簇同时成立,工信部推进组报告/3GPP
卫星多普勒补偿,空天地海一体化,卫星接入与移动性,中游空口与网络,4,contextual,需6G/IMT-2030上下文，或至少三个独立6G候选技术簇同时成立,工信部推进组报告/3GPP
卫星时延补偿,空天地海一体化,卫星接入与移动性,中游空口与网络,4,contextual,需6G/IMT-2030上下文，或至少三个独立6G候选技术簇同时成立,工信部推进组报告/3GPP
卫星频偏估计,空天地海一体化,卫星接入与移动性,中游空口与网络,4,contextual,需6G/IMT-2030上下文，或至少三个独立6G候选技术簇同时成立,工信部推进组报告/3GPP
卫星移动性管理,空天地海一体化,卫星接入与移动性,中游空口与网络,4,contextual,需6G/IMT-2030上下文，或至少三个独立6G候选技术簇同时成立,工信部推进组报告/3GPP
卫星寻址路由,空天地海一体化,卫星接入与移动性,中游空口与网络,4,contextual,需6G/IMT-2030上下文，或至少三个独立6G候选技术簇同时成立,工信部推进组报告/3GPP
卫星星历辅助通信,空天地海一体化,卫星接入与移动性,中游空口与网络,4,contextual,需6G/IMT-2030上下文，或至少三个独立6G候选技术簇同时成立,工信部推进组报告/3GPP
多卫星切换,空天地海一体化,卫星接入与移动性,中游空口与网络,4,contextual,需6G/IMT-2030上下文，或至少三个独立6G候选技术簇同时成立,工信部推进组报告/3GPP
高空平台通信,空天地海一体化,空基与海洋网络,基础设施与应用,3,contextual,需6G/IMT-2030上下文，或至少三个独立6G候选技术簇同时成立,两份附件/资本研报
HAPS通信,空天地海一体化,空基与海洋网络,基础设施与应用,3,contextual,需6G/IMT-2030上下文，或至少三个独立6G候选技术簇同时成立,两份附件/资本研报
临近空间通信,空天地海一体化,空基与海洋网络,基础设施与应用,3,contextual,需6G/IMT-2030上下文，或至少三个独立6G候选技术簇同时成立,两份附件/资本研报
无人机基站,空天地海一体化,空基与海洋网络,基础设施与应用,3,contextual,需6G/IMT-2030上下文，或至少三个独立6G候选技术簇同时成立,两份附件/资本研报
空基通信网络,空天地海一体化,空基与海洋网络,基础设施与应用,3,contextual,需6G/IMT-2030上下文，或至少三个独立6G候选技术簇同时成立,两份附件/资本研报
海洋通信网络6G,空天地海一体化,空基与海洋网络,基础设施与应用,3,contextual,需6G/IMT-2030上下文，或至少三个独立6G候选技术簇同时成立,两份附件/资本研报
海空天通信,空天地海一体化,空基与海洋网络,基础设施与应用,3,contextual,需6G/IMT-2030上下文，或至少三个独立6G候选技术簇同时成立,两份附件/资本研报
海上宽带通信6G,空天地海一体化,空基与海洋网络,基础设施与应用,3,contextual,需6G/IMT-2030上下文，或至少三个独立6G候选技术簇同时成立,两份附件/资本研报
机载移动通信,空天地海一体化,空基与海洋网络,基础设施与应用,3,contextual,需6G/IMT-2030上下文，或至少三个独立6G候选技术簇同时成立,两份附件/资本研报
低空通信感知网络,空天地海一体化,空基与海洋网络,基础设施与应用,3,contextual,需6G/IMT-2030上下文，或至少三个独立6G候选技术簇同时成立,两份附件/资本研报
低空智联网,空天地海一体化,空基与海洋网络,基础设施与应用,3,contextual,需6G/IMT-2030上下文，或至少三个独立6G候选技术簇同时成立,两份附件/资本研报
太赫兹收发芯片,芯片器件与材料,太赫兹收发器件,上游核心器件,4,contextual,需6G/IMT-2030上下文，或至少三个独立6G候选技术簇同时成立,工信部推进组报告/ITU/资本研报
太赫兹收发机,芯片器件与材料,太赫兹收发器件,上游核心器件,4,contextual,需6G/IMT-2030上下文，或至少三个独立6G候选技术簇同时成立,工信部推进组报告/ITU/资本研报
太赫兹发射机,芯片器件与材料,太赫兹收发器件,上游核心器件,4,contextual,需6G/IMT-2030上下文，或至少三个独立6G候选技术簇同时成立,工信部推进组报告/ITU/资本研报
太赫兹接收机,芯片器件与材料,太赫兹收发器件,上游核心器件,4,contextual,需6G/IMT-2030上下文，或至少三个独立6G候选技术簇同时成立,工信部推进组报告/ITU/资本研报
太赫兹混频器,芯片器件与材料,太赫兹收发器件,上游核心器件,4,contextual,需6G/IMT-2030上下文，或至少三个独立6G候选技术簇同时成立,工信部推进组报告/ITU/资本研报
太赫兹倍频器,芯片器件与材料,太赫兹收发器件,上游核心器件,4,contextual,需6G/IMT-2030上下文，或至少三个独立6G候选技术簇同时成立,工信部推进组报告/ITU/资本研报
太赫兹放大器,芯片器件与材料,太赫兹收发器件,上游核心器件,4,contextual,需6G/IMT-2030上下文，或至少三个独立6G候选技术簇同时成立,工信部推进组报告/ITU/资本研报
太赫兹振荡器,芯片器件与材料,太赫兹收发器件,上游核心器件,4,contextual,需6G/IMT-2030上下文，或至少三个独立6G候选技术簇同时成立,工信部推进组报告/ITU/资本研报
太赫兹探测器,芯片器件与材料,太赫兹收发器件,上游核心器件,4,contextual,需6G/IMT-2030上下文，或至少三个独立6G候选技术簇同时成立,工信部推进组报告/ITU/资本研报
太赫兹调制器,芯片器件与材料,太赫兹收发器件,上游核心器件,4,contextual,需6G/IMT-2030上下文，或至少三个独立6G候选技术簇同时成立,工信部推进组报告/ITU/资本研报
太赫兹变频电路,芯片器件与材料,太赫兹收发器件,上游核心器件,4,contextual,需6G/IMT-2030上下文，或至少三个独立6G候选技术簇同时成立,工信部推进组报告/ITU/资本研报
太赫兹功率放大器,芯片器件与材料,太赫兹收发器件,上游核心器件,4,contextual,需6G/IMT-2030上下文，或至少三个独立6G候选技术簇同时成立,工信部推进组报告/ITU/资本研报
磷化铟太赫兹,芯片器件与材料,太赫兹芯片材料,上游材料与器件,4,contextual,需6G/IMT-2030上下文，或至少三个独立6G候选技术簇同时成立,工信部推进组报告/科研机构
InP太赫兹,芯片器件与材料,太赫兹芯片材料,上游材料与器件,4,contextual,需6G/IMT-2030上下文，或至少三个独立6G候选技术簇同时成立,工信部推进组报告/科研机构
锗硅太赫兹,芯片器件与材料,太赫兹芯片材料,上游材料与器件,4,contextual,需6G/IMT-2030上下文，或至少三个独立6G候选技术簇同时成立,工信部推进组报告/科研机构
SiGe太赫兹,芯片器件与材料,太赫兹芯片材料,上游材料与器件,4,contextual,需6G/IMT-2030上下文，或至少三个独立6G候选技术簇同时成立,工信部推进组报告/科研机构
氮化镓太赫兹,芯片器件与材料,太赫兹芯片材料,上游材料与器件,4,contextual,需6G/IMT-2030上下文，或至少三个独立6G候选技术簇同时成立,工信部推进组报告/科研机构
GaN太赫兹,芯片器件与材料,太赫兹芯片材料,上游材料与器件,4,contextual,需6G/IMT-2030上下文，或至少三个独立6G候选技术簇同时成立,工信部推进组报告/科研机构
CMOS太赫兹芯片,芯片器件与材料,太赫兹芯片材料,上游材料与器件,4,contextual,需6G/IMT-2030上下文，或至少三个独立6G候选技术簇同时成立,工信部推进组报告/科研机构
石墨烯太赫兹器件,芯片器件与材料,太赫兹芯片材料,上游材料与器件,4,contextual,需6G/IMT-2030上下文，或至少三个独立6G候选技术簇同时成立,工信部推进组报告/科研机构
二维材料太赫兹,芯片器件与材料,太赫兹芯片材料,上游材料与器件,4,contextual,需6G/IMT-2030上下文，或至少三个独立6G候选技术簇同时成立,工信部推进组报告/科研机构
光子太赫兹芯片,芯片器件与材料,太赫兹芯片材料,上游材料与器件,4,contextual,需6G/IMT-2030上下文，或至少三个独立6G候选技术簇同时成立,工信部推进组报告/科研机构
硅光太赫兹,芯片器件与材料,太赫兹芯片材料,上游材料与器件,4,contextual,需6G/IMT-2030上下文，或至少三个独立6G候选技术簇同时成立,工信部推进组报告/科研机构
太赫兹集成电路,芯片器件与材料,太赫兹芯片材料,上游材料与器件,4,contextual,需6G/IMT-2030上下文，或至少三个独立6G候选技术簇同时成立,工信部推进组报告/科研机构
6G射频前端,芯片器件与材料,高频射频前端,上游核心器件,4,contextual,需6G/IMT-2030上下文，或至少三个独立6G候选技术簇同时成立,两份附件/资本研报
亚太赫兹射频前端,芯片器件与材料,高频射频前端,上游核心器件,4,contextual,需6G/IMT-2030上下文，或至少三个独立6G候选技术簇同时成立,两份附件/资本研报
D波段射频前端,芯片器件与材料,高频射频前端,上游核心器件,4,contextual,需6G/IMT-2030上下文，或至少三个独立6G候选技术簇同时成立,两份附件/资本研报
毫米波太赫兹前端,芯片器件与材料,高频射频前端,上游核心器件,4,contextual,需6G/IMT-2030上下文，或至少三个独立6G候选技术簇同时成立,两份附件/资本研报
高频功率放大器,芯片器件与材料,高频射频前端,上游核心器件,4,contextual,需6G/IMT-2030上下文，或至少三个独立6G候选技术簇同时成立,两份附件/资本研报
高频低噪声放大器,芯片器件与材料,高频射频前端,上游核心器件,4,contextual,需6G/IMT-2030上下文，或至少三个独立6G候选技术簇同时成立,两份附件/资本研报
宽带混频器,芯片器件与材料,高频射频前端,上游核心器件,4,contextual,需6G/IMT-2030上下文，或至少三个独立6G候选技术簇同时成立,两份附件/资本研报
高速数模转换器,芯片器件与材料,高频射频前端,上游核心器件,4,contextual,需6G/IMT-2030上下文，或至少三个独立6G候选技术簇同时成立,两份附件/资本研报
高速模数转换器,芯片器件与材料,高频射频前端,上游核心器件,4,contextual,需6G/IMT-2030上下文，或至少三个独立6G候选技术簇同时成立,两份附件/资本研报
射频收发芯片6G,芯片器件与材料,高频射频前端,上游核心器件,4,contextual,需6G/IMT-2030上下文，或至少三个独立6G候选技术簇同时成立,两份附件/资本研报
高频本振芯片,芯片器件与材料,高频射频前端,上游核心器件,4,contextual,需6G/IMT-2030上下文，或至少三个独立6G候选技术簇同时成立,两份附件/资本研报
宽带频率合成器,芯片器件与材料,高频射频前端,上游核心器件,4,contextual,需6G/IMT-2030上下文，或至少三个独立6G候选技术簇同时成立,两份附件/资本研报
6G基带芯片,芯片器件与材料,基带与AI芯片,上游核心器件,4,contextual,需6G/IMT-2030上下文，或至少三个独立6G候选技术簇同时成立,两份附件/工信部推进组报告/资本研报
6G通信芯片,芯片器件与材料,基带与AI芯片,上游核心器件,4,contextual,需6G/IMT-2030上下文，或至少三个独立6G候选技术簇同时成立,两份附件/工信部推进组报告/资本研报
6G调制解调芯片,芯片器件与材料,基带与AI芯片,上游核心器件,4,contextual,需6G/IMT-2030上下文，或至少三个独立6G候选技术簇同时成立,两份附件/工信部推进组报告/资本研报
6G原型芯片,芯片器件与材料,基带与AI芯片,上游核心器件,4,contextual,需6G/IMT-2030上下文，或至少三个独立6G候选技术簇同时成立,两份附件/工信部推进组报告/资本研报
无线AI芯片,芯片器件与材料,基带与AI芯片,上游核心器件,4,contextual,需6G/IMT-2030上下文，或至少三个独立6G候选技术簇同时成立,两份附件/工信部推进组报告/资本研报
神经网络基带芯片,芯片器件与材料,基带与AI芯片,上游核心器件,4,contextual,需6G/IMT-2030上下文，或至少三个独立6G候选技术簇同时成立,两份附件/工信部推进组报告/资本研报
片上AI接收机,芯片器件与材料,基带与AI芯片,上游核心器件,4,contextual,需6G/IMT-2030上下文，或至少三个独立6G候选技术簇同时成立,两份附件/工信部推进组报告/资本研报
低功耗6G基带,芯片器件与材料,基带与AI芯片,上游核心器件,4,contextual,需6G/IMT-2030上下文，或至少三个独立6G候选技术簇同时成立,两份附件/工信部推进组报告/资本研报
高速基带信号处理芯片,芯片器件与材料,基带与AI芯片,上游核心器件,4,contextual,需6G/IMT-2030上下文，或至少三个独立6G候选技术簇同时成立,两份附件/工信部推进组报告/资本研报
通感一体芯片,芯片器件与材料,基带与AI芯片,上游核心器件,4,contextual,需6G/IMT-2030上下文，或至少三个独立6G候选技术簇同时成立,两份附件/工信部推进组报告/资本研报
通信计算融合芯片,芯片器件与材料,基带与AI芯片,上游核心器件,4,contextual,需6G/IMT-2030上下文，或至少三个独立6G候选技术簇同时成立,两份附件/工信部推进组报告/资本研报
纳米光子芯片,芯片器件与材料,基带与AI芯片,上游核心器件,4,contextual,需6G/IMT-2030上下文，或至少三个独立6G候选技术簇同时成立,两份附件/工信部推进组报告/资本研报
太赫兹天线,芯片器件与材料,天线与阵列,上游核心器件,4,contextual,需6G/IMT-2030上下文，或至少三个独立6G候选技术簇同时成立,工信部推进组报告/资本研报
太赫兹天线阵列,芯片器件与材料,天线与阵列,上游核心器件,4,contextual,需6G/IMT-2030上下文，或至少三个独立6G候选技术簇同时成立,工信部推进组报告/资本研报
超大规模阵列天线,芯片器件与材料,天线与阵列,上游核心器件,4,contextual,需6G/IMT-2030上下文，或至少三个独立6G候选技术簇同时成立,工信部推进组报告/资本研报
连续孔径天线,芯片器件与材料,天线与阵列,上游核心器件,4,contextual,需6G/IMT-2030上下文，或至少三个独立6G候选技术簇同时成立,工信部推进组报告/资本研报
全息天线,芯片器件与材料,天线与阵列,上游核心器件,4,contextual,需6G/IMT-2030上下文，或至少三个独立6G候选技术簇同时成立,工信部推进组报告/资本研报
透镜天线太赫兹,芯片器件与材料,天线与阵列,上游核心器件,4,contextual,需6G/IMT-2030上下文，或至少三个独立6G候选技术簇同时成立,工信部推进组报告/资本研报
片上天线太赫兹,芯片器件与材料,天线与阵列,上游核心器件,4,contextual,需6G/IMT-2030上下文，或至少三个独立6G候选技术簇同时成立,工信部推进组报告/资本研报
封装天线,芯片器件与材料,天线与阵列,上游核心器件,4,contextual,需6G/IMT-2030上下文，或至少三个独立6G候选技术簇同时成立,工信部推进组报告/资本研报
AiP天线,芯片器件与材料,天线与阵列,上游核心器件,4,contextual,需6G/IMT-2030上下文，或至少三个独立6G候选技术簇同时成立,工信部推进组报告/资本研报
相控阵天线6G,芯片器件与材料,天线与阵列,上游核心器件,4,contextual,需6G/IMT-2030上下文，或至少三个独立6G候选技术簇同时成立,工信部推进组报告/资本研报
超宽带高频天线,芯片器件与材料,天线与阵列,上游核心器件,4,contextual,需6G/IMT-2030上下文，或至少三个独立6G候选技术簇同时成立,工信部推进组报告/资本研报
可重构天线6G,芯片器件与材料,天线与阵列,上游核心器件,4,contextual,需6G/IMT-2030上下文，或至少三个独立6G候选技术簇同时成立,工信部推进组报告/资本研报
RIS单元,芯片器件与材料,智能超表面器件,上游核心器件,4,contextual,需6G/IMT-2030上下文，或至少三个独立6G候选技术簇同时成立,IMT-2030推进组/科研机构
超表面单元,芯片器件与材料,智能超表面器件,上游核心器件,4,contextual,需6G/IMT-2030上下文，或至少三个独立6G候选技术簇同时成立,IMT-2030推进组/科研机构
可调超材料单元,芯片器件与材料,智能超表面器件,上游核心器件,4,contextual,需6G/IMT-2030上下文，或至少三个独立6G候选技术簇同时成立,IMT-2030推进组/科研机构
PIN二极管超表面,芯片器件与材料,智能超表面器件,上游核心器件,4,contextual,需6G/IMT-2030上下文，或至少三个独立6G候选技术簇同时成立,IMT-2030推进组/科研机构
变容二极管超表面,芯片器件与材料,智能超表面器件,上游核心器件,4,contextual,需6G/IMT-2030上下文，或至少三个独立6G候选技术簇同时成立,IMT-2030推进组/科研机构
MEMS超表面,芯片器件与材料,智能超表面器件,上游核心器件,4,contextual,需6G/IMT-2030上下文，或至少三个独立6G候选技术簇同时成立,IMT-2030推进组/科研机构
液晶超表面,芯片器件与材料,智能超表面器件,上游核心器件,4,contextual,需6G/IMT-2030上下文，或至少三个独立6G候选技术簇同时成立,IMT-2030推进组/科研机构
石墨烯超表面,芯片器件与材料,智能超表面器件,上游核心器件,4,contextual,需6G/IMT-2030上下文，或至少三个独立6G候选技术簇同时成立,IMT-2030推进组/科研机构
超表面控制器,芯片器件与材料,智能超表面器件,上游核心器件,4,contextual,需6G/IMT-2030上下文，或至少三个独立6G候选技术簇同时成立,IMT-2030推进组/科研机构
RIS控制芯片,芯片器件与材料,智能超表面器件,上游核心器件,4,contextual,需6G/IMT-2030上下文，或至少三个独立6G候选技术簇同时成立,IMT-2030推进组/科研机构
超表面阵列板,芯片器件与材料,智能超表面器件,上游核心器件,4,contextual,需6G/IMT-2030上下文，或至少三个独立6G候选技术簇同时成立,IMT-2030推进组/科研机构
可编程电磁表面,芯片器件与材料,智能超表面器件,上游核心器件,4,contextual,需6G/IMT-2030上下文，或至少三个独立6G候选技术簇同时成立,IMT-2030推进组/科研机构
可见光通信LED,芯片器件与材料,光通信器件,上游核心器件,4,contextual,需6G/IMT-2030上下文，或至少三个独立6G候选技术簇同时成立,工信部推进组报告/科研机构
高速Micro-LED通信,芯片器件与材料,光通信器件,上游核心器件,4,contextual,需6G/IMT-2030上下文，或至少三个独立6G候选技术簇同时成立,工信部推进组报告/科研机构
激光二极管可见光通信,芯片器件与材料,光通信器件,上游核心器件,4,contextual,需6G/IMT-2030上下文，或至少三个独立6G候选技术簇同时成立,工信部推进组报告/科研机构
可见光光电探测器,芯片器件与材料,光通信器件,上游核心器件,4,contextual,需6G/IMT-2030上下文，或至少三个独立6G候选技术簇同时成立,工信部推进组报告/科研机构
自由空间光收发机,芯片器件与材料,光通信器件,上游核心器件,4,contextual,需6G/IMT-2030上下文，或至少三个独立6G候选技术簇同时成立,工信部推进组报告/科研机构
硅光收发芯片,芯片器件与材料,光通信器件,上游核心器件,4,contextual,需6G/IMT-2030上下文，或至少三个独立6G候选技术簇同时成立,工信部推进组报告/科研机构
光子集成收发器,芯片器件与材料,光通信器件,上游核心器件,4,contextual,需6G/IMT-2030上下文，或至少三个独立6G候选技术簇同时成立,工信部推进组报告/科研机构
微波光子芯片,芯片器件与材料,光通信器件,上游核心器件,4,contextual,需6G/IMT-2030上下文，或至少三个独立6G候选技术簇同时成立,工信部推进组报告/科研机构
相干光无线收发,芯片器件与材料,光通信器件,上游核心器件,4,contextual,需6G/IMT-2030上下文，或至少三个独立6G候选技术簇同时成立,工信部推进组报告/科研机构
光电融合前端,芯片器件与材料,光通信器件,上游核心器件,4,contextual,需6G/IMT-2030上下文，或至少三个独立6G候选技术簇同时成立,工信部推进组报告/科研机构
6G芯片先进封装,芯片器件与材料,封装测试与互连,上游制造,3,contextual,需6G/IMT-2030上下文，或至少三个独立6G候选技术簇同时成立,资本研报/科研机构
太赫兹芯片封装,芯片器件与材料,封装测试与互连,上游制造,3,contextual,需6G/IMT-2030上下文，或至少三个独立6G候选技术簇同时成立,资本研报/科研机构
高频低损耗封装,芯片器件与材料,封装测试与互连,上游制造,3,contextual,需6G/IMT-2030上下文，或至少三个独立6G候选技术簇同时成立,资本研报/科研机构
天线封装一体化,芯片器件与材料,封装测试与互连,上游制造,3,contextual,需6G/IMT-2030上下文，或至少三个独立6G候选技术簇同时成立,资本研报/科研机构
晶圆级射频封装,芯片器件与材料,封装测试与互连,上游制造,3,contextual,需6G/IMT-2030上下文，或至少三个独立6G候选技术簇同时成立,资本研报/科研机构
异质集成射频芯片,芯片器件与材料,封装测试与互连,上游制造,3,contextual,需6G/IMT-2030上下文，或至少三个独立6G候选技术簇同时成立,资本研报/科研机构
射频芯粒,芯片器件与材料,封装测试与互连,上游制造,3,contextual,需6G/IMT-2030上下文，或至少三个独立6G候选技术簇同时成立,资本研报/科研机构
Chiplet射频,芯片器件与材料,封装测试与互连,上游制造,3,contextual,需6G/IMT-2030上下文，或至少三个独立6G候选技术簇同时成立,资本研报/科研机构
高频互连,芯片器件与材料,封装测试与互连,上游制造,3,contextual,需6G/IMT-2030上下文，或至少三个独立6G候选技术簇同时成立,资本研报/科研机构
太赫兹探针测试,芯片器件与材料,封装测试与互连,上游制造,3,contextual,需6G/IMT-2030上下文，或至少三个独立6G候选技术簇同时成立,资本研报/科研机构
毫米波太赫兹测试接口,芯片器件与材料,封装测试与互连,上游制造,3,contextual,需6G/IMT-2030上下文，或至少三个独立6G候选技术簇同时成立,资本研报/科研机构
6G高频材料,芯片器件与材料,高频材料,上游材料,3,contextual,需6G/IMT-2030上下文，或至少三个独立6G候选技术簇同时成立,资本研报/科研机构
低损耗高频覆铜板,芯片器件与材料,高频材料,上游材料,3,contextual,需6G/IMT-2030上下文，或至少三个独立6G候选技术簇同时成立,资本研报/科研机构
毫米波太赫兹基板,芯片器件与材料,高频材料,上游材料,3,contextual,需6G/IMT-2030上下文，或至少三个独立6G候选技术簇同时成立,资本研报/科研机构
液晶聚合物天线材料,芯片器件与材料,高频材料,上游材料,3,contextual,需6G/IMT-2030上下文，或至少三个独立6G候选技术簇同时成立,资本研报/科研机构
LCP高频材料,芯片器件与材料,高频材料,上游材料,3,contextual,需6G/IMT-2030上下文，或至少三个独立6G候选技术簇同时成立,资本研报/科研机构
PTFE高频基板,芯片器件与材料,高频材料,上游材料,3,contextual,需6G/IMT-2030上下文，或至少三个独立6G候选技术簇同时成立,资本研报/科研机构
低介电常数材料,芯片器件与材料,高频材料,上游材料,3,contextual,需6G/IMT-2030上下文，或至少三个独立6G候选技术簇同时成立,资本研报/科研机构
低介质损耗材料,芯片器件与材料,高频材料,上游材料,3,contextual,需6G/IMT-2030上下文，或至少三个独立6G候选技术簇同时成立,资本研报/科研机构
超材料电磁表面,芯片器件与材料,高频材料,上游材料,3,contextual,需6G/IMT-2030上下文，或至少三个独立6G候选技术簇同时成立,资本研报/科研机构
高频封装材料,芯片器件与材料,高频材料,上游材料,3,contextual,需6G/IMT-2030上下文，或至少三个独立6G候选技术簇同时成立,资本研报/科研机构
射频陶瓷材料,芯片器件与材料,高频材料,上游材料,3,contextual,需6G/IMT-2030上下文，或至少三个独立6G候选技术簇同时成立,资本研报/科研机构
通信芯片,芯片器件与材料,通用通信硬件词,上游核心器件,3,contextual,需6G/IMT-2030上下文，或至少三个独立6G候选技术簇同时成立,两份附件/资本研报/上下文补充
基带芯片,芯片器件与材料,通用通信硬件词,上游核心器件,3,contextual,需6G/IMT-2030上下文，或至少三个独立6G候选技术簇同时成立,两份附件/资本研报/上下文补充
射频前端,芯片器件与材料,通用通信硬件词,上游核心器件,3,contextual,需6G/IMT-2030上下文，或至少三个独立6G候选技术簇同时成立,两份附件/资本研报/上下文补充
功率放大器,芯片器件与材料,通用通信硬件词,上游核心器件,3,contextual,需6G/IMT-2030上下文，或至少三个独立6G候选技术簇同时成立,两份附件/资本研报/上下文补充
低噪声放大器,芯片器件与材料,通用通信硬件词,上游核心器件,3,contextual,需6G/IMT-2030上下文，或至少三个独立6G候选技术簇同时成立,两份附件/资本研报/上下文补充
模数转换器,芯片器件与材料,通用通信硬件词,上游核心器件,3,contextual,需6G/IMT-2030上下文，或至少三个独立6G候选技术簇同时成立,两份附件/资本研报/上下文补充
数模转换器,芯片器件与材料,通用通信硬件词,上游核心器件,3,contextual,需6G/IMT-2030上下文，或至少三个独立6G候选技术簇同时成立,两份附件/资本研报/上下文补充
相控阵天线,芯片器件与材料,通用通信硬件词,上游核心器件,3,contextual,需6G/IMT-2030上下文，或至少三个独立6G候选技术簇同时成立,两份附件/资本研报/上下文补充
天线阵列,芯片器件与材料,通用通信硬件词,上游核心器件,3,contextual,需6G/IMT-2030上下文，或至少三个独立6G候选技术簇同时成立,两份附件/资本研报/上下文补充
通信模组,芯片器件与材料,通用通信硬件词,上游核心器件,3,contextual,需6G/IMT-2030上下文，或至少三个独立6G候选技术簇同时成立,两份附件/资本研报/上下文补充
收发机,芯片器件与材料,通用通信硬件词,上游核心器件,3,contextual,需6G/IMT-2030上下文，或至少三个独立6G候选技术簇同时成立,两份附件/资本研报/上下文补充
基站设备,芯片器件与材料,通用通信硬件词,上游核心器件,3,contextual,需6G/IMT-2030上下文，或至少三个独立6G候选技术簇同时成立,两份附件/资本研报/上下文补充
核心网设备,芯片器件与材料,通用通信硬件词,上游核心器件,3,contextual,需6G/IMT-2030上下文，或至少三个独立6G候选技术簇同时成立,两份附件/资本研报/上下文补充
光模块,芯片器件与材料,通用通信硬件词,上游核心器件,3,contextual,需6G/IMT-2030上下文，或至少三个独立6G候选技术簇同时成立,两份附件/资本研报/上下文补充
6G绿色通信,绿色通信与能量,绿色网络,中游网络,3,contextual,需6G/IMT-2030上下文，或至少三个独立6G候选技术簇同时成立,两份附件/ITU
6G绿色网络,绿色通信与能量,绿色网络,中游网络,3,contextual,需6G/IMT-2030上下文，或至少三个独立6G候选技术簇同时成立,两份附件/ITU
6G节能网络,绿色通信与能量,绿色网络,中游网络,3,contextual,需6G/IMT-2030上下文，或至少三个独立6G候选技术簇同时成立,两份附件/ITU
6G低碳网络,绿色通信与能量,绿色网络,中游网络,3,contextual,需6G/IMT-2030上下文，或至少三个独立6G候选技术簇同时成立,两份附件/ITU
网络能效优化6G,绿色通信与能量,绿色网络,中游网络,3,contextual,需6G/IMT-2030上下文，或至少三个独立6G候选技术簇同时成立,两份附件/ITU
碳感知网络,绿色通信与能量,绿色网络,中游网络,3,contextual,需6G/IMT-2030上下文，或至少三个独立6G候选技术簇同时成立,两份附件/ITU
基站智能节能6G,绿色通信与能量,绿色网络,中游网络,3,contextual,需6G/IMT-2030上下文，或至少三个独立6G候选技术簇同时成立,两份附件/ITU
端到端能耗优化,绿色通信与能量,绿色网络,中游网络,3,contextual,需6G/IMT-2030上下文，或至少三个独立6G候选技术簇同时成立,两份附件/ITU
零比特零瓦特,绿色通信与能量,绿色网络,中游网络,3,contextual,需6G/IMT-2030上下文，或至少三个独立6G候选技术簇同时成立,两份附件/ITU
按需唤醒网络,绿色通信与能量,绿色网络,中游网络,3,contextual,需6G/IMT-2030上下文，或至少三个独立6G候选技术簇同时成立,两份附件/ITU
通信算力协同节能,绿色通信与能量,绿色网络,中游网络,3,contextual,需6G/IMT-2030上下文，或至少三个独立6G候选技术簇同时成立,两份附件/ITU
6G无源物联网,绿色通信与能量,无源物联网,上游终端与下游应用,4,contextual,需6G/IMT-2030上下文，或至少三个独立6G候选技术簇同时成立,TDIA2025/科研机构
Ambient IoT 6G,绿色通信与能量,无源物联网,上游终端与下游应用,4,contextual,需6G/IMT-2030上下文，或至少三个独立6G候选技术簇同时成立,TDIA2025/科研机构
环境物联网6G,绿色通信与能量,无源物联网,上游终端与下游应用,4,contextual,需6G/IMT-2030上下文，或至少三个独立6G候选技术簇同时成立,TDIA2025/科研机构
无源蜂窝物联网,绿色通信与能量,无源物联网,上游终端与下游应用,4,contextual,需6G/IMT-2030上下文，或至少三个独立6G候选技术簇同时成立,TDIA2025/科研机构
反向散射通信6G,绿色通信与能量,无源物联网,上游终端与下游应用,4,contextual,需6G/IMT-2030上下文，或至少三个独立6G候选技术簇同时成立,TDIA2025/科研机构
环境反向散射,绿色通信与能量,无源物联网,上游终端与下游应用,4,contextual,需6G/IMT-2030上下文，或至少三个独立6G候选技术簇同时成立,TDIA2025/科研机构
零功耗物联网终端,绿色通信与能量,无源物联网,上游终端与下游应用,4,contextual,需6G/IMT-2030上下文，或至少三个独立6G候选技术簇同时成立,TDIA2025/科研机构
无电池通信终端,绿色通信与能量,无源物联网,上游终端与下游应用,4,contextual,需6G/IMT-2030上下文，或至少三个独立6G候选技术簇同时成立,TDIA2025/科研机构
超低功耗标签通信,绿色通信与能量,无源物联网,上游终端与下游应用,4,contextual,需6G/IMT-2030上下文，或至少三个独立6G候选技术簇同时成立,TDIA2025/科研机构
蜂窝无源标签,绿色通信与能量,无源物联网,上游终端与下游应用,4,contextual,需6G/IMT-2030上下文，或至少三个独立6G候选技术簇同时成立,TDIA2025/科研机构
6G无线能量传输,绿色通信与能量,能量采集与无线供能,中游空口,4,contextual,需6G/IMT-2030上下文，或至少三个独立6G候选技术簇同时成立,工信部推进组报告/科研论文
无线信息能量同传,绿色通信与能量,能量采集与无线供能,中游空口,4,contextual,需6G/IMT-2030上下文，或至少三个独立6G候选技术簇同时成立,工信部推进组报告/科研论文
SWIPT,绿色通信与能量,能量采集与无线供能,中游空口,4,contextual,需6G/IMT-2030上下文，或至少三个独立6G候选技术簇同时成立,工信部推进组报告/科研论文
无线供能通信,绿色通信与能量,能量采集与无线供能,中游空口,4,contextual,需6G/IMT-2030上下文，或至少三个独立6G候选技术簇同时成立,工信部推进组报告/科研论文
射频能量采集,绿色通信与能量,能量采集与无线供能,中游空口,4,contextual,需6G/IMT-2030上下文，或至少三个独立6G候选技术簇同时成立,工信部推进组报告/科研论文
太赫兹无线供能,绿色通信与能量,能量采集与无线供能,中游空口,4,contextual,需6G/IMT-2030上下文，或至少三个独立6G候选技术簇同时成立,工信部推进组报告/科研论文
RIS辅助无线供能,绿色通信与能量,能量采集与无线供能,中游空口,4,contextual,需6G/IMT-2030上下文，或至少三个独立6G候选技术簇同时成立,工信部推进组报告/科研论文
能量波束赋形,绿色通信与能量,能量采集与无线供能,中游空口,4,contextual,需6G/IMT-2030上下文，或至少三个独立6G候选技术簇同时成立,工信部推进组报告/科研论文
通信感知供能一体,绿色通信与能量,能量采集与无线供能,中游空口,4,contextual,需6G/IMT-2030上下文，或至少三个独立6G候选技术簇同时成立,工信部推进组报告/科研论文
信息能量联合传输,绿色通信与能量,能量采集与无线供能,中游空口,4,contextual,需6G/IMT-2030上下文，或至少三个独立6G候选技术簇同时成立,工信部推进组报告/科研论文
6G内生安全,安全可信与隐私,内生安全,安全与服务,5,core,无需上下文；领域锚点本身只给低分,工信部推进组报告/IMT-2030推进组
6G安全内生,安全可信与隐私,内生安全,安全与服务,5,core,无需上下文；领域锚点本身只给低分,工信部推进组报告/IMT-2030推进组
网络内生安全6G,安全可信与隐私,内生安全,安全与服务,5,core,无需上下文；领域锚点本身只给低分,工信部推进组报告/IMT-2030推进组
6G可信内生,安全可信与隐私,内生安全,安全与服务,5,core,无需上下文；领域锚点本身只给低分,工信部推进组报告/IMT-2030推进组
6G安全架构,安全可信与隐私,内生安全,安全与服务,5,core,无需上下文；领域锚点本身只给低分,工信部推进组报告/IMT-2030推进组
6G韧性安全,安全可信与隐私,内生安全,安全与服务,5,core,无需上下文；领域锚点本身只给低分,工信部推进组报告/IMT-2030推进组
安全与网络一体化设计,安全可信与隐私,内生安全,安全与服务,5,core,无需上下文；领域锚点本身只给低分,工信部推进组报告/IMT-2030推进组
自适应网络防御6G,安全可信与隐私,内生安全,安全与服务,5,core,无需上下文；领域锚点本身只给低分,工信部推进组报告/IMT-2030推进组
6G全生命周期安全,安全可信与隐私,内生安全,安全与服务,5,core,无需上下文；领域锚点本身只给低分,工信部推进组报告/IMT-2030推进组
6G多模信任,安全可信与隐私,多模信任,安全与服务,4,contextual,需6G/IMT-2030上下文，或至少三个独立6G候选技术簇同时成立,工信部推进组报告
多模信任架构,安全可信与隐私,多模信任,安全与服务,4,contextual,需6G/IMT-2030上下文，或至少三个独立6G候选技术簇同时成立,工信部推进组报告
中心化去中心化混合信任,安全可信与隐私,多模信任,安全与服务,4,contextual,需6G/IMT-2030上下文，或至少三个独立6G候选技术簇同时成立,工信部推进组报告
跨域信任6G,安全可信与隐私,多模信任,安全与服务,4,contextual,需6G/IMT-2030上下文，或至少三个独立6G候选技术簇同时成立,工信部推进组报告
零信任6G,安全可信与隐私,多模信任,安全与服务,4,contextual,需6G/IMT-2030上下文，或至少三个独立6G候选技术簇同时成立,工信部推进组报告
动态信任评估,安全可信与隐私,多模信任,安全与服务,4,contextual,需6G/IMT-2030上下文，或至少三个独立6G候选技术簇同时成立,工信部推进组报告
异构网络信任管理,安全可信与隐私,多模信任,安全与服务,4,contextual,需6G/IMT-2030上下文，或至少三个独立6G候选技术簇同时成立,工信部推进组报告
第三方信任网络,安全可信与隐私,多模信任,安全与服务,4,contextual,需6G/IMT-2030上下文，或至少三个独立6G候选技术簇同时成立,工信部推进组报告
可信身份6G,安全可信与隐私,多模信任,安全与服务,4,contextual,需6G/IMT-2030上下文，或至少三个独立6G候选技术簇同时成立,工信部推进组报告
6G隐私计算,安全可信与隐私,隐私计算与数据安全,安全与服务,4,contextual,需6G/IMT-2030上下文，或至少三个独立6G候选技术簇同时成立,工信部推进组报告/科研机构
无线隐私计算,安全可信与隐私,隐私计算与数据安全,安全与服务,4,contextual,需6G/IMT-2030上下文，或至少三个独立6G候选技术簇同时成立,工信部推进组报告/科研机构
6G数据隐私,安全可信与隐私,隐私计算与数据安全,安全与服务,4,contextual,需6G/IMT-2030上下文，或至少三个独立6G候选技术簇同时成立,工信部推进组报告/科研机构
联邦学习隐私保护,安全可信与隐私,隐私计算与数据安全,安全与服务,4,contextual,需6G/IMT-2030上下文，或至少三个独立6G候选技术簇同时成立,工信部推进组报告/科研机构
差分隐私无线网络,安全可信与隐私,隐私计算与数据安全,安全与服务,4,contextual,需6G/IMT-2030上下文，或至少三个独立6G候选技术簇同时成立,工信部推进组报告/科研机构
安全多方计算6G,安全可信与隐私,隐私计算与数据安全,安全与服务,4,contextual,需6G/IMT-2030上下文，或至少三个独立6G候选技术簇同时成立,工信部推进组报告/科研机构
同态加密通信网络,安全可信与隐私,隐私计算与数据安全,安全与服务,4,contextual,需6G/IMT-2030上下文，或至少三个独立6G候选技术簇同时成立,工信部推进组报告/科研机构
可信执行环境6G,安全可信与隐私,隐私计算与数据安全,安全与服务,4,contextual,需6G/IMT-2030上下文，或至少三个独立6G候选技术簇同时成立,工信部推进组报告/科研机构
数据流转监测6G,安全可信与隐私,隐私计算与数据安全,安全与服务,4,contextual,需6G/IMT-2030上下文，或至少三个独立6G候选技术簇同时成立,工信部推进组报告/科研机构
网络数据脱敏,安全可信与隐私,隐私计算与数据安全,安全与服务,4,contextual,需6G/IMT-2030上下文，或至少三个独立6G候选技术簇同时成立,工信部推进组报告/科研机构
6G物理层安全,安全可信与隐私,物理层安全,安全与服务,4,contextual,需6G/IMT-2030上下文，或至少三个独立6G候选技术簇同时成立,科研机构/公开论文
无线物理层安全,安全可信与隐私,物理层安全,安全与服务,4,contextual,需6G/IMT-2030上下文，或至少三个独立6G候选技术簇同时成立,科研机构/公开论文
安全波束赋形,安全可信与隐私,物理层安全,安全与服务,4,contextual,需6G/IMT-2030上下文，或至少三个独立6G候选技术簇同时成立,科研机构/公开论文
人工噪声保密通信,安全可信与隐私,物理层安全,安全与服务,4,contextual,需6G/IMT-2030上下文，或至少三个独立6G候选技术簇同时成立,科研机构/公开论文
秘密速率优化,安全可信与隐私,物理层安全,安全与服务,4,contextual,需6G/IMT-2030上下文，或至少三个独立6G候选技术簇同时成立,科研机构/公开论文
信道密钥生成,安全可信与隐私,物理层安全,安全与服务,4,contextual,需6G/IMT-2030上下文，或至少三个独立6G候选技术簇同时成立,科研机构/公开论文
射频指纹认证,安全可信与隐私,物理层安全,安全与服务,4,contextual,需6G/IMT-2030上下文，或至少三个独立6G候选技术簇同时成立,科研机构/公开论文
太赫兹保密通信,安全可信与隐私,物理层安全,安全与服务,4,contextual,需6G/IMT-2030上下文，或至少三个独立6G候选技术簇同时成立,科研机构/公开论文
RIS辅助物理层安全,安全可信与隐私,物理层安全,安全与服务,4,contextual,需6G/IMT-2030上下文，或至少三个独立6G候选技术簇同时成立,科研机构/公开论文
抗窃听无线传输,安全可信与隐私,物理层安全,安全与服务,4,contextual,需6G/IMT-2030上下文，或至少三个独立6G候选技术簇同时成立,科研机构/公开论文
6G后量子密码,安全可信与隐私,密码与量子安全,安全与服务,3,contextual,需6G/IMT-2030上下文，或至少三个独立6G候选技术簇同时成立,工信部推进组报告/科研机构
后量子密码通信网络,安全可信与隐私,密码与量子安全,安全与服务,3,contextual,需6G/IMT-2030上下文，或至少三个独立6G候选技术簇同时成立,工信部推进组报告/科研机构
6G量子安全密码,安全可信与隐私,密码与量子安全,安全与服务,3,contextual,需6G/IMT-2030上下文，或至少三个独立6G候选技术簇同时成立,工信部推进组报告/科研机构
量子密钥分发6G,安全可信与隐私,密码与量子安全,安全与服务,3,contextual,需6G/IMT-2030上下文，或至少三个独立6G候选技术簇同时成立,工信部推进组报告/科研机构
QKD星地融合,安全可信与隐私,密码与量子安全,安全与服务,3,contextual,需6G/IMT-2030上下文，或至少三个独立6G候选技术簇同时成立,工信部推进组报告/科研机构
逼近香农一次一密,安全可信与隐私,密码与量子安全,安全与服务,3,contextual,需6G/IMT-2030上下文，或至少三个独立6G候选技术簇同时成立,工信部推进组报告/科研机构
6G密钥安全分发,安全可信与隐私,密码与量子安全,安全与服务,3,contextual,需6G/IMT-2030上下文，或至少三个独立6G候选技术簇同时成立,工信部推进组报告/科研机构
高通量通信加密,安全可信与隐私,密码与量子安全,安全与服务,3,contextual,需6G/IMT-2030上下文，或至少三个独立6G候选技术簇同时成立,工信部推进组报告/科研机构
区块链6G网络,安全可信与隐私,密码与量子安全,安全与服务,3,contextual,需6G/IMT-2030上下文，或至少三个独立6G候选技术簇同时成立,工信部推进组报告/科研机构
6G分布式账本,安全可信与隐私,密码与量子安全,安全与服务,3,contextual,需6G/IMT-2030上下文，或至少三个独立6G候选技术簇同时成立,工信部推进组报告/科研机构
6G信道探测仪,测试验证与仪器,信道与射频测试,上游仪器仪表,4,contextual,需6G/IMT-2030上下文，或至少三个独立6G候选技术簇同时成立,两份附件/资本研报
太赫兹信道探测器,测试验证与仪器,信道与射频测试,上游仪器仪表,4,contextual,需6G/IMT-2030上下文，或至少三个独立6G候选技术簇同时成立,两份附件/资本研报
太赫兹信号源,测试验证与仪器,信道与射频测试,上游仪器仪表,4,contextual,需6G/IMT-2030上下文，或至少三个独立6G候选技术簇同时成立,两份附件/资本研报
太赫兹频谱分析仪,测试验证与仪器,信道与射频测试,上游仪器仪表,4,contextual,需6G/IMT-2030上下文，或至少三个独立6G候选技术簇同时成立,两份附件/资本研报
太赫兹矢量网络分析,测试验证与仪器,信道与射频测试,上游仪器仪表,4,contextual,需6G/IMT-2030上下文，或至少三个独立6G候选技术簇同时成立,两份附件/资本研报
高频空口测试,测试验证与仪器,信道与射频测试,上游仪器仪表,4,contextual,需6G/IMT-2030上下文，或至少三个独立6G候选技术簇同时成立,两份附件/资本研报
6G射频一致性测试,测试验证与仪器,信道与射频测试,上游仪器仪表,4,contextual,需6G/IMT-2030上下文，或至少三个独立6G候选技术簇同时成立,两份附件/资本研报
D波段测试系统,测试验证与仪器,信道与射频测试,上游仪器仪表,4,contextual,需6G/IMT-2030上下文，或至少三个独立6G候选技术簇同时成立,两份附件/资本研报
太赫兹OTA测试,测试验证与仪器,信道与射频测试,上游仪器仪表,4,contextual,需6G/IMT-2030上下文，或至少三个独立6G候选技术簇同时成立,两份附件/资本研报
近场天线测试6G,测试验证与仪器,信道与射频测试,上游仪器仪表,4,contextual,需6G/IMT-2030上下文，或至少三个独立6G候选技术簇同时成立,两份附件/资本研报
6G原型系统,测试验证与仪器,原型与试验平台,标准与试验,4,core,无需上下文；领域锚点本身只给低分,TDIA2025/IMT-2030推进组
6G试验网,测试验证与仪器,原型与试验平台,标准与试验,4,core,无需上下文；领域锚点本身只给低分,TDIA2025/IMT-2030推进组
6G测试床,测试验证与仪器,原型与试验平台,标准与试验,4,core,无需上下文；领域锚点本身只给低分,TDIA2025/IMT-2030推进组
6G仿真平台,测试验证与仪器,原型与试验平台,标准与试验,4,core,无需上下文；领域锚点本身只给低分,TDIA2025/IMT-2030推进组
6G公共试验平台,测试验证与仪器,原型与试验平台,标准与试验,4,core,无需上下文；领域锚点本身只给低分,TDIA2025/IMT-2030推进组
6G研发试验装置,测试验证与仪器,原型与试验平台,标准与试验,4,core,无需上下文；领域锚点本身只给低分,TDIA2025/IMT-2030推进组
6G技术验证平台,测试验证与仪器,原型与试验平台,标准与试验,4,core,无需上下文；领域锚点本身只给低分,TDIA2025/IMT-2030推进组
6G系统级验证,测试验证与仪器,原型与试验平台,标准与试验,4,core,无需上下文；领域锚点本身只给低分,TDIA2025/IMT-2030推进组
6G外场试验,测试验证与仪器,原型与试验平台,标准与试验,4,core,无需上下文；领域锚点本身只给低分,TDIA2025/IMT-2030推进组
6G先导试验,测试验证与仪器,原型与试验平台,标准与试验,4,core,无需上下文；领域锚点本身只给低分,TDIA2025/IMT-2030推进组
智启6G平台,测试验证与仪器,原型与试验平台,标准与试验,4,core,无需上下文；领域锚点本身只给低分,TDIA2025/IMT-2030推进组
6G系统仿真,测试验证与仪器,数字仿真与评估,标准与试验,3,contextual,需6G/IMT-2030上下文，或至少三个独立6G候选技术簇同时成立,TDIA2025/ITU/3GPP
6G链路级仿真,测试验证与仪器,数字仿真与评估,标准与试验,3,contextual,需6G/IMT-2030上下文，或至少三个独立6G候选技术簇同时成立,TDIA2025/ITU/3GPP
6G网络级仿真,测试验证与仪器,数字仿真与评估,标准与试验,3,contextual,需6G/IMT-2030上下文，或至少三个独立6G候选技术簇同时成立,TDIA2025/ITU/3GPP
6G硬件在环,测试验证与仪器,数字仿真与评估,标准与试验,3,contextual,需6G/IMT-2030上下文，或至少三个独立6G候选技术簇同时成立,TDIA2025/ITU/3GPP
6G数字孪生测试,测试验证与仪器,数字仿真与评估,标准与试验,3,contextual,需6G/IMT-2030上下文，或至少三个独立6G候选技术簇同时成立,TDIA2025/ITU/3GPP
6G候选技术评估,测试验证与仪器,数字仿真与评估,标准与试验,3,contextual,需6G/IMT-2030上下文，或至少三个独立6G候选技术簇同时成立,TDIA2025/ITU/3GPP
IMT-2030性能评估,测试验证与仪器,数字仿真与评估,标准与试验,3,contextual,需6G/IMT-2030上下文，或至少三个独立6G候选技术簇同时成立,TDIA2025/ITU/3GPP
6G互操作测试,测试验证与仪器,数字仿真与评估,标准与试验,3,contextual,需6G/IMT-2030上下文，或至少三个独立6G候选技术簇同时成立,TDIA2025/ITU/3GPP
6G端到端测试,测试验证与仪器,数字仿真与评估,标准与试验,3,contextual,需6G/IMT-2030上下文，或至少三个独立6G候选技术簇同时成立,TDIA2025/ITU/3GPP
6G多场景测试,测试验证与仪器,数字仿真与评估,标准与试验,3,contextual,需6G/IMT-2030上下文，或至少三个独立6G候选技术簇同时成立,TDIA2025/ITU/3GPP
6G基站,终端设备与基础设施,基站与核心网设备,上游设备与基础设施,4,core,无需上下文；领域锚点本身只给低分,TDIA2025/资本研报
6G微基站,终端设备与基础设施,基站与核心网设备,上游设备与基础设施,4,core,无需上下文；领域锚点本身只给低分,TDIA2025/资本研报
6G分布式基站,终端设备与基础设施,基站与核心网设备,上游设备与基础设施,4,core,无需上下文；领域锚点本身只给低分,TDIA2025/资本研报
6G核心网,终端设备与基础设施,基站与核心网设备,上游设备与基础设施,4,core,无需上下文；领域锚点本身只给低分,TDIA2025/资本研报
6G无线接入网,终端设备与基础设施,基站与核心网设备,上游设备与基础设施,4,core,无需上下文；领域锚点本身只给低分,TDIA2025/资本研报
6G承载网,终端设备与基础设施,基站与核心网设备,上游设备与基础设施,4,core,无需上下文；领域锚点本身只给低分,TDIA2025/资本研报
6G回传设备,终端设备与基础设施,基站与核心网设备,上游设备与基础设施,4,core,无需上下文；领域锚点本身只给低分,TDIA2025/资本研报
6G前传设备,终端设备与基础设施,基站与核心网设备,上游设备与基础设施,4,core,无需上下文；领域锚点本身只给低分,TDIA2025/资本研报
6G室内分布系统,终端设备与基础设施,基站与核心网设备,上游设备与基础设施,4,core,无需上下文；领域锚点本身只给低分,TDIA2025/资本研报
6G边缘节点,终端设备与基础设施,基站与核心网设备,上游设备与基础设施,4,core,无需上下文；领域锚点本身只给低分,TDIA2025/资本研报
6G云化基站,终端设备与基础设施,基站与核心网设备,上游设备与基础设施,4,core,无需上下文；领域锚点本身只给低分,TDIA2025/资本研报
6G终端,终端设备与基础设施,终端与模组,上游终端,3,core,无需上下文；领域锚点本身只给低分,TDIA2025/资本研报
6G手机,终端设备与基础设施,终端与模组,上游终端,3,core,无需上下文；领域锚点本身只给低分,TDIA2025/资本研报
6G通信模组,终端设备与基础设施,终端与模组,上游终端,3,core,无需上下文；领域锚点本身只给低分,TDIA2025/资本研报
6G射频模组,终端设备与基础设施,终端与模组,上游终端,3,core,无需上下文；领域锚点本身只给低分,TDIA2025/资本研报
6G卫星终端,终端设备与基础设施,终端与模组,上游终端,3,core,无需上下文；领域锚点本身只给低分,TDIA2025/资本研报
6G物联网模组,终端设备与基础设施,终端与模组,上游终端,3,core,无需上下文；领域锚点本身只给低分,TDIA2025/资本研报
6G可穿戴终端,终端设备与基础设施,终端与模组,上游终端,3,core,无需上下文；领域锚点本身只给低分,TDIA2025/资本研报
6G工业终端,终端设备与基础设施,终端与模组,上游终端,3,core,无需上下文；领域锚点本身只给低分,TDIA2025/资本研报
6G车载终端,终端设备与基础设施,终端与模组,上游终端,3,core,无需上下文；领域锚点本身只给低分,TDIA2025/资本研报
6G XR终端,终端设备与基础设施,终端与模组,上游终端,3,core,无需上下文；领域锚点本身只给低分,TDIA2025/资本研报
6G通感终端,终端设备与基础设施,终端与模组,上游终端,3,core,无需上下文；领域锚点本身只给低分,TDIA2025/资本研报
6G光承载网,终端设备与基础设施,光纤承载与数据中心,上游设备与基础设施,3,contextual,需6G/IMT-2030上下文，或至少三个独立6G候选技术簇同时成立,资本研报/ITU-T
6G前传光模块,终端设备与基础设施,光纤承载与数据中心,上游设备与基础设施,3,contextual,需6G/IMT-2030上下文，或至少三个独立6G候选技术簇同时成立,资本研报/ITU-T
6G回传光模块,终端设备与基础设施,光纤承载与数据中心,上游设备与基础设施,3,contextual,需6G/IMT-2030上下文，或至少三个独立6G候选技术簇同时成立,资本研报/ITU-T
6G相干光通信,终端设备与基础设施,光纤承载与数据中心,上游设备与基础设施,3,contextual,需6G/IMT-2030上下文，或至少三个独立6G候选技术簇同时成立,资本研报/ITU-T
6G超高速光互联,终端设备与基础设施,光纤承载与数据中心,上游设备与基础设施,3,contextual,需6G/IMT-2030上下文，或至少三个独立6G候选技术簇同时成立,资本研报/ITU-T
6G数据中心互联,终端设备与基础设施,光纤承载与数据中心,上游设备与基础设施,3,contextual,需6G/IMT-2030上下文，或至少三个独立6G候选技术簇同时成立,资本研报/ITU-T
6G全光网络,终端设备与基础设施,光纤承载与数据中心,上游设备与基础设施,3,contextual,需6G/IMT-2030上下文，或至少三个独立6G候选技术簇同时成立,资本研报/ITU-T
6G光纤无线融合,终端设备与基础设施,光纤承载与数据中心,上游设备与基础设施,3,contextual,需6G/IMT-2030上下文，或至少三个独立6G候选技术簇同时成立,资本研报/ITU-T
6G太赫兹光纤融合,终端设备与基础设施,光纤承载与数据中心,上游设备与基础设施,3,contextual,需6G/IMT-2030上下文，或至少三个独立6G候选技术簇同时成立,资本研报/ITU-T
6G算力中心连接,终端设备与基础设施,光纤承载与数据中心,上游设备与基础设施,3,contextual,需6G/IMT-2030上下文，或至少三个独立6G候选技术簇同时成立,资本研报/ITU-T
6G全息视频,应用与业务,全息与多感官交互,下游应用,2,core,无需上下文；领域锚点本身只给低分,工信部推进组报告/ITU
6G全息会议,应用与业务,全息与多感官交互,下游应用,2,core,无需上下文；领域锚点本身只给低分,工信部推进组报告/ITU
6G全息远程呈现,应用与业务,全息与多感官交互,下游应用,2,core,无需上下文；领域锚点本身只给低分,工信部推进组报告/ITU
6G多感官交互,应用与业务,全息与多感官交互,下游应用,2,core,无需上下文；领域锚点本身只给低分,工信部推进组报告/ITU
6G触觉互联网,应用与业务,全息与多感官交互,下游应用,2,core,无需上下文；领域锚点本身只给低分,工信部推进组报告/ITU
6G触觉通信,应用与业务,全息与多感官交互,下游应用,2,core,无需上下文；领域锚点本身只给低分,工信部推进组报告/ITU
6G嗅觉通信,应用与业务,全息与多感官交互,下游应用,2,core,无需上下文；领域锚点本身只给低分,工信部推进组报告/ITU
6G味觉通信,应用与业务,全息与多感官交互,下游应用,2,core,无需上下文；领域锚点本身只给低分,工信部推进组报告/ITU
6G情感交互,应用与业务,全息与多感官交互,下游应用,2,core,无需上下文；领域锚点本身只给低分,工信部推进组报告/ITU
6G脑机交互,应用与业务,全息与多感官交互,下游应用,2,core,无需上下文；领域锚点本身只给低分,工信部推进组报告/ITU
6G智慧交互,应用与业务,全息与多感官交互,下游应用,2,core,无需上下文；领域锚点本身只给低分,工信部推进组报告/ITU
6G工业数字孪生,应用与业务,数字孪生与工业,下游应用,2,core,无需上下文；领域锚点本身只给低分,两份附件/资本研报
6G智慧工厂,应用与业务,数字孪生与工业,下游应用,2,core,无需上下文；领域锚点本身只给低分,两份附件/资本研报
6G工业互联网,应用与业务,数字孪生与工业,下游应用,2,core,无需上下文；领域锚点本身只给低分,两份附件/资本研报
6G无线工业总线,应用与业务,数字孪生与工业,下游应用,2,core,无需上下文；领域锚点本身只给低分,两份附件/资本研报
6G柔性制造,应用与业务,数字孪生与工业,下游应用,2,core,无需上下文；领域锚点本身只给低分,两份附件/资本研报
6G远程控制,应用与业务,数字孪生与工业,下游应用,2,core,无需上下文；领域锚点本身只给低分,两份附件/资本研报
6G机器人协作,应用与业务,数字孪生与工业,下游应用,2,core,无需上下文；领域锚点本身只给低分,两份附件/资本研报
6G人机物协同生产,应用与业务,数字孪生与工业,下游应用,2,core,无需上下文；领域锚点本身只给低分,两份附件/资本研报
6G智能电网,应用与业务,数字孪生与工业,下游应用,2,core,无需上下文；领域锚点本身只给低分,两份附件/资本研报
6G矿山通信,应用与业务,数字孪生与工业,下游应用,2,core,无需上下文；领域锚点本身只给低分,两份附件/资本研报
6G车联网,应用与业务,交通与低空,下游应用,2,core,无需上下文；领域锚点本身只给低分,两份附件/资本研报
6G自动驾驶,应用与业务,交通与低空,下游应用,2,core,无需上下文；领域锚点本身只给低分,两份附件/资本研报
6G车路云一体化,应用与业务,交通与低空,下游应用,2,core,无需上下文；领域锚点本身只给低分,两份附件/资本研报
6G智能交通,应用与业务,交通与低空,下游应用,2,core,无需上下文；领域锚点本身只给低分,两份附件/资本研报
6G铁路通信,应用与业务,交通与低空,下游应用,2,core,无需上下文；领域锚点本身只给低分,两份附件/资本研报
6G低空经济,应用与业务,交通与低空,下游应用,2,core,无需上下文；领域锚点本身只给低分,两份附件/资本研报
6G无人机通信,应用与业务,交通与低空,下游应用,2,core,无需上下文；领域锚点本身只给低分,两份附件/资本研报
6G无人机监管,应用与业务,交通与低空,下游应用,2,core,无需上下文；领域锚点本身只给低分,两份附件/资本研报
6G低空智联网,应用与业务,交通与低空,下游应用,2,core,无需上下文；领域锚点本身只给低分,两份附件/资本研报
6G航空通信,应用与业务,交通与低空,下游应用,2,core,无需上下文；领域锚点本身只给低分,两份附件/资本研报
6G远程医疗,应用与业务,医疗教育与公共服务,下游应用,2,core,无需上下文；领域锚点本身只给低分,工信部推进组报告/ITU
6G远程手术,应用与业务,医疗教育与公共服务,下游应用,2,core,无需上下文；领域锚点本身只给低分,工信部推进组报告/ITU
6G智慧医疗,应用与业务,医疗教育与公共服务,下游应用,2,core,无需上下文；领域锚点本身只给低分,工信部推进组报告/ITU
6G沉浸式教育,应用与业务,医疗教育与公共服务,下游应用,2,core,无需上下文；领域锚点本身只给低分,工信部推进组报告/ITU
6G技能培训,应用与业务,医疗教育与公共服务,下游应用,2,core,无需上下文；领域锚点本身只给低分,工信部推进组报告/ITU
6G应急通信,应用与业务,医疗教育与公共服务,下游应用,2,core,无需上下文；领域锚点本身只给低分,工信部推进组报告/ITU
6G灾害救援,应用与业务,医疗教育与公共服务,下游应用,2,core,无需上下文；领域锚点本身只给低分,工信部推进组报告/ITU
6G环境监测,应用与业务,医疗教育与公共服务,下游应用,2,core,无需上下文；领域锚点本身只给低分,工信部推进组报告/ITU
6G智慧城市,应用与业务,医疗教育与公共服务,下游应用,2,core,无需上下文；领域锚点本身只给低分,工信部推进组报告/ITU
6G普惠服务,应用与业务,医疗教育与公共服务,下游应用,2,core,无需上下文；领域锚点本身只给低分,工信部推进组报告/ITU
6G物联网,应用与业务,泛在物联与智能体,下游应用,2,core,无需上下文；领域锚点本身只给低分,两份附件/TDIA2025
6G智能物联网,应用与业务,泛在物联与智能体,下游应用,2,core,无需上下文；领域锚点本身只给低分,两份附件/TDIA2025
6G机器通信,应用与业务,泛在物联与智能体,下游应用,2,core,无需上下文；领域锚点本身只给低分,两份附件/TDIA2025
6G机器人网络,应用与业务,泛在物联与智能体,下游应用,2,core,无需上下文；领域锚点本身只给低分,两份附件/TDIA2025
6G具身智能,应用与业务,泛在物联与智能体,下游应用,2,core,无需上下文；领域锚点本身只给低分,两份附件/TDIA2025
6G智能体互联,应用与业务,泛在物联与智能体,下游应用,2,core,无需上下文；领域锚点本身只给低分,两份附件/TDIA2025
6G群体智能,应用与业务,泛在物联与智能体,下游应用,2,core,无需上下文；领域锚点本身只给低分,两份附件/TDIA2025
6G数字人,应用与业务,泛在物联与智能体,下游应用,2,core,无需上下文；领域锚点本身只给低分,两份附件/TDIA2025
6G环境物联网,应用与业务,泛在物联与智能体,下游应用,2,core,无需上下文；领域锚点本身只给低分,两份附件/TDIA2025
6G海量传感器网络,应用与业务,泛在物联与智能体,下游应用,2,core,无需上下文；领域锚点本身只给低分,两份附件/TDIA2025
6G设备外壳,应用与业务,外围配套与服务,外围配套,1,core,无需上下文；领域锚点本身只给低分,产业链上下文补充
6G设备支架,应用与业务,外围配套与服务,外围配套,1,core,无需上下文；领域锚点本身只给低分,产业链上下文补充
6G设备连接器,应用与业务,外围配套与服务,外围配套,1,core,无需上下文；领域锚点本身只给低分,产业链上下文补充
6G设备电源适配器,应用与业务,外围配套与服务,外围配套,1,core,无需上下文；领域锚点本身只给低分,产业链上下文补充
6G数据展示界面,应用与业务,外围配套与服务,外围配套,1,core,无需上下文；领域锚点本身只给低分,产业链上下文补充
6G网络培训,应用与业务,外围配套与服务,外围配套,1,core,无需上下文；领域锚点本身只给低分,产业链上下文补充
6G设备运维工具,应用与业务,外围配套与服务,外围配套,1,core,无需上下文；领域锚点本身只给低分,产业链上下文补充
6G设备包装,应用与业务,外围配套与服务,外围配套,1,core,无需上下文；领域锚点本身只给低分,产业链上下文补充
6G终端保护套,应用与业务,外围配套与服务,外围配套,1,core,无需上下文；领域锚点本身只给低分,产业链上下文补充
6G项目管理平台,应用与业务,外围配套与服务,外围配套,1,core,无需上下文；领域锚点本身只给低分,产业链上下文补充
