关键词,技术领域,细分方向,产业板块,核心程度得分,匹配类型,上下文要求,来源类型,来源说明,来源链接
生物制造,生物制造基础,核心概念,技术平台,5,core,无需上下文,两份报告直接词,用户提供的两份生物制造相关报告,
工业生物制造,生物制造基础,核心概念,技术平台,5,core,无需上下文,两份报告直接词,用户提供的两份生物制造相关报告,
先进生物制造,生物制造基础,核心概念,技术平台,5,core,无需上下文,两份报告直接词,用户提供的两份生物制造相关报告,
绿色生物制造,生物制造基础,核心概念,技术平台,5,core,无需上下文,两份报告直接词,用户提供的两份生物制造相关报告,
低碳生物制造,生物制造基础,核心概念,技术平台,5,core,无需上下文,两份报告直接词,用户提供的两份生物制造相关报告,
合成生物制造,生物制造基础,核心概念,技术平台,5,core,无需上下文,两份报告直接词,用户提供的两份生物制造相关报告,
微生物制造,生物制造基础,核心概念,技术平台,5,core,无需上下文,两份报告直接词,用户提供的两份生物制造相关报告,
生物法制造,生物制造基础,核心概念,技术平台,5,core,无需上下文,两份报告直接词,用户提供的两份生物制造相关报告,
生物制造技术,生物制造基础,核心概念,技术平台,5,core,无需上下文,两份报告直接词,用户提供的两份生物制造相关报告,
合成生物学,生物制造基础,合成生物学,技术平台,5,core,无需上下文,两份报告直接词/公开研报补充,用户提供的两份生物制造相关报告,
工程生物学,生物制造基础,合成生物学,技术平台,5,core,无需上下文,两份报告直接词/公开研报补充,用户提供的两份生物制造相关报告,
工业合成生物学,生物制造基础,合成生物学,技术平台,5,core,无需上下文,两份报告直接词/公开研报补充,用户提供的两份生物制造相关报告,
合成生物技术,生物制造基础,合成生物学,技术平台,5,core,无需上下文,两份报告直接词/公开研报补充,用户提供的两份生物制造相关报告,
合成生物平台,生物制造基础,合成生物学,技术平台,5,core,无需上下文,两份报告直接词/公开研报补充,用户提供的两份生物制造相关报告,
合成生物制造平台,生物制造基础,合成生物学,技术平台,5,core,无需上下文,两份报告直接词/公开研报补充,用户提供的两份生物制造相关报告,
SynBio,生物制造基础,合成生物学,技术平台,5,core,无需上下文,两份报告直接词/公开研报补充,用户提供的两份生物制造相关报告,
工业生物技术,生物制造基础,工业生物技术,技术平台,5,core,无需上下文,2024报告/中科院公开方向,用户提供的两份生物制造相关报告,
工业生物工程,生物制造基础,工业生物技术,技术平台,5,core,无需上下文,2024报告/中科院公开方向,用户提供的两份生物制造相关报告,
工业微生物技术,生物制造基础,工业生物技术,技术平台,5,core,无需上下文,2024报告/中科院公开方向,用户提供的两份生物制造相关报告,
工业微生物工程,生物制造基础,工业生物技术,技术平台,5,core,无需上下文,2024报告/中科院公开方向,用户提供的两份生物制造相关报告,
生物过程工程,生物制造基础,工业生物技术,技术平台,5,core,无需上下文,2024报告/中科院公开方向,用户提供的两份生物制造相关报告,
设计-构建-测试-学习,生物制造基础,DBTL工程闭环,技术平台,5,core,无需上下文,两份报告直接词/公开资本研报补充,用户提供的两份生物制造相关报告,
设计—构建—测试—学习,生物制造基础,DBTL工程闭环,技术平台,5,core,无需上下文,两份报告直接词/公开资本研报补充,用户提供的两份生物制造相关报告,
设计构建测试学习,生物制造基础,DBTL工程闭环,技术平台,5,core,无需上下文,两份报告直接词/公开资本研报补充,用户提供的两份生物制造相关报告,
DBTL,生物制造基础,DBTL工程闭环,技术平台,5,core,无需上下文,两份报告直接词/公开资本研报补充,用户提供的两份生物制造相关报告,
DBTL循环,生物制造基础,DBTL工程闭环,技术平台,5,core,无需上下文,两份报告直接词/公开资本研报补充,用户提供的两份生物制造相关报告,
DBTL闭环,生物制造基础,DBTL工程闭环,技术平台,5,core,无需上下文,两份报告直接词/公开资本研报补充,用户提供的两份生物制造相关报告,
生物工程闭环,生物制造基础,DBTL工程闭环,技术平台,5,core,无需上下文,两份报告直接词/公开资本研报补充,用户提供的两份生物制造相关报告,
设计构建工作循环,生物制造基础,DBTL工程闭环,技术平台,5,core,无需上下文,两份报告直接词/公开资本研报补充,用户提供的两份生物制造相关报告,
生物铸造厂,生物制造基础,生物铸造与自动化平台,技术平台,5,core,无需上下文,科研机构/资本研报补充,用户提供的两份生物制造相关报告,
生物铸造平台,生物制造基础,生物铸造与自动化平台,技术平台,5,core,无需上下文,科研机构/资本研报补充,用户提供的两份生物制造相关报告,
Biofoundry,生物制造基础,生物铸造与自动化平台,技术平台,5,core,无需上下文,科研机构/资本研报补充,用户提供的两份生物制造相关报告,
合成生物自动化平台,生物制造基础,生物铸造与自动化平台,技术平台,5,core,无需上下文,科研机构/资本研报补充,用户提供的两份生物制造相关报告,
自动化生物制造平台,生物制造基础,生物铸造与自动化平台,技术平台,5,core,无需上下文,科研机构/资本研报补充,用户提供的两份生物制造相关报告,
自动化菌种构建平台,生物制造基础,生物铸造与自动化平台,技术平台,5,core,无需上下文,科研机构/资本研报补充,用户提供的两份生物制造相关报告,
虚拟细胞,计算设计与AI,虚拟细胞,底层工具,5,frontier,无需上下文,SETR/中科院公开进展,SETR 2026标注页41；中国科学院天津工业生物技术研究所虚拟细胞项目,https://www.tib.cas.cn/xwdt/mtsm/t_8142486.html
全细胞模型,计算设计与AI,虚拟细胞,底层工具,5,frontier,无需上下文,SETR/中科院公开进展,SETR 2026标注页41；中国科学院天津工业生物技术研究所虚拟细胞项目,https://www.tib.cas.cn/xwdt/mtsm/t_8142486.html
数字细胞,计算设计与AI,虚拟细胞,底层工具,5,frontier,无需上下文,SETR/中科院公开进展,SETR 2026标注页41；中国科学院天津工业生物技术研究所虚拟细胞项目,https://www.tib.cas.cn/xwdt/mtsm/t_8142486.html
细胞数字孪生,计算设计与AI,虚拟细胞,底层工具,5,frontier,无需上下文,SETR/中科院公开进展,SETR 2026标注页41；中国科学院天津工业生物技术研究所虚拟细胞项目,https://www.tib.cas.cn/xwdt/mtsm/t_8142486.html
细胞机理模型,计算设计与AI,虚拟细胞,底层工具,5,frontier,无需上下文,SETR/中科院公开进展,SETR 2026标注页41；中国科学院天津工业生物技术研究所虚拟细胞项目,https://www.tib.cas.cn/xwdt/mtsm/t_8142486.html
工业底盘细胞模型,计算设计与AI,虚拟细胞,底层工具,5,frontier,无需上下文,SETR/中科院公开进展,SETR 2026标注页41；中国科学院天津工业生物技术研究所虚拟细胞项目,https://www.tib.cas.cn/xwdt/mtsm/t_8142486.html
机理模型与人工智能双驱动,计算设计与AI,虚拟细胞,底层工具,5,frontier,无需上下文,SETR/中科院公开进展,SETR 2026标注页41；中国科学院天津工业生物技术研究所虚拟细胞项目,https://www.tib.cas.cn/xwdt/mtsm/t_8142486.html
生成式生物学,计算设计与AI,生成式生物学,底层工具,5,frontier,无需上下文,SETR直接词/科研机构补充,SETR 2026标注页42,
生成生物学,计算设计与AI,生成式生物学,底层工具,5,frontier,无需上下文,SETR直接词/科研机构补充,SETR 2026标注页42,
基因组基础模型,计算设计与AI,生成式生物学,底层工具,5,frontier,无需上下文,SETR直接词/科研机构补充,SETR 2026标注页42,
基因组大模型,计算设计与AI,生成式生物学,底层工具,5,frontier,无需上下文,SETR直接词/科研机构补充,SETR 2026标注页42,
DNA基础模型,计算设计与AI,生成式生物学,底层工具,5,frontier,无需上下文,SETR直接词/科研机构补充,SETR 2026标注页42,
生物基础模型,计算设计与AI,生成式生物学,底层工具,5,frontier,无需上下文,SETR直接词/科研机构补充,SETR 2026标注页42,
Evo 2,计算设计与AI,生成式生物学,底层工具,5,frontier,无需上下文,SETR直接词/科研机构补充,SETR 2026标注页42,
Evo2,计算设计与AI,生成式生物学,底层工具,5,frontier,无需上下文,SETR直接词/科研机构补充,SETR 2026标注页42,
蛋白质基础模型,计算设计与AI,蛋白与抗体基础模型,底层工具,4,contextual,需生物工程与生产制造上下文,SETR直接词/科研机构补充,SETR 2026标注页41—42；需生产制造上下文以排除一般药物发现,
蛋白质大模型,计算设计与AI,蛋白与抗体基础模型,底层工具,4,contextual,需生物工程与生产制造上下文,SETR直接词/科研机构补充,SETR 2026标注页41—42；需生产制造上下文以排除一般药物发现,
抗体基础模型,计算设计与AI,蛋白与抗体基础模型,底层工具,4,contextual,需生物工程与生产制造上下文,SETR直接词/科研机构补充,SETR 2026标注页41—42；需生产制造上下文以排除一般药物发现,
抗体生成模型,计算设计与AI,蛋白与抗体基础模型,底层工具,4,contextual,需生物工程与生产制造上下文,SETR直接词/科研机构补充,SETR 2026标注页41—42；需生产制造上下文以排除一般药物发现,
计算生物学设计,计算设计与AI,生物计算设计,底层工具,4,contextual,需生物工程与生产制造上下文,中科院/公开资本研报补充,用户提供的两份生物制造相关报告,https://tib.cas.cn/rcdw/rczp/zyjszp/t_8227670.html
菌种计算设计,计算设计与AI,生物计算设计,底层工具,4,contextual,需生物工程与生产制造上下文,中科院/公开资本研报补充,用户提供的两份生物制造相关报告,https://tib.cas.cn/rcdw/rczp/zyjszp/t_8227670.html
菌种从头设计,计算设计与AI,生物计算设计,底层工具,4,contextual,需生物工程与生产制造上下文,中科院/公开资本研报补充,用户提供的两份生物制造相关报告,https://tib.cas.cn/rcdw/rczp/zyjszp/t_8227670.html
细胞工厂计算设计,计算设计与AI,生物计算设计,底层工具,4,contextual,需生物工程与生产制造上下文,中科院/公开资本研报补充,用户提供的两份生物制造相关报告,https://tib.cas.cn/rcdw/rczp/zyjszp/t_8227670.html
计算辅助生物设计,计算设计与AI,生物计算设计,底层工具,4,contextual,需生物工程与生产制造上下文,中科院/公开资本研报补充,用户提供的两份生物制造相关报告,https://tib.cas.cn/rcdw/rczp/zyjszp/t_8227670.html
生物系统计算设计,计算设计与AI,生物计算设计,底层工具,4,contextual,需生物工程与生产制造上下文,中科院/公开资本研报补充,用户提供的两份生物制造相关报告,https://tib.cas.cn/rcdw/rczp/zyjszp/t_8227670.html
生物CAD,计算设计与AI,生物计算设计,底层工具,4,contextual,需生物工程与生产制造上下文,中科院/公开资本研报补充,用户提供的两份生物制造相关报告,https://tib.cas.cn/rcdw/rczp/zyjszp/t_8227670.html
代谢途径计算设计,计算设计与AI,生物计算设计,底层工具,4,contextual,需生物工程与生产制造上下文,中科院/公开资本研报补充,用户提供的两份生物制造相关报告,https://tib.cas.cn/rcdw/rczp/zyjszp/t_8227670.html
生物线路计算设计,计算设计与AI,生物计算设计,底层工具,4,contextual,需生物工程与生产制造上下文,中科院/公开资本研报补充,用户提供的两份生物制造相关报告,https://tib.cas.cn/rcdw/rczp/zyjszp/t_8227670.html
AI蛋白质设计,计算设计与AI,AI蛋白与酶设计,底层工具,4,contextual,需生物工程与生产制造上下文,SETR/科研机构/资本研报补充,用户提供的两份生物制造相关报告,
人工智能蛋白质设计,计算设计与AI,AI蛋白与酶设计,底层工具,4,contextual,需生物工程与生产制造上下文,SETR/科研机构/资本研报补充,用户提供的两份生物制造相关报告,
AI酶设计,计算设计与AI,AI蛋白与酶设计,底层工具,4,contextual,需生物工程与生产制造上下文,SETR/科研机构/资本研报补充,用户提供的两份生物制造相关报告,
酶智能设计,计算设计与AI,AI蛋白与酶设计,底层工具,4,contextual,需生物工程与生产制造上下文,SETR/科研机构/资本研报补充,用户提供的两份生物制造相关报告,
蛋白质从头设计,计算设计与AI,AI蛋白与酶设计,底层工具,4,contextual,需生物工程与生产制造上下文,SETR/科研机构/资本研报补充,用户提供的两份生物制造相关报告,
抗体从头设计,计算设计与AI,AI蛋白与酶设计,底层工具,4,contextual,需生物工程与生产制造上下文,SETR/科研机构/资本研报补充,用户提供的两份生物制造相关报告,
生成式蛋白质设计,计算设计与AI,AI蛋白与酶设计,底层工具,4,contextual,需生物工程与生产制造上下文,SETR/科研机构/资本研报补充,用户提供的两份生物制造相关报告,
蛋白质序列生成,计算设计与AI,AI蛋白与酶设计,底层工具,4,contextual,需生物工程与生产制造上下文,SETR/科研机构/资本研报补充,用户提供的两份生物制造相关报告,
蛋白结构预测,计算设计与AI,AI蛋白与酶设计,底层工具,4,contextual,需生物工程与生产制造上下文,SETR/科研机构/资本研报补充,用户提供的两份生物制造相关报告,
酶功能预测,计算设计与AI,AI蛋白与酶设计,底层工具,4,contextual,需生物工程与生产制造上下文,SETR/科研机构/资本研报补充,用户提供的两份生物制造相关报告,
系统生物学,计算设计与AI,多组学与系统建模,底层工具,4,contextual,需生物工程与生产制造上下文,中科院/公开资本研报补充,用户提供的两份生物制造相关报告,
定量生物学,计算设计与AI,多组学与系统建模,底层工具,4,contextual,需生物工程与生产制造上下文,中科院/公开资本研报补充,用户提供的两份生物制造相关报告,
多组学分析,计算设计与AI,多组学与系统建模,底层工具,4,contextual,需生物工程与生产制造上下文,中科院/公开资本研报补充,用户提供的两份生物制造相关报告,
基因组学,计算设计与AI,多组学与系统建模,底层工具,4,contextual,需生物工程与生产制造上下文,中科院/公开资本研报补充,用户提供的两份生物制造相关报告,
转录组学,计算设计与AI,多组学与系统建模,底层工具,4,contextual,需生物工程与生产制造上下文,中科院/公开资本研报补充,用户提供的两份生物制造相关报告,
蛋白质组学,计算设计与AI,多组学与系统建模,底层工具,4,contextual,需生物工程与生产制造上下文,中科院/公开资本研报补充,用户提供的两份生物制造相关报告,
代谢组学,计算设计与AI,多组学与系统建模,底层工具,4,contextual,需生物工程与生产制造上下文,中科院/公开资本研报补充,用户提供的两份生物制造相关报告,
代谢网络模型,计算设计与AI,多组学与系统建模,底层工具,4,contextual,需生物工程与生产制造上下文,中科院/公开资本研报补充,用户提供的两份生物制造相关报告,
代谢调控网络,计算设计与AI,多组学与系统建模,底层工具,4,contextual,需生物工程与生产制造上下文,中科院/公开资本研报补充,用户提供的两份生物制造相关报告,
基因调控网络,计算设计与AI,多组学与系统建模,底层工具,4,contextual,需生物工程与生产制造上下文,中科院/公开资本研报补充,用户提供的两份生物制造相关报告,
基因型-表型,计算设计与AI,多组学与系统建模,底层工具,4,contextual,需生物工程与生产制造上下文,中科院/公开资本研报补充,用户提供的两份生物制造相关报告,
基因型－表型,计算设计与AI,多组学与系统建模,底层工具,4,contextual,需生物工程与生产制造上下文,中科院/公开资本研报补充,用户提供的两份生物制造相关报告,
生物知识图谱,计算设计与AI,多组学与系统建模,底层工具,4,contextual,需生物工程与生产制造上下文,中科院/公开资本研报补充,用户提供的两份生物制造相关报告,
基因测序,DNA/RNA读写编辑,基因测序,底层工具,4,contextual,需生物工程与生产制造上下文,两份报告直接词/资本研报补充,用户提供的两份生物制造相关报告,
DNA测序,DNA/RNA读写编辑,基因测序,底层工具,4,contextual,需生物工程与生产制造上下文,两份报告直接词/资本研报补充,用户提供的两份生物制造相关报告,
高通量测序,DNA/RNA读写编辑,基因测序,底层工具,4,contextual,需生物工程与生产制造上下文,两份报告直接词/资本研报补充,用户提供的两份生物制造相关报告,
下一代测序,DNA/RNA读写编辑,基因测序,底层工具,4,contextual,需生物工程与生产制造上下文,两份报告直接词/资本研报补充,用户提供的两份生物制造相关报告,
纳米孔测序,DNA/RNA读写编辑,基因测序,底层工具,4,contextual,需生物工程与生产制造上下文,两份报告直接词/资本研报补充,用户提供的两份生物制造相关报告,
长读长测序,DNA/RNA读写编辑,基因测序,底层工具,4,contextual,需生物工程与生产制造上下文,两份报告直接词/资本研报补充,用户提供的两份生物制造相关报告,
单分子测序,DNA/RNA读写编辑,基因测序,底层工具,4,contextual,需生物工程与生产制造上下文,两份报告直接词/资本研报补充,用户提供的两份生物制造相关报告,
便携式DNA测序,DNA/RNA读写编辑,基因测序,底层工具,4,contextual,需生物工程与生产制造上下文,两份报告直接词/资本研报补充,用户提供的两份生物制造相关报告,
NGS,DNA/RNA读写编辑,基因测序,底层工具,4,contextual,需生物工程与生产制造上下文,两份报告直接词/资本研报补充,用户提供的两份生物制造相关报告,
基因合成,DNA/RNA读写编辑,基因合成,底层工具,4,contextual,需生物工程与生产制造上下文,两份报告直接词/科研机构补充,用户提供的两份生物制造相关报告,
DNA合成,DNA/RNA读写编辑,基因合成,底层工具,4,contextual,需生物工程与生产制造上下文,两份报告直接词/科研机构补充,用户提供的两份生物制造相关报告,
DNA从头合成,DNA/RNA读写编辑,基因合成,底层工具,4,contextual,需生物工程与生产制造上下文,两份报告直接词/科研机构补充,用户提供的两份生物制造相关报告,
寡核苷酸合成,DNA/RNA读写编辑,基因合成,底层工具,4,contextual,需生物工程与生产制造上下文,两份报告直接词/科研机构补充,用户提供的两份生物制造相关报告,
酶促DNA合成,DNA/RNA读写编辑,基因合成,底层工具,4,contextual,需生物工程与生产制造上下文,两份报告直接词/科研机构补充,用户提供的两份生物制造相关报告,
大规模DNA合成,DNA/RNA读写编辑,基因合成,底层工具,4,contextual,需生物工程与生产制造上下文,两份报告直接词/科研机构补充,用户提供的两份生物制造相关报告,
超高密度DNA合成,DNA/RNA读写编辑,基因合成,底层工具,4,contextual,需生物工程与生产制造上下文,两份报告直接词/科研机构补充,用户提供的两份生物制造相关报告,
DNA组装,DNA/RNA读写编辑,基因合成,底层工具,4,contextual,需生物工程与生产制造上下文,两份报告直接词/科研机构补充,用户提供的两份生物制造相关报告,
基因组装,DNA/RNA读写编辑,基因合成,底层工具,4,contextual,需生物工程与生产制造上下文,两份报告直接词/科研机构补充,用户提供的两份生物制造相关报告,
基因组合成,DNA/RNA读写编辑,基因合成,底层工具,4,contextual,需生物工程与生产制造上下文,两份报告直接词/科研机构补充,用户提供的两份生物制造相关报告,
合成基因组,DNA/RNA读写编辑,基因合成,底层工具,4,contextual,需生物工程与生产制造上下文,两份报告直接词/科研机构补充,用户提供的两份生物制造相关报告,
人工合成基因组,DNA/RNA读写编辑,基因合成,底层工具,4,contextual,需生物工程与生产制造上下文,两份报告直接词/科研机构补充,用户提供的两份生物制造相关报告,
基因编辑,DNA/RNA读写编辑,基因与基因组编辑,底层工具,4,contextual,需生物工程与生产制造上下文,2024报告/资本研报补充,用户提供的两份生物制造相关报告,
基因组编辑,DNA/RNA读写编辑,基因与基因组编辑,底层工具,4,contextual,需生物工程与生产制造上下文,2024报告/资本研报补充,用户提供的两份生物制造相关报告,
CRISPR,DNA/RNA读写编辑,基因与基因组编辑,底层工具,4,contextual,需生物工程与生产制造上下文,2024报告/资本研报补充,用户提供的两份生物制造相关报告,
CRISPR/Cas,DNA/RNA读写编辑,基因与基因组编辑,底层工具,4,contextual,需生物工程与生产制造上下文,2024报告/资本研报补充,用户提供的两份生物制造相关报告,
CRISPR-Cas9,DNA/RNA读写编辑,基因与基因组编辑,底层工具,4,contextual,需生物工程与生产制造上下文,2024报告/资本研报补充,用户提供的两份生物制造相关报告,
碱基编辑,DNA/RNA读写编辑,基因与基因组编辑,底层工具,4,contextual,需生物工程与生产制造上下文,2024报告/资本研报补充,用户提供的两份生物制造相关报告,
先导编辑,DNA/RNA读写编辑,基因与基因组编辑,底层工具,4,contextual,需生物工程与生产制造上下文,2024报告/资本研报补充,用户提供的两份生物制造相关报告,
TALEN,DNA/RNA读写编辑,基因与基因组编辑,底层工具,4,contextual,需生物工程与生产制造上下文,2024报告/资本研报补充,用户提供的两份生物制造相关报告,
MAGE,DNA/RNA读写编辑,基因与基因组编辑,底层工具,4,contextual,需生物工程与生产制造上下文,2024报告/资本研报补充,用户提供的两份生物制造相关报告,
多重基因组编辑,DNA/RNA读写编辑,基因与基因组编辑,底层工具,4,contextual,需生物工程与生产制造上下文,2024报告/资本研报补充,用户提供的两份生物制造相关报告,
基因敲除,DNA/RNA读写编辑,基因与基因组编辑,底层工具,4,contextual,需生物工程与生产制造上下文,2024报告/资本研报补充,用户提供的两份生物制造相关报告,
基因敲入,DNA/RNA读写编辑,基因与基因组编辑,底层工具,4,contextual,需生物工程与生产制造上下文,2024报告/资本研报补充,用户提供的两份生物制造相关报告,
定点突变,DNA/RNA读写编辑,基因与基因组编辑,底层工具,4,contextual,需生物工程与生产制造上下文,2024报告/资本研报补充,用户提供的两份生物制造相关报告,
定向突变,DNA/RNA读写编辑,基因与基因组编辑,底层工具,4,contextual,需生物工程与生产制造上下文,2024报告/资本研报补充,用户提供的两份生物制造相关报告,
RNA调控装置,DNA/RNA读写编辑,RNA工程,底层工具,4,contextual,需生物工程与生产制造上下文,2024报告/支持扩展,用户提供的两份生物制造相关报告,
RNA开关,DNA/RNA读写编辑,RNA工程,底层工具,4,contextual,需生物工程与生产制造上下文,2024报告/支持扩展,用户提供的两份生物制造相关报告,
核糖开关,DNA/RNA读写编辑,RNA工程,底层工具,4,contextual,需生物工程与生产制造上下文,2024报告/支持扩展,用户提供的两份生物制造相关报告,
RNA编辑,DNA/RNA读写编辑,RNA工程,底层工具,4,contextual,需生物工程与生产制造上下文,2024报告/支持扩展,用户提供的两份生物制造相关报告,
合成RNA,DNA/RNA读写编辑,RNA工程,底层工具,4,contextual,需生物工程与生产制造上下文,2024报告/支持扩展,用户提供的两份生物制造相关报告,
非编码RNA调控,DNA/RNA读写编辑,RNA工程,底层工具,4,contextual,需生物工程与生产制造上下文,2024报告/支持扩展,用户提供的两份生物制造相关报告,
mRNA设计,DNA/RNA读写编辑,RNA工程,底层工具,4,contextual,需生物工程与生产制造上下文,2024报告/支持扩展,用户提供的两份生物制造相关报告,
转录后调控,DNA/RNA读写编辑,RNA工程,底层工具,4,contextual,需生物工程与生产制造上下文,2024报告/支持扩展,用户提供的两份生物制造相关报告,
翻译调控,DNA/RNA读写编辑,RNA工程,底层工具,4,contextual,需生物工程与生产制造上下文,2024报告/支持扩展,用户提供的两份生物制造相关报告,
DNA数据存储,DNA/RNA读写编辑,DNA存储与新型信息材料,应用产品,3,contextual,需生物工程与生产制造上下文,SETR直接词,SETR 2026标注页44、48—49,
DNA信息存储,DNA/RNA读写编辑,DNA存储与新型信息材料,应用产品,3,contextual,需生物工程与生产制造上下文,SETR直接词,SETR 2026标注页44、48—49,
合成DNA存储,DNA/RNA读写编辑,DNA存储与新型信息材料,应用产品,3,contextual,需生物工程与生产制造上下文,SETR直接词,SETR 2026标注页44、48—49,
DNA存储介质,DNA/RNA读写编辑,DNA存储与新型信息材料,应用产品,3,contextual,需生物工程与生产制造上下文,SETR直接词,SETR 2026标注页44、48—49,
DNA编码存储,DNA/RNA读写编辑,DNA存储与新型信息材料,应用产品,3,contextual,需生物工程与生产制造上下文,SETR直接词,SETR 2026标注页44、48—49,
DNA折纸,DNA/RNA读写编辑,DNA存储与新型信息材料,应用产品,3,contextual,需生物工程与生产制造上下文,SETR直接词,SETR 2026标注页44、48—49,
DNA纳米结构,DNA/RNA读写编辑,DNA存储与新型信息材料,应用产品,3,contextual,需生物工程与生产制造上下文,SETR直接词,SETR 2026标注页44、48—49,
生物元件,生物元件与线路,标准化生物元件,底层工具,4,contextual,需生物工程与生产制造上下文,2024报告/资本研报补充,用户提供的两份生物制造相关报告,
标准化生物元件,生物元件与线路,标准化生物元件,底层工具,4,contextual,需生物工程与生产制造上下文,2024报告/资本研报补充,用户提供的两份生物制造相关报告,
生物零件,生物元件与线路,标准化生物元件,底层工具,4,contextual,需生物工程与生产制造上下文,2024报告/资本研报补充,用户提供的两份生物制造相关报告,
BioBrick,生物元件与线路,标准化生物元件,底层工具,4,contextual,需生物工程与生产制造上下文,2024报告/资本研报补充,用户提供的两份生物制造相关报告,
BioBricks,生物元件与线路,标准化生物元件,底层工具,4,contextual,需生物工程与生产制造上下文,2024报告/资本研报补充,用户提供的两份生物制造相关报告,
元件库,生物元件与线路,标准化生物元件,底层工具,4,contextual,需生物工程与生产制造上下文,2024报告/资本研报补充,用户提供的两份生物制造相关报告,
表达元件库,生物元件与线路,标准化生物元件,底层工具,4,contextual,需生物工程与生产制造上下文,2024报告/资本研报补充,用户提供的两份生物制造相关报告,
启动子库,生物元件与线路,标准化生物元件,底层工具,4,contextual,需生物工程与生产制造上下文,2024报告/资本研报补充,用户提供的两份生物制造相关报告,
终止子库,生物元件与线路,标准化生物元件,底层工具,4,contextual,需生物工程与生产制造上下文,2024报告/资本研报补充,用户提供的两份生物制造相关报告,
核糖体结合位点,生物元件与线路,标准化生物元件,底层工具,4,contextual,需生物工程与生产制造上下文,2024报告/资本研报补充,用户提供的两份生物制造相关报告,
RBS元件,生物元件与线路,标准化生物元件,底层工具,4,contextual,需生物工程与生产制造上下文,2024报告/资本研报补充,用户提供的两份生物制造相关报告,
基因线路,生物元件与线路,基因线路,技术平台,4,contextual,需生物工程与生产制造上下文,2024报告/支持扩展,用户提供的两份生物制造相关报告,
合成基因线路,生物元件与线路,基因线路,技术平台,4,contextual,需生物工程与生产制造上下文,2024报告/支持扩展,用户提供的两份生物制造相关报告,
遗传线路,生物元件与线路,基因线路,技术平台,4,contextual,需生物工程与生产制造上下文,2024报告/支持扩展,用户提供的两份生物制造相关报告,
基因回路,生物元件与线路,基因线路,技术平台,4,contextual,需生物工程与生产制造上下文,2024报告/支持扩展,用户提供的两份生物制造相关报告,
生物逻辑门,生物元件与线路,基因线路,技术平台,4,contextual,需生物工程与生产制造上下文,2024报告/支持扩展,用户提供的两份生物制造相关报告,
基因开关,生物元件与线路,基因线路,技术平台,4,contextual,需生物工程与生产制造上下文,2024报告/支持扩展,用户提供的两份生物制造相关报告,
遗传开关,生物元件与线路,基因线路,技术平台,4,contextual,需生物工程与生产制造上下文,2024报告/支持扩展,用户提供的两份生物制造相关报告,
基因振荡器,生物元件与线路,基因线路,技术平台,4,contextual,需生物工程与生产制造上下文,2024报告/支持扩展,用户提供的两份生物制造相关报告,
生物振荡器,生物元件与线路,基因线路,技术平台,4,contextual,需生物工程与生产制造上下文,2024报告/支持扩展,用户提供的两份生物制造相关报告,
动态调控线路,生物元件与线路,基因线路,技术平台,4,contextual,需生物工程与生产制造上下文,2024报告/支持扩展,用户提供的两份生物制造相关报告,
感应调控线路,生物元件与线路,基因线路,技术平台,4,contextual,需生物工程与生产制造上下文,2024报告/支持扩展,用户提供的两份生物制造相关报告,
生物模块,生物元件与线路,模块化装配,技术平台,4,contextual,需生物工程与生产制造上下文,2024报告/支持扩展,用户提供的两份生物制造相关报告,
基因模块,生物元件与线路,模块化装配,技术平台,4,contextual,需生物工程与生产制造上下文,2024报告/支持扩展,用户提供的两份生物制造相关报告,
模块化装配,生物元件与线路,模块化装配,技术平台,4,contextual,需生物工程与生产制造上下文,2024报告/支持扩展,用户提供的两份生物制造相关报告,
标准化装配,生物元件与线路,模块化装配,技术平台,4,contextual,需生物工程与生产制造上下文,2024报告/支持扩展,用户提供的两份生物制造相关报告,
DNA模块组装,生物元件与线路,模块化装配,技术平台,4,contextual,需生物工程与生产制造上下文,2024报告/支持扩展,用户提供的两份生物制造相关报告,
多基因组装,生物元件与线路,模块化装配,技术平台,4,contextual,需生物工程与生产制造上下文,2024报告/支持扩展,用户提供的两份生物制造相关报告,
组合生物合成,生物元件与线路,模块化装配,技术平台,4,contextual,需生物工程与生产制造上下文,2024报告/支持扩展,用户提供的两份生物制造相关报告,
组合式途径构建,生物元件与线路,模块化装配,技术平台,4,contextual,需生物工程与生产制造上下文,2024报告/支持扩展,用户提供的两份生物制造相关报告,
底盘细胞,底盘细胞与菌株工程,底盘细胞,技术平台,5,core,无需上下文,两份报告/中科院/资本研报补充,用户提供的两份生物制造相关报告,
工业底盘细胞,底盘细胞与菌株工程,底盘细胞,技术平台,5,core,无需上下文,两份报告/中科院/资本研报补充,用户提供的两份生物制造相关报告,
微生物底盘,底盘细胞与菌株工程,底盘细胞,技术平台,5,core,无需上下文,两份报告/中科院/资本研报补充,用户提供的两份生物制造相关报告,
底盘菌株,底盘细胞与菌株工程,底盘细胞,技术平台,5,core,无需上下文,两份报告/中科院/资本研报补充,用户提供的两份生物制造相关报告,
模式底盘,底盘细胞与菌株工程,底盘细胞,技术平台,5,core,无需上下文,两份报告/中科院/资本研报补充,用户提供的两份生物制造相关报告,
通用底盘细胞,底盘细胞与菌株工程,底盘细胞,技术平台,5,core,无需上下文,两份报告/中科院/资本研报补充,用户提供的两份生物制造相关报告,
非模式底盘,底盘细胞与菌株工程,底盘细胞,技术平台,5,core,无需上下文,两份报告/中科院/资本研报补充,用户提供的两份生物制造相关报告,
最小细胞,底盘细胞与菌株工程,底盘细胞,技术平台,5,core,无需上下文,两份报告/中科院/资本研报补充,用户提供的两份生物制造相关报告,
人工合成细胞,底盘细胞与菌株工程,底盘细胞,技术平台,5,core,无需上下文,两份报告/中科院/资本研报补充,用户提供的两份生物制造相关报告,
合成细胞,底盘细胞与菌株工程,底盘细胞,技术平台,5,core,无需上下文,两份报告/中科院/资本研报补充,用户提供的两份生物制造相关报告,
工业菌种创制,底盘细胞与菌株工程,工业菌种创制,技术平台,4,contextual,需生物工程与生产制造上下文,中科院/资本研报补充,用户提供的两份生物制造相关报告,https://tib.cas.cn/kxyj/lyfx/202410/t20241031_7412324.html
工业菌株创制,底盘细胞与菌株工程,工业菌种创制,技术平台,4,contextual,需生物工程与生产制造上下文,中科院/资本研报补充,用户提供的两份生物制造相关报告,https://tib.cas.cn/kxyj/lyfx/202410/t20241031_7412324.html
工程菌株构建,底盘细胞与菌株工程,工业菌种创制,技术平台,4,contextual,需生物工程与生产制造上下文,中科院/资本研报补充,用户提供的两份生物制造相关报告,https://tib.cas.cn/kxyj/lyfx/202410/t20241031_7412324.html
工程菌构建,底盘细胞与菌株工程,工业菌种创制,技术平台,4,contextual,需生物工程与生产制造上下文,中科院/资本研报补充,用户提供的两份生物制造相关报告,https://tib.cas.cn/kxyj/lyfx/202410/t20241031_7412324.html
重组菌构建,底盘细胞与菌株工程,工业菌种创制,技术平台,4,contextual,需生物工程与生产制造上下文,中科院/资本研报补充,用户提供的两份生物制造相关报告,https://tib.cas.cn/kxyj/lyfx/202410/t20241031_7412324.html
生产菌株构建,底盘细胞与菌株工程,工业菌种创制,技术平台,4,contextual,需生物工程与生产制造上下文,中科院/资本研报补充,用户提供的两份生物制造相关报告,https://tib.cas.cn/kxyj/lyfx/202410/t20241031_7412324.html
高产菌株,底盘细胞与菌株工程,工业菌种创制,技术平台,4,contextual,需生物工程与生产制造上下文,中科院/资本研报补充,用户提供的两份生物制造相关报告,https://tib.cas.cn/kxyj/lyfx/202410/t20241031_7412324.html
高效生产菌株,底盘细胞与菌株工程,工业菌种创制,技术平台,4,contextual,需生物工程与生产制造上下文,中科院/资本研报补充,用户提供的两份生物制造相关报告,https://tib.cas.cn/kxyj/lyfx/202410/t20241031_7412324.html
细胞工厂菌株,底盘细胞与菌株工程,工业菌种创制,技术平台,4,contextual,需生物工程与生产制造上下文,中科院/资本研报补充,用户提供的两份生物制造相关报告,https://tib.cas.cn/kxyj/lyfx/202410/t20241031_7412324.html
定制菌种,底盘细胞与菌株工程,工业菌种创制,技术平台,4,contextual,需生物工程与生产制造上下文,中科院/资本研报补充,用户提供的两份生物制造相关报告,https://tib.cas.cn/kxyj/lyfx/202410/t20241031_7412324.html
菌种设计定制,底盘细胞与菌株工程,工业菌种创制,技术平台,4,contextual,需生物工程与生产制造上下文,中科院/资本研报补充,用户提供的两份生物制造相关报告,https://tib.cas.cn/kxyj/lyfx/202410/t20241031_7412324.html
菌种选育,底盘细胞与菌株工程,菌种选育与诱变,技术平台,4,contextual,需生物工程与生产制造上下文,工业生物技术/资本研报补充,用户提供的两份生物制造相关报告,
菌株选育,底盘细胞与菌株工程,菌种选育与诱变,技术平台,4,contextual,需生物工程与生产制造上下文,工业生物技术/资本研报补充,用户提供的两份生物制造相关报告,
微生物育种,底盘细胞与菌株工程,菌种选育与诱变,技术平台,4,contextual,需生物工程与生产制造上下文,工业生物技术/资本研报补充,用户提供的两份生物制造相关报告,
诱变育种,底盘细胞与菌株工程,菌种选育与诱变,技术平台,4,contextual,需生物工程与生产制造上下文,工业生物技术/资本研报补充,用户提供的两份生物制造相关报告,
复合诱变,底盘细胞与菌株工程,菌种选育与诱变,技术平台,4,contextual,需生物工程与生产制造上下文,工业生物技术/资本研报补充,用户提供的两份生物制造相关报告,
ARTP,底盘细胞与菌株工程,菌种选育与诱变,技术平台,4,contextual,需生物工程与生产制造上下文,工业生物技术/资本研报补充,用户提供的两份生物制造相关报告,
常压室温等离子体诱变,底盘细胞与菌株工程,菌种选育与诱变,技术平台,4,contextual,需生物工程与生产制造上下文,工业生物技术/资本研报补充,用户提供的两份生物制造相关报告,
基因组改组,底盘细胞与菌株工程,菌种选育与诱变,技术平台,4,contextual,需生物工程与生产制造上下文,工业生物技术/资本研报补充,用户提供的两份生物制造相关报告,
核糖体工程,底盘细胞与菌株工程,菌种选育与诱变,技术平台,4,contextual,需生物工程与生产制造上下文,工业生物技术/资本研报补充,用户提供的两份生物制造相关报告,
全基因组诱变,底盘细胞与菌株工程,菌种选育与诱变,技术平台,4,contextual,需生物工程与生产制造上下文,工业生物技术/资本研报补充,用户提供的两份生物制造相关报告,
大肠杆菌底盘,底盘细胞与菌株工程,底盘物种,技术平台,4,contextual,需生物工程与生产制造上下文,2024报告/资本研报补充,用户提供的两份生物制造相关报告,
酿酒酵母底盘,底盘细胞与菌株工程,底盘物种,技术平台,4,contextual,需生物工程与生产制造上下文,2024报告/资本研报补充,用户提供的两份生物制造相关报告,
毕赤酵母底盘,底盘细胞与菌株工程,底盘物种,技术平台,4,contextual,需生物工程与生产制造上下文,2024报告/资本研报补充,用户提供的两份生物制造相关报告,
枯草芽孢杆菌底盘,底盘细胞与菌株工程,底盘物种,技术平台,4,contextual,需生物工程与生产制造上下文,2024报告/资本研报补充,用户提供的两份生物制造相关报告,
谷氨酸棒状杆菌底盘,底盘细胞与菌株工程,底盘物种,技术平台,4,contextual,需生物工程与生产制造上下文,2024报告/资本研报补充,用户提供的两份生物制造相关报告,
链霉菌底盘,底盘细胞与菌株工程,底盘物种,技术平台,4,contextual,需生物工程与生产制造上下文,2024报告/资本研报补充,用户提供的两份生物制造相关报告,
黑曲霉底盘,底盘细胞与菌株工程,底盘物种,技术平台,4,contextual,需生物工程与生产制造上下文,2024报告/资本研报补充,用户提供的两份生物制造相关报告,
米曲霉底盘,底盘细胞与菌株工程,底盘物种,技术平台,4,contextual,需生物工程与生产制造上下文,2024报告/资本研报补充,用户提供的两份生物制造相关报告,
微藻底盘,底盘细胞与菌株工程,底盘物种,技术平台,4,contextual,需生物工程与生产制造上下文,2024报告/资本研报补充,用户提供的两份生物制造相关报告,
光合细胞工厂,底盘细胞与菌株工程,底盘物种,技术平台,4,contextual,需生物工程与生产制造上下文,2024报告/资本研报补充,用户提供的两份生物制造相关报告,
基因组精简,底盘细胞与菌株工程,基因组精简与细胞优化,技术平台,4,contextual,需生物工程与生产制造上下文,科研论文/中科院补充,用户提供的两份生物制造相关报告,
基因组简化,底盘细胞与菌株工程,基因组精简与细胞优化,技术平台,4,contextual,需生物工程与生产制造上下文,科研论文/中科院补充,用户提供的两份生物制造相关报告,
最小基因组,底盘细胞与菌株工程,基因组精简与细胞优化,技术平台,4,contextual,需生物工程与生产制造上下文,科研论文/中科院补充,用户提供的两份生物制造相关报告,
非必需基因删除,底盘细胞与菌株工程,基因组精简与细胞优化,技术平台,4,contextual,需生物工程与生产制造上下文,科研论文/中科院补充,用户提供的两份生物制造相关报告,
底盘细胞优化,底盘细胞与菌株工程,基因组精简与细胞优化,技术平台,4,contextual,需生物工程与生产制造上下文,科研论文/中科院补充,用户提供的两份生物制造相关报告,
底盘优化,底盘细胞与菌株工程,基因组精简与细胞优化,技术平台,4,contextual,需生物工程与生产制造上下文,科研论文/中科院补充,用户提供的两份生物制造相关报告,
宿主细胞优化,底盘细胞与菌株工程,基因组精简与细胞优化,技术平台,4,contextual,需生物工程与生产制造上下文,科研论文/中科院补充,用户提供的两份生物制造相关报告,
细胞资源重分配,底盘细胞与菌株工程,基因组精简与细胞优化,技术平台,4,contextual,需生物工程与生产制造上下文,科研论文/中科院补充,用户提供的两份生物制造相关报告,
前体供给强化,底盘细胞与菌株工程,基因组精简与细胞优化,技术平台,4,contextual,需生物工程与生产制造上下文,科研论文/中科院补充,用户提供的两份生物制造相关报告,
辅因子工程,底盘细胞与菌株工程,基因组精简与细胞优化,技术平台,4,contextual,需生物工程与生产制造上下文,科研论文/中科院补充,用户提供的两份生物制造相关报告,
菌株耐受性,底盘细胞与菌株工程,耐受与适应性进化,技术平台,4,contextual,需生物工程与生产制造上下文,科研机构/资本研报补充,用户提供的两份生物制造相关报告,
产物耐受性,底盘细胞与菌株工程,耐受与适应性进化,技术平台,4,contextual,需生物工程与生产制造上下文,科研机构/资本研报补充,用户提供的两份生物制造相关报告,
底物耐受性,底盘细胞与菌株工程,耐受与适应性进化,技术平台,4,contextual,需生物工程与生产制造上下文,科研机构/资本研报补充,用户提供的两份生物制造相关报告,
毒性耐受,底盘细胞与菌株工程,耐受与适应性进化,技术平台,4,contextual,需生物工程与生产制造上下文,科研机构/资本研报补充,用户提供的两份生物制造相关报告,
耐高温菌株,底盘细胞与菌株工程,耐受与适应性进化,技术平台,4,contextual,需生物工程与生产制造上下文,科研机构/资本研报补充,用户提供的两份生物制造相关报告,
耐酸菌株,底盘细胞与菌株工程,耐受与适应性进化,技术平台,4,contextual,需生物工程与生产制造上下文,科研机构/资本研报补充,用户提供的两份生物制造相关报告,
耐溶剂菌株,底盘细胞与菌株工程,耐受与适应性进化,技术平台,4,contextual,需生物工程与生产制造上下文,科研机构/资本研报补充,用户提供的两份生物制造相关报告,
适应性实验室进化,底盘细胞与菌株工程,耐受与适应性进化,技术平台,4,contextual,需生物工程与生产制造上下文,科研机构/资本研报补充,用户提供的两份生物制造相关报告,
适应性进化,底盘细胞与菌株工程,耐受与适应性进化,技术平台,4,contextual,需生物工程与生产制造上下文,科研机构/资本研报补充,用户提供的两份生物制造相关报告,
ALE育种,底盘细胞与菌株工程,耐受与适应性进化,技术平台,4,contextual,需生物工程与生产制造上下文,科研机构/资本研报补充,用户提供的两份生物制造相关报告,
代谢负担优化,底盘细胞与菌株工程,耐受与适应性进化,技术平台,4,contextual,需生物工程与生产制造上下文,科研机构/资本研报补充,用户提供的两份生物制造相关报告,
合成微生物群落,底盘细胞与菌株工程,合成群落与共培养,技术平台,4,contextual,需生物工程与生产制造上下文,SETR/科研机构补充,用户提供的两份生物制造相关报告,
人工微生物群落,底盘细胞与菌株工程,合成群落与共培养,技术平台,4,contextual,需生物工程与生产制造上下文,SETR/科研机构补充,用户提供的两份生物制造相关报告,
微生物群落工程,底盘细胞与菌株工程,合成群落与共培养,技术平台,4,contextual,需生物工程与生产制造上下文,SETR/科研机构补充,用户提供的两份生物制造相关报告,
微生物共培养,底盘细胞与菌株工程,合成群落与共培养,技术平台,4,contextual,需生物工程与生产制造上下文,SETR/科研机构补充,用户提供的两份生物制造相关报告,
多菌种共培养,底盘细胞与菌株工程,合成群落与共培养,技术平台,4,contextual,需生物工程与生产制造上下文,SETR/科研机构补充,用户提供的两份生物制造相关报告,
合成菌群,底盘细胞与菌株工程,合成群落与共培养,技术平台,4,contextual,需生物工程与生产制造上下文,SETR/科研机构补充,用户提供的两份生物制造相关报告,
微生物联合体,底盘细胞与菌株工程,合成群落与共培养,技术平台,4,contextual,需生物工程与生产制造上下文,SETR/科研机构补充,用户提供的两份生物制造相关报告,
分工代谢,底盘细胞与菌株工程,合成群落与共培养,技术平台,4,contextual,需生物工程与生产制造上下文,SETR/科研机构补充,用户提供的两份生物制造相关报告,
群落代谢工程,底盘细胞与菌株工程,合成群落与共培养,技术平台,4,contextual,需生物工程与生产制造上下文,SETR/科研机构补充,用户提供的两份生物制造相关报告,
细胞工厂,代谢工程与细胞工厂,细胞工厂,技术平台,5,core,无需上下文,两份报告/中科院直接词,用户提供的两份生物制造相关报告,
微生物细胞工厂,代谢工程与细胞工厂,细胞工厂,技术平台,5,core,无需上下文,两份报告/中科院直接词,用户提供的两份生物制造相关报告,
工程细胞工厂,代谢工程与细胞工厂,细胞工厂,技术平台,5,core,无需上下文,两份报告/中科院直接词,用户提供的两份生物制造相关报告,
人造细胞工厂,代谢工程与细胞工厂,细胞工厂,技术平台,5,core,无需上下文,两份报告/中科院直接词,用户提供的两份生物制造相关报告,
高效细胞工厂,代谢工程与细胞工厂,细胞工厂,技术平台,5,core,无需上下文,两份报告/中科院直接词,用户提供的两份生物制造相关报告,
全细胞催化工厂,代谢工程与细胞工厂,细胞工厂,技术平台,5,core,无需上下文,两份报告/中科院直接词,用户提供的两份生物制造相关报告,
细胞工厂构建,代谢工程与细胞工厂,细胞工厂,技术平台,5,core,无需上下文,两份报告/中科院直接词,用户提供的两份生物制造相关报告,
细胞工厂优化,代谢工程与细胞工厂,细胞工厂,技术平台,5,core,无需上下文,两份报告/中科院直接词,用户提供的两份生物制造相关报告,
代谢工程,代谢工程与细胞工厂,代谢工程,技术平台,4,contextual,需生物工程与生产制造上下文,两份报告/中科院补充,用户提供的两份生物制造相关报告,
代谢途径工程,代谢工程与细胞工厂,代谢工程,技术平台,4,contextual,需生物工程与生产制造上下文,两份报告/中科院补充,用户提供的两份生物制造相关报告,
代谢通路改造,代谢工程与细胞工厂,代谢工程,技术平台,4,contextual,需生物工程与生产制造上下文,两份报告/中科院补充,用户提供的两份生物制造相关报告,
代谢通路重构,代谢工程与细胞工厂,代谢工程,技术平台,4,contextual,需生物工程与生产制造上下文,两份报告/中科院补充,用户提供的两份生物制造相关报告,
合成代谢途径,代谢工程与细胞工厂,代谢工程,技术平台,4,contextual,需生物工程与生产制造上下文,两份报告/中科院补充,用户提供的两份生物制造相关报告,
异源代谢途径,代谢工程与细胞工厂,代谢工程,技术平台,4,contextual,需生物工程与生产制造上下文,两份报告/中科院补充,用户提供的两份生物制造相关报告,
生物合成途径,代谢工程与细胞工厂,代谢工程,技术平台,4,contextual,需生物工程与生产制造上下文,两份报告/中科院补充,用户提供的两份生物制造相关报告,
代谢途径优化,代谢工程与细胞工厂,代谢工程,技术平台,4,contextual,需生物工程与生产制造上下文,两份报告/中科院补充,用户提供的两份生物制造相关报告,
途径组装,代谢工程与细胞工厂,代谢工程,技术平台,4,contextual,需生物工程与生产制造上下文,两份报告/中科院补充,用户提供的两份生物制造相关报告,
途径平衡,代谢工程与细胞工厂,代谢工程,技术平台,4,contextual,需生物工程与生产制造上下文,两份报告/中科院补充,用户提供的两份生物制造相关报告,
代谢流分析,代谢工程与细胞工厂,代谢流与动态调控,技术平台,4,contextual,需生物工程与生产制造上下文,科研机构/支持扩展,用户提供的两份生物制造相关报告,
代谢通量分析,代谢工程与细胞工厂,代谢流与动态调控,技术平台,4,contextual,需生物工程与生产制造上下文,科研机构/支持扩展,用户提供的两份生物制造相关报告,
代谢流重定向,代谢工程与细胞工厂,代谢流与动态调控,技术平台,4,contextual,需生物工程与生产制造上下文,科研机构/支持扩展,用户提供的两份生物制造相关报告,
碳流重定向,代谢工程与细胞工厂,代谢流与动态调控,技术平台,4,contextual,需生物工程与生产制造上下文,科研机构/支持扩展,用户提供的两份生物制造相关报告,
动态代谢调控,代谢工程与细胞工厂,代谢流与动态调控,技术平台,4,contextual,需生物工程与生产制造上下文,科研机构/支持扩展,用户提供的两份生物制造相关报告,
静态代谢调控,代谢工程与细胞工厂,代谢流与动态调控,技术平台,4,contextual,需生物工程与生产制造上下文,科研机构/支持扩展,用户提供的两份生物制造相关报告,
反馈抑制解除,代谢工程与细胞工厂,代谢流与动态调控,技术平台,4,contextual,需生物工程与生产制造上下文,科研机构/支持扩展,用户提供的两份生物制造相关报告,
旁路代谢敲除,代谢工程与细胞工厂,代谢流与动态调控,技术平台,4,contextual,需生物工程与生产制造上下文,科研机构/支持扩展,用户提供的两份生物制造相关报告,
竞争途径敲除,代谢工程与细胞工厂,代谢流与动态调控,技术平台,4,contextual,需生物工程与生产制造上下文,科研机构/支持扩展,用户提供的两份生物制造相关报告,
产物通路强化,代谢工程与细胞工厂,代谢流与动态调控,技术平台,4,contextual,需生物工程与生产制造上下文,科研机构/支持扩展,用户提供的两份生物制造相关报告,
高效表达系统,代谢工程与细胞工厂,表达系统,技术平台,4,contextual,需生物工程与生产制造上下文,中科院/资本研报补充,用户提供的两份生物制造相关报告,
异源表达系统,代谢工程与细胞工厂,表达系统,技术平台,4,contextual,需生物工程与生产制造上下文,中科院/资本研报补充,用户提供的两份生物制造相关报告,
重组表达系统,代谢工程与细胞工厂,表达系统,技术平台,4,contextual,需生物工程与生产制造上下文,中科院/资本研报补充,用户提供的两份生物制造相关报告,
蛋白高效表达,代谢工程与细胞工厂,表达系统,技术平台,4,contextual,需生物工程与生产制造上下文,中科院/资本研报补充,用户提供的两份生物制造相关报告,
异源蛋白表达,代谢工程与细胞工厂,表达系统,技术平台,4,contextual,需生物工程与生产制造上下文,中科院/资本研报补充,用户提供的两份生物制造相关报告,
分泌表达,代谢工程与细胞工厂,表达系统,技术平台,4,contextual,需生物工程与生产制造上下文,中科院/资本研报补充,用户提供的两份生物制造相关报告,
组成型表达,代谢工程与细胞工厂,表达系统,技术平台,4,contextual,需生物工程与生产制造上下文,中科院/资本研报补充,用户提供的两份生物制造相关报告,
诱导表达,代谢工程与细胞工厂,表达系统,技术平台,4,contextual,需生物工程与生产制造上下文,中科院/资本研报补充,用户提供的两份生物制造相关报告,
无诱导表达,代谢工程与细胞工厂,表达系统,技术平台,4,contextual,需生物工程与生产制造上下文,中科院/资本研报补充,用户提供的两份生物制造相关报告,
表达宿主,代谢工程与细胞工厂,表达系统,技术平台,4,contextual,需生物工程与生产制造上下文,中科院/资本研报补充,用户提供的两份生物制造相关报告,
表达盒,代谢工程与细胞工厂,表达系统,技术平台,4,contextual,需生物工程与生产制造上下文,中科院/资本研报补充,用户提供的两份生物制造相关报告,
转运蛋白工程,代谢工程与细胞工厂,运输与分泌工程,技术平台,4,contextual,需生物工程与生产制造上下文,科研机构/支持扩展,用户提供的两份生物制造相关报告,
膜转运工程,代谢工程与细胞工厂,运输与分泌工程,技术平台,4,contextual,需生物工程与生产制造上下文,科研机构/支持扩展,用户提供的两份生物制造相关报告,
产物外排,代谢工程与细胞工厂,运输与分泌工程,技术平台,4,contextual,需生物工程与生产制造上下文,科研机构/支持扩展,用户提供的两份生物制造相关报告,
产物分泌,代谢工程与细胞工厂,运输与分泌工程,技术平台,4,contextual,需生物工程与生产制造上下文,科研机构/支持扩展,用户提供的两份生物制造相关报告,
分泌途径优化,代谢工程与细胞工厂,运输与分泌工程,技术平台,4,contextual,需生物工程与生产制造上下文,科研机构/支持扩展,用户提供的两份生物制造相关报告,
信号肽优化,代谢工程与细胞工厂,运输与分泌工程,技术平台,4,contextual,需生物工程与生产制造上下文,科研机构/支持扩展,用户提供的两份生物制造相关报告,
跨膜转运,代谢工程与细胞工厂,运输与分泌工程,技术平台,4,contextual,需生物工程与生产制造上下文,科研机构/支持扩展,用户提供的两份生物制造相关报告,
底物摄取强化,代谢工程与细胞工厂,运输与分泌工程,技术平台,4,contextual,需生物工程与生产制造上下文,科研机构/支持扩展,用户提供的两份生物制造相关报告,
酶工程,酶与蛋白质工程,酶工程,技术平台,4,contextual,需生物工程与生产制造上下文,2024报告/中科院/资本研报补充,用户提供的两份生物制造相关报告,
工业酶工程,酶与蛋白质工程,酶工程,技术平台,4,contextual,需生物工程与生产制造上下文,2024报告/中科院/资本研报补充,用户提供的两份生物制造相关报告,
酶分子改造,酶与蛋白质工程,酶工程,技术平台,4,contextual,需生物工程与生产制造上下文,2024报告/中科院/资本研报补充,用户提供的两份生物制造相关报告,
酶定向改造,酶与蛋白质工程,酶工程,技术平台,4,contextual,需生物工程与生产制造上下文,2024报告/中科院/资本研报补充,用户提供的两份生物制造相关报告,
酶活性改造,酶与蛋白质工程,酶工程,技术平台,4,contextual,需生物工程与生产制造上下文,2024报告/中科院/资本研报补充,用户提供的两份生物制造相关报告,
酶稳定性改造,酶与蛋白质工程,酶工程,技术平台,4,contextual,需生物工程与生产制造上下文,2024报告/中科院/资本研报补充,用户提供的两份生物制造相关报告,
酶理性设计,酶与蛋白质工程,酶工程,技术平台,4,contextual,需生物工程与生产制造上下文,2024报告/中科院/资本研报补充,用户提供的两份生物制造相关报告,
酶半理性设计,酶与蛋白质工程,酶工程,技术平台,4,contextual,需生物工程与生产制造上下文,2024报告/中科院/资本研报补充,用户提供的两份生物制造相关报告,
酶库构建,酶与蛋白质工程,酶工程,技术平台,4,contextual,需生物工程与生产制造上下文,2024报告/中科院/资本研报补充,用户提供的两份生物制造相关报告,
工业酶创制,酶与蛋白质工程,酶工程,技术平台,4,contextual,需生物工程与生产制造上下文,2024报告/中科院/资本研报补充,用户提供的两份生物制造相关报告,
定向进化,酶与蛋白质工程,定向进化,技术平台,4,contextual,需生物工程与生产制造上下文,科研机构/资本研报补充,用户提供的两份生物制造相关报告,
酶定向进化,酶与蛋白质工程,定向进化,技术平台,4,contextual,需生物工程与生产制造上下文,科研机构/资本研报补充,用户提供的两份生物制造相关报告,
蛋白质定向进化,酶与蛋白质工程,定向进化,技术平台,4,contextual,需生物工程与生产制造上下文,科研机构/资本研报补充,用户提供的两份生物制造相关报告,
错误易感PCR,酶与蛋白质工程,定向进化,技术平台,4,contextual,需生物工程与生产制造上下文,科研机构/资本研报补充,用户提供的两份生物制造相关报告,
易错PCR,酶与蛋白质工程,定向进化,技术平台,4,contextual,需生物工程与生产制造上下文,科研机构/资本研报补充,用户提供的两份生物制造相关报告,
DNA改组,酶与蛋白质工程,定向进化,技术平台,4,contextual,需生物工程与生产制造上下文,科研机构/资本研报补充,用户提供的两份生物制造相关报告,
DNA shuffling,酶与蛋白质工程,定向进化,技术平台,4,contextual,需生物工程与生产制造上下文,科研机构/资本研报补充,用户提供的两份生物制造相关报告,
饱和突变,酶与蛋白质工程,定向进化,技术平台,4,contextual,需生物工程与生产制造上下文,科研机构/资本研报补充,用户提供的两份生物制造相关报告,
迭代饱和突变,酶与蛋白质工程,定向进化,技术平台,4,contextual,需生物工程与生产制造上下文,科研机构/资本研报补充,用户提供的两份生物制造相关报告,
突变体文库,酶与蛋白质工程,定向进化,技术平台,4,contextual,需生物工程与生产制造上下文,科研机构/资本研报补充,用户提供的两份生物制造相关报告,
蛋白质工程,酶与蛋白质工程,蛋白质工程,技术平台,4,contextual,需生物工程与生产制造上下文,2024报告/SETR/中科院补充,用户提供的两份生物制造相关报告,
蛋白分子设计,酶与蛋白质工程,蛋白质工程,技术平台,4,contextual,需生物工程与生产制造上下文,2024报告/SETR/中科院补充,用户提供的两份生物制造相关报告,
蛋白序列优化,酶与蛋白质工程,蛋白质工程,技术平台,4,contextual,需生物工程与生产制造上下文,2024报告/SETR/中科院补充,用户提供的两份生物制造相关报告,
蛋白结构改造,酶与蛋白质工程,蛋白质工程,技术平台,4,contextual,需生物工程与生产制造上下文,2024报告/SETR/中科院补充,用户提供的两份生物制造相关报告,
蛋白折叠优化,酶与蛋白质工程,蛋白质工程,技术平台,4,contextual,需生物工程与生产制造上下文,2024报告/SETR/中科院补充,用户提供的两份生物制造相关报告,
重组蛋白工程,酶与蛋白质工程,蛋白质工程,技术平台,4,contextual,需生物工程与生产制造上下文,2024报告/SETR/中科院补充,用户提供的两份生物制造相关报告,
多肽工程,酶与蛋白质工程,蛋白质工程,技术平台,4,contextual,需生物工程与生产制造上下文,2024报告/SETR/中科院补充,用户提供的两份生物制造相关报告,
抗体工程,酶与蛋白质工程,蛋白质工程,技术平台,4,contextual,需生物工程与生产制造上下文,2024报告/SETR/中科院补充,用户提供的两份生物制造相关报告,
融合蛋白设计,酶与蛋白质工程,蛋白质工程,技术平台,4,contextual,需生物工程与生产制造上下文,2024报告/SETR/中科院补充,用户提供的两份生物制造相关报告,
生物催化,酶与蛋白质工程,生物催化,生产制造,4,contextual,需生物工程与生产制造上下文,2024报告/中科院/资本研报补充,用户提供的两份生物制造相关报告,
酶催化合成,酶与蛋白质工程,生物催化,生产制造,4,contextual,需生物工程与生产制造上下文,2024报告/中科院/资本研报补充,用户提供的两份生物制造相关报告,
酶法合成,酶与蛋白质工程,生物催化,生产制造,4,contextual,需生物工程与生产制造上下文,2024报告/中科院/资本研报补充,用户提供的两份生物制造相关报告,
全细胞催化,酶与蛋白质工程,生物催化,生产制造,4,contextual,需生物工程与生产制造上下文,2024报告/中科院/资本研报补充,用户提供的两份生物制造相关报告,
级联酶催化,酶与蛋白质工程,生物催化,生产制造,4,contextual,需生物工程与生产制造上下文,2024报告/中科院/资本研报补充,用户提供的两份生物制造相关报告,
多酶级联,酶与蛋白质工程,生物催化,生产制造,4,contextual,需生物工程与生产制造上下文,2024报告/中科院/资本研报补充,用户提供的两份生物制造相关报告,
酶促转化,酶与蛋白质工程,生物催化,生产制造,4,contextual,需生物工程与生产制造上下文,2024报告/中科院/资本研报补充,用户提供的两份生物制造相关报告,
生物转化,酶与蛋白质工程,生物催化,生产制造,4,contextual,需生物工程与生产制造上下文,2024报告/中科院/资本研报补充,用户提供的两份生物制造相关报告,
手性生物催化,酶与蛋白质工程,生物催化,生产制造,4,contextual,需生物工程与生产制造上下文,2024报告/中科院/资本研报补充,用户提供的两份生物制造相关报告,
辅酶再生,酶与蛋白质工程,生物催化,生产制造,4,contextual,需生物工程与生产制造上下文,2024报告/中科院/资本研报补充,用户提供的两份生物制造相关报告,
固定化酶,酶与蛋白质工程,酶固定化与反应体系,生产制造,3,process,需生物工程与生产制造上下文,工业生物技术支持扩展,用户提供的两份生物制造相关报告,
酶固定化,酶与蛋白质工程,酶固定化与反应体系,生产制造,3,process,需生物工程与生产制造上下文,工业生物技术支持扩展,用户提供的两份生物制造相关报告,
固定化细胞,酶与蛋白质工程,酶固定化与反应体系,生产制造,3,process,需生物工程与生产制造上下文,工业生物技术支持扩展,用户提供的两份生物制造相关报告,
酶膜反应器,酶与蛋白质工程,酶固定化与反应体系,生产制造,3,process,需生物工程与生产制造上下文,工业生物技术支持扩展,用户提供的两份生物制造相关报告,
连续酶催化,酶与蛋白质工程,酶固定化与反应体系,生产制造,3,process,需生物工程与生产制造上下文,工业生物技术支持扩展,用户提供的两份生物制造相关报告,
非水相酶催化,酶与蛋白质工程,酶固定化与反应体系,生产制造,3,process,需生物工程与生产制造上下文,工业生物技术支持扩展,用户提供的两份生物制造相关报告,
酶反应器,酶与蛋白质工程,酶固定化与反应体系,生产制造,3,process,需生物工程与生产制造上下文,工业生物技术支持扩展,用户提供的两份生物制造相关报告,
酶循环使用,酶与蛋白质工程,酶固定化与反应体系,生产制造,3,process,需生物工程与生产制造上下文,工业生物技术支持扩展,用户提供的两份生物制造相关报告,
高通量筛选,测试筛选与自动化,高通量构建与筛选,底层工具,4,contextual,需生物工程与生产制造上下文,中科院/资本研报补充,用户提供的两份生物制造相关报告,
超高通量筛选,测试筛选与自动化,高通量构建与筛选,底层工具,4,contextual,需生物工程与生产制造上下文,中科院/资本研报补充,用户提供的两份生物制造相关报告,
高通量菌株筛选,测试筛选与自动化,高通量构建与筛选,底层工具,4,contextual,需生物工程与生产制造上下文,中科院/资本研报补充,用户提供的两份生物制造相关报告,
高通量构建,测试筛选与自动化,高通量构建与筛选,底层工具,4,contextual,需生物工程与生产制造上下文,中科院/资本研报补充,用户提供的两份生物制造相关报告,
自动化高通量筛选,测试筛选与自动化,高通量构建与筛选,底层工具,4,contextual,需生物工程与生产制造上下文,中科院/资本研报补充,用户提供的两份生物制造相关报告,
菌株自动化筛选,测试筛选与自动化,高通量构建与筛选,底层工具,4,contextual,需生物工程与生产制造上下文,中科院/资本研报补充,用户提供的两份生物制造相关报告,
酶高通量筛选,测试筛选与自动化,高通量构建与筛选,底层工具,4,contextual,需生物工程与生产制造上下文,中科院/资本研报补充,用户提供的两份生物制造相关报告,
突变体筛选,测试筛选与自动化,高通量构建与筛选,底层工具,4,contextual,需生物工程与生产制造上下文,中科院/资本研报补充,用户提供的两份生物制造相关报告,
阳性转化子筛选,测试筛选与自动化,高通量构建与筛选,底层工具,4,contextual,需生物工程与生产制造上下文,中科院/资本研报补充,用户提供的两份生物制造相关报告,
表型筛选,测试筛选与自动化,高通量构建与筛选,底层工具,4,contextual,需生物工程与生产制造上下文,中科院/资本研报补充,用户提供的两份生物制造相关报告,
微流控筛选,测试筛选与自动化,微流控与单细胞筛选,底层工具,4,contextual,需生物工程与生产制造上下文,资本研报/科研机构补充,用户提供的两份生物制造相关报告,
液滴微流控,测试筛选与自动化,微流控与单细胞筛选,底层工具,4,contextual,需生物工程与生产制造上下文,资本研报/科研机构补充,用户提供的两份生物制造相关报告,
单细胞筛选,测试筛选与自动化,微流控与单细胞筛选,底层工具,4,contextual,需生物工程与生产制造上下文,资本研报/科研机构补充,用户提供的两份生物制造相关报告,
单细胞分选,测试筛选与自动化,微流控与单细胞筛选,底层工具,4,contextual,需生物工程与生产制造上下文,资本研报/科研机构补充,用户提供的两份生物制造相关报告,
荧光激活细胞分选,测试筛选与自动化,微流控与单细胞筛选,底层工具,4,contextual,需生物工程与生产制造上下文,资本研报/科研机构补充,用户提供的两份生物制造相关报告,
FACS,测试筛选与自动化,微流控与单细胞筛选,底层工具,4,contextual,需生物工程与生产制造上下文,资本研报/科研机构补充,用户提供的两份生物制造相关报告,
生物传感器筛选,测试筛选与自动化,微流控与单细胞筛选,底层工具,4,contextual,需生物工程与生产制造上下文,资本研报/科研机构补充,用户提供的两份生物制造相关报告,
代谢物生物传感器,测试筛选与自动化,微流控与单细胞筛选,底层工具,4,contextual,需生物工程与生产制造上下文,资本研报/科研机构补充,用户提供的两份生物制造相关报告,
微液滴筛选,测试筛选与自动化,微流控与单细胞筛选,底层工具,4,contextual,需生物工程与生产制造上下文,资本研报/科研机构补充,用户提供的两份生物制造相关报告,
实验室自动化,测试筛选与自动化,实验室自动化,底层工具,4,contextual,需生物工程与生产制造上下文,资本研报/科研机构补充,用户提供的两份生物制造相关报告,
自动化移液,测试筛选与自动化,实验室自动化,底层工具,4,contextual,需生物工程与生产制造上下文,资本研报/科研机构补充,用户提供的两份生物制造相关报告,
自动化培养,测试筛选与自动化,实验室自动化,底层工具,4,contextual,需生物工程与生产制造上下文,资本研报/科研机构补充,用户提供的两份生物制造相关报告,
机器人实验平台,测试筛选与自动化,实验室自动化,底层工具,4,contextual,需生物工程与生产制造上下文,资本研报/科研机构补充,用户提供的两份生物制造相关报告,
自动化实验工作站,测试筛选与自动化,实验室自动化,底层工具,4,contextual,需生物工程与生产制造上下文,资本研报/科研机构补充,用户提供的两份生物制造相关报告,
自动化菌株改造,测试筛选与自动化,实验室自动化,底层工具,4,contextual,需生物工程与生产制造上下文,资本研报/科研机构补充,用户提供的两份生物制造相关报告,
无人化生物实验室,测试筛选与自动化,实验室自动化,底层工具,4,contextual,需生物工程与生产制造上下文,资本研报/科研机构补充,用户提供的两份生物制造相关报告,
云实验室,测试筛选与自动化,实验室自动化,底层工具,4,contextual,需生物工程与生产制造上下文,资本研报/科研机构补充,用户提供的两份生物制造相关报告,
生物制造数据库,测试筛选与自动化,生物制造数据,底层工具,4,core,无需上下文,中科院公开方向,用户提供的两份生物制造相关报告,https://tib.cas.cn/rcdw/rczp/zyjszp/t_8227670.html
工业菌种数据库,测试筛选与自动化,生物制造数据,底层工具,4,core,无需上下文,中科院公开方向,用户提供的两份生物制造相关报告,https://tib.cas.cn/rcdw/rczp/zyjszp/t_8227670.html
工业酶数据库,测试筛选与自动化,生物制造数据,底层工具,4,core,无需上下文,中科院公开方向,用户提供的两份生物制造相关报告,https://tib.cas.cn/rcdw/rczp/zyjszp/t_8227670.html
生物制造数据中心,测试筛选与自动化,生物制造数据,底层工具,4,core,无需上下文,中科院公开方向,用户提供的两份生物制造相关报告,https://tib.cas.cn/rcdw/rczp/zyjszp/t_8227670.html
生物实验数据闭环,测试筛选与自动化,生物制造数据,底层工具,4,core,无需上下文,中科院公开方向,用户提供的两份生物制造相关报告,https://tib.cas.cn/rcdw/rczp/zyjszp/t_8227670.html
数据-模型-应用飞轮,测试筛选与自动化,生物制造数据,底层工具,4,core,无需上下文,中科院公开方向,用户提供的两份生物制造相关报告,https://tib.cas.cn/rcdw/rczp/zyjszp/t_8227670.html
生物制造数据飞轮,测试筛选与自动化,生物制造数据,底层工具,4,core,无需上下文,中科院公开方向,用户提供的两份生物制造相关报告,https://tib.cas.cn/rcdw/rczp/zyjszp/t_8227670.html
发酵工程,生物过程与规模化,发酵工程,生产制造,4,process,需生物工程与生产制造上下文,2024报告/资本研报补充,用户提供的两份生物制造相关报告,
工业发酵,生物过程与规模化,发酵工程,生产制造,4,process,需生物工程与生产制造上下文,2024报告/资本研报补充,用户提供的两份生物制造相关报告,
生物发酵,生物过程与规模化,发酵工程,生产制造,4,process,需生物工程与生产制造上下文,2024报告/资本研报补充,用户提供的两份生物制造相关报告,
微生物发酵,生物过程与规模化,发酵工程,生产制造,4,process,需生物工程与生产制造上下文,2024报告/资本研报补充,用户提供的两份生物制造相关报告,
精准发酵,生物过程与规模化,发酵工程,生产制造,4,process,需生物工程与生产制造上下文,2024报告/资本研报补充,用户提供的两份生物制造相关报告,
精密发酵,生物过程与规模化,发酵工程,生产制造,4,process,需生物工程与生产制造上下文,2024报告/资本研报补充,用户提供的两份生物制造相关报告,
深层发酵,生物过程与规模化,发酵工程,生产制造,4,process,需生物工程与生产制造上下文,2024报告/资本研报补充,用户提供的两份生物制造相关报告,
固态发酵,生物过程与规模化,发酵工程,生产制造,4,process,需生物工程与生产制造上下文,2024报告/资本研报补充,用户提供的两份生物制造相关报告,
液态发酵,生物过程与规模化,发酵工程,生产制造,4,process,需生物工程与生产制造上下文,2024报告/资本研报补充,用户提供的两份生物制造相关报告,
补料分批发酵,生物过程与规模化,发酵工程,生产制造,4,process,需生物工程与生产制造上下文,2024报告/资本研报补充,用户提供的两份生物制造相关报告,
连续发酵,生物过程与规模化,发酵工程,生产制造,4,process,需生物工程与生产制造上下文,2024报告/资本研报补充,用户提供的两份生物制造相关报告,
发酵生产,生物过程与规模化,发酵工程,生产制造,4,process,需生物工程与生产制造上下文,2024报告/资本研报补充,用户提供的两份生物制造相关报告,
生物反应器,生物过程与规模化,生物反应器,生产制造,3,process,需生物工程与生产制造上下文,两份报告/支持扩展,用户提供的两份生物制造相关报告,
发酵罐,生物过程与规模化,生物反应器,生产制造,3,process,需生物工程与生产制造上下文,两份报告/支持扩展,用户提供的两份生物制造相关报告,
细胞培养反应器,生物过程与规模化,生物反应器,生产制造,3,process,需生物工程与生产制造上下文,两份报告/支持扩展,用户提供的两份生物制造相关报告,
一次性生物反应器,生物过程与规模化,生物反应器,生产制造,3,process,需生物工程与生产制造上下文,两份报告/支持扩展,用户提供的两份生物制造相关报告,
连续流生物反应器,生物过程与规模化,生物反应器,生产制造,3,process,需生物工程与生产制造上下文,两份报告/支持扩展,用户提供的两份生物制造相关报告,
气升式生物反应器,生物过程与规模化,生物反应器,生产制造,3,process,需生物工程与生产制造上下文,两份报告/支持扩展,用户提供的两份生物制造相关报告,
光生物反应器,生物过程与规模化,生物反应器,生产制造,3,process,需生物工程与生产制造上下文,两份报告/支持扩展,用户提供的两份生物制造相关报告,
膜生物反应器,生物过程与规模化,生物反应器,生产制造,3,process,需生物工程与生产制造上下文,两份报告/支持扩展,用户提供的两份生物制造相关报告,
自动化生物反应器,生物过程与规模化,生物反应器,生产制造,3,process,需生物工程与生产制造上下文,两份报告/支持扩展,用户提供的两份生物制造相关报告,
发酵过程控制,生物过程与规模化,过程控制与优化,生产制造,3,process,需生物工程与生产制造上下文,资本研报补充,用户提供的两份生物制造相关报告,
生物过程控制,生物过程与规模化,过程控制与优化,生产制造,3,process,需生物工程与生产制造上下文,资本研报补充,用户提供的两份生物制造相关报告,
发酵工艺优化,生物过程与规模化,过程控制与优化,生产制造,3,process,需生物工程与生产制造上下文,资本研报补充,用户提供的两份生物制造相关报告,
培养基优化,生物过程与规模化,过程控制与优化,生产制造,3,process,需生物工程与生产制造上下文,资本研报补充,用户提供的两份生物制造相关报告,
补料策略,生物过程与规模化,过程控制与优化,生产制造,3,process,需生物工程与生产制造上下文,资本研报补充,用户提供的两份生物制造相关报告,
溶氧控制,生物过程与规模化,过程控制与优化,生产制造,3,process,需生物工程与生产制造上下文,资本研报补充,用户提供的两份生物制造相关报告,
pH控制,生物过程与规模化,过程控制与优化,生产制造,3,process,需生物工程与生产制造上下文,资本研报补充,用户提供的两份生物制造相关报告,
通气搅拌控制,生物过程与规模化,过程控制与优化,生产制造,3,process,需生物工程与生产制造上下文,资本研报补充,用户提供的两份生物制造相关报告,
在线发酵监测,生物过程与规模化,过程控制与优化,生产制造,3,process,需生物工程与生产制造上下文,资本研报补充,用户提供的两份生物制造相关报告,
软测量,生物过程与规模化,过程控制与优化,生产制造,3,process,需生物工程与生产制造上下文,资本研报补充,用户提供的两份生物制造相关报告,
过程分析技术,生物过程与规模化,过程控制与优化,生产制造,3,process,需生物工程与生产制造上下文,资本研报补充,用户提供的两份生物制造相关报告,
PAT技术,生物过程与规模化,过程控制与优化,生产制造,3,process,需生物工程与生产制造上下文,资本研报补充,用户提供的两份生物制造相关报告,
生物工艺放大,生物过程与规模化,工艺放大与中试,生产制造,4,process,需生物工程与生产制造上下文,中科院/资本研报补充,用户提供的两份生物制造相关报告,
发酵放大,生物过程与规模化,工艺放大与中试,生产制造,4,process,需生物工程与生产制造上下文,中科院/资本研报补充,用户提供的两份生物制造相关报告,
规模放大,生物过程与规模化,工艺放大与中试,生产制造,4,process,需生物工程与生产制造上下文,中科院/资本研报补充,用户提供的两份生物制造相关报告,
工业化放大,生物过程与规模化,工艺放大与中试,生产制造,4,process,需生物工程与生产制造上下文,中科院/资本研报补充,用户提供的两份生物制造相关报告,
中试放大,生物过程与规模化,工艺放大与中试,生产制造,4,process,需生物工程与生产制造上下文,中科院/资本研报补充,用户提供的两份生物制造相关报告,
中试发酵,生物过程与规模化,工艺放大与中试,生产制造,4,process,需生物工程与生产制造上下文,中科院/资本研报补充,用户提供的两份生物制造相关报告,
中试平台,生物过程与规模化,工艺放大与中试,生产制造,4,process,需生物工程与生产制造上下文,中科院/资本研报补充,用户提供的两份生物制造相关报告,
放大培养,生物过程与规模化,工艺放大与中试,生产制造,4,process,需生物工程与生产制造上下文,中科院/资本研报补充,用户提供的两份生物制造相关报告,
规模化培养,生物过程与规模化,工艺放大与中试,生产制造,4,process,需生物工程与生产制造上下文,中科院/资本研报补充,用户提供的两份生物制造相关报告,
吨级发酵,生物过程与规模化,工艺放大与中试,生产制造,4,process,需生物工程与生产制造上下文,中科院/资本研报补充,用户提供的两份生物制造相关报告,
千吨级发酵,生物过程与规模化,工艺放大与中试,生产制造,4,process,需生物工程与生产制造上下文,中科院/资本研报补充,用户提供的两份生物制造相关报告,
发酵液分离,生物过程与规模化,下游分离纯化,生产制造,3,process,需生物工程与生产制造上下文,资本研报补充,用户提供的两份生物制造相关报告,
发酵液纯化,生物过程与规模化,下游分离纯化,生产制造,3,process,需生物工程与生产制造上下文,资本研报补充,用户提供的两份生物制造相关报告,
分离纯化,生物过程与规模化,下游分离纯化,生产制造,3,process,需生物工程与生产制造上下文,资本研报补充,用户提供的两份生物制造相关报告,
下游纯化,生物过程与规模化,下游分离纯化,生产制造,3,process,需生物工程与生产制造上下文,资本研报补充,用户提供的两份生物制造相关报告,
下游分离,生物过程与规模化,下游分离纯化,生产制造,3,process,需生物工程与生产制造上下文,资本研报补充,用户提供的两份生物制造相关报告,
细胞破碎,生物过程与规模化,下游分离纯化,生产制造,3,process,需生物工程与生产制造上下文,资本研报补充,用户提供的两份生物制造相关报告,
膜分离,生物过程与规模化,下游分离纯化,生产制造,3,process,需生物工程与生产制造上下文,资本研报补充,用户提供的两份生物制造相关报告,
膜过滤,生物过程与规模化,下游分离纯化,生产制造,3,process,需生物工程与生产制造上下文,资本研报补充,用户提供的两份生物制造相关报告,
超滤浓缩,生物过程与规模化,下游分离纯化,生产制造,3,process,需生物工程与生产制造上下文,资本研报补充,用户提供的两份生物制造相关报告,
离子交换纯化,生物过程与规模化,下游分离纯化,生产制造,3,process,需生物工程与生产制造上下文,资本研报补充,用户提供的两份生物制造相关报告,
层析纯化,生物过程与规模化,下游分离纯化,生产制造,3,process,需生物工程与生产制造上下文,资本研报补充,用户提供的两份生物制造相关报告,
结晶纯化,生物过程与规模化,下游分离纯化,生产制造,3,process,需生物工程与生产制造上下文,资本研报补充,用户提供的两份生物制造相关报告,
萃取纯化,生物过程与规模化,下游分离纯化,生产制造,3,process,需生物工程与生产制造上下文,资本研报补充,用户提供的两份生物制造相关报告,
脱色除杂,生物过程与规模化,下游分离纯化,生产制造,3,process,需生物工程与生产制造上下文,资本研报补充,用户提供的两份生物制造相关报告,
连续生物制造,生物过程与规模化,连续制造与过程强化,生产制造,4,process,需生物工程与生产制造上下文,科研机构/支持扩展,用户提供的两份生物制造相关报告,
连续生物加工,生物过程与规模化,连续制造与过程强化,生产制造,4,process,需生物工程与生产制造上下文,科研机构/支持扩展,用户提供的两份生物制造相关报告,
连续培养,生物过程与规模化,连续制造与过程强化,生产制造,4,process,需生物工程与生产制造上下文,科研机构/支持扩展,用户提供的两份生物制造相关报告,
连续流生物催化,生物过程与规模化,连续制造与过程强化,生产制造,4,process,需生物工程与生产制造上下文,科研机构/支持扩展,用户提供的两份生物制造相关报告,
生物过程强化,生物过程与规模化,连续制造与过程强化,生产制造,4,process,需生物工程与生产制造上下文,科研机构/支持扩展,用户提供的两份生物制造相关报告,
集成生物工艺,生物过程与规模化,连续制造与过程强化,生产制造,4,process,需生物工程与生产制造上下文,科研机构/支持扩展,用户提供的两份生物制造相关报告,
原位产物分离,生物过程与规模化,连续制造与过程强化,生产制造,4,process,需生物工程与生产制造上下文,科研机构/支持扩展,用户提供的两份生物制造相关报告,
反应分离耦合,生物过程与规模化,连续制造与过程强化,生产制造,4,process,需生物工程与生产制造上下文,科研机构/支持扩展,用户提供的两份生物制造相关报告,
生物炼制,原料与低碳路线,生物炼制,生产制造,4,core,无需上下文,2024报告/公开资本研报补充,用户提供的两份生物制造相关报告,
综合生物炼制,原料与低碳路线,生物炼制,生产制造,4,core,无需上下文,2024报告/公开资本研报补充,用户提供的两份生物制造相关报告,
木质纤维素生物炼制,原料与低碳路线,生物炼制,生产制造,4,core,无需上下文,2024报告/公开资本研报补充,用户提供的两份生物制造相关报告,
生物质炼制,原料与低碳路线,生物炼制,生产制造,4,core,无需上下文,2024报告/公开资本研报补充,用户提供的两份生物制造相关报告,
生物质高值化,原料与低碳路线,生物炼制,生产制造,4,core,无需上下文,2024报告/公开资本研报补充,用户提供的两份生物制造相关报告,
生物质梯级利用,原料与低碳路线,生物炼制,生产制造,4,core,无需上下文,2024报告/公开资本研报补充,用户提供的两份生物制造相关报告,
生物质全组分利用,原料与低碳路线,生物炼制,生产制造,4,core,无需上下文,2024报告/公开资本研报补充,用户提供的两份生物制造相关报告,
非粮生物质,原料与低碳路线,非粮生物质,原料层,3,contextual,需生物工程与生产制造上下文,2024报告/资本研报补充,用户提供的两份生物制造相关报告,
非粮碳源,原料与低碳路线,非粮生物质,原料层,3,contextual,需生物工程与生产制造上下文,2024报告/资本研报补充,用户提供的两份生物制造相关报告,
秸秆糖,原料与低碳路线,非粮生物质,原料层,3,contextual,需生物工程与生产制造上下文,2024报告/资本研报补充,用户提供的两份生物制造相关报告,
木质纤维素,原料与低碳路线,非粮生物质,原料层,3,contextual,需生物工程与生产制造上下文,2024报告/资本研报补充,用户提供的两份生物制造相关报告,
纤维素糖,原料与低碳路线,非粮生物质,原料层,3,contextual,需生物工程与生产制造上下文,2024报告/资本研报补充,用户提供的两份生物制造相关报告,
半纤维素糖,原料与低碳路线,非粮生物质,原料层,3,contextual,需生物工程与生产制造上下文,2024报告/资本研报补充,用户提供的两份生物制造相关报告,
农业废弃物糖化,原料与低碳路线,非粮生物质,原料层,3,contextual,需生物工程与生产制造上下文,2024报告/资本研报补充,用户提供的两份生物制造相关报告,
农林废弃物,原料与低碳路线,非粮生物质,原料层,3,contextual,需生物工程与生产制造上下文,2024报告/资本研报补充,用户提供的两份生物制造相关报告,
秸秆原料化,原料与低碳路线,非粮生物质,原料层,3,contextual,需生物工程与生产制造上下文,2024报告/资本研报补充,用户提供的两份生物制造相关报告,
生物质碳源平台,原料与低碳路线,非粮生物质,原料层,3,contextual,需生物工程与生产制造上下文,2024报告/资本研报补充,用户提供的两份生物制造相关报告,
一碳生物制造,原料与低碳路线,一碳生物制造,原料层,4,contextual,需生物工程与生产制造上下文,2024报告/中科院/资本研报补充,用户提供的两份生物制造相关报告,
C1生物制造,原料与低碳路线,一碳生物制造,原料层,4,contextual,需生物工程与生产制造上下文,2024报告/中科院/资本研报补充,用户提供的两份生物制造相关报告,
一碳生物转化,原料与低碳路线,一碳生物制造,原料层,4,contextual,需生物工程与生产制造上下文,2024报告/中科院/资本研报补充,用户提供的两份生物制造相关报告,
二氧化碳生物转化,原料与低碳路线,一碳生物制造,原料层,4,contextual,需生物工程与生产制造上下文,2024报告/中科院/资本研报补充,用户提供的两份生物制造相关报告,
二氧化碳生物合成,原料与低碳路线,一碳生物制造,原料层,4,contextual,需生物工程与生产制造上下文,2024报告/中科院/资本研报补充,用户提供的两份生物制造相关报告,
甲醇生物转化,原料与低碳路线,一碳生物制造,原料层,4,contextual,需生物工程与生产制造上下文,2024报告/中科院/资本研报补充,用户提供的两份生物制造相关报告,
甲烷生物转化,原料与低碳路线,一碳生物制造,原料层,4,contextual,需生物工程与生产制造上下文,2024报告/中科院/资本研报补充,用户提供的两份生物制造相关报告,
合成气生物转化,原料与低碳路线,一碳生物制造,原料层,4,contextual,需生物工程与生产制造上下文,2024报告/中科院/资本研报补充,用户提供的两份生物制造相关报告,
工业尾气发酵,原料与低碳路线,一碳生物制造,原料层,4,contextual,需生物工程与生产制造上下文,2024报告/中科院/资本研报补充,用户提供的两份生物制造相关报告,
气体发酵,原料与低碳路线,一碳生物制造,原料层,4,contextual,需生物工程与生产制造上下文,2024报告/中科院/资本研报补充,用户提供的两份生物制造相关报告,
食气微生物,原料与低碳路线,一碳生物制造,原料层,4,contextual,需生物工程与生产制造上下文,2024报告/中科院/资本研报补充,用户提供的两份生物制造相关报告,
食气梭菌,原料与低碳路线,一碳生物制造,原料层,4,contextual,需生物工程与生产制造上下文,2024报告/中科院/资本研报补充,用户提供的两份生物制造相关报告,
电生物合成,原料与低碳路线,电生物合成,前沿制造,5,frontier,无需上下文,SETR直接词,SETR 2026标注页48,
电驱生物合成,原料与低碳路线,电生物合成,前沿制造,5,frontier,无需上下文,SETR直接词,SETR 2026标注页48,
电化学-生物耦合,原料与低碳路线,电生物合成,前沿制造,5,frontier,无需上下文,SETR直接词,SETR 2026标注页48,
电化学生物耦合,原料与低碳路线,电生物合成,前沿制造,5,frontier,无需上下文,SETR直接词,SETR 2026标注页48,
电能驱动生物制造,原料与低碳路线,电生物合成,前沿制造,5,frontier,无需上下文,SETR直接词,SETR 2026标注页48,
eBio,原料与低碳路线,电生物合成,前沿制造,5,frontier,无需上下文,SETR直接词,SETR 2026标注页48,
电合成生物学,原料与低碳路线,电生物合成,前沿制造,5,frontier,无需上下文,SETR直接词,SETR 2026标注页48,
人工碳循环,原料与低碳路线,人工碳循环与固碳,原料层,4,contextual,需生物工程与生产制造上下文,SETR/中科院补充,用户提供的两份生物制造相关报告,
生物固碳,原料与低碳路线,人工碳循环与固碳,原料层,4,contextual,需生物工程与生产制造上下文,SETR/中科院补充,用户提供的两份生物制造相关报告,
微生物固碳,原料与低碳路线,人工碳循环与固碳,原料层,4,contextual,需生物工程与生产制造上下文,SETR/中科院补充,用户提供的两份生物制造相关报告,
光合固碳,原料与低碳路线,人工碳循环与固碳,原料层,4,contextual,需生物工程与生产制造上下文,SETR/中科院补充,用户提供的两份生物制造相关报告,
非光合固碳,原料与低碳路线,人工碳循环与固碳,原料层,4,contextual,需生物工程与生产制造上下文,SETR/中科院补充,用户提供的两份生物制造相关报告,
碳固定途径,原料与低碳路线,人工碳循环与固碳,原料层,4,contextual,需生物工程与生产制造上下文,SETR/中科院补充,用户提供的两份生物制造相关报告,
碳捕获生物转化,原料与低碳路线,人工碳循环与固碳,原料层,4,contextual,需生物工程与生产制造上下文,SETR/中科院补充,用户提供的两份生物制造相关报告,
乙酰辅酶A合成途径,原料与低碳路线,人工碳循环与固碳,原料层,4,contextual,需生物工程与生产制造上下文,SETR/中科院补充,用户提供的两份生物制造相关报告,
还原甘氨酸途径,原料与低碳路线,人工碳循环与固碳,原料层,4,contextual,需生物工程与生产制造上下文,SETR/中科院补充,用户提供的两份生物制造相关报告,
无细胞生物制造,前沿生物制造,无细胞生物制造,前沿制造,5,frontier,无需上下文,SETR直接词/科研机构补充,用户提供的两份生物制造相关报告,
无细胞蛋白质合成,前沿生物制造,无细胞生物制造,前沿制造,5,frontier,无需上下文,SETR直接词/科研机构补充,用户提供的两份生物制造相关报告,
无细胞合成生物学,前沿生物制造,无细胞生物制造,前沿制造,5,frontier,无需上下文,SETR直接词/科研机构补充,用户提供的两份生物制造相关报告,
无细胞表达系统,前沿生物制造,无细胞生物制造,前沿制造,5,frontier,无需上下文,SETR直接词/科研机构补充,用户提供的两份生物制造相关报告,
无细胞生物合成,前沿生物制造,无细胞生物制造,前沿制造,5,frontier,无需上下文,SETR直接词/科研机构补充,用户提供的两份生物制造相关报告,
细胞自由系统,前沿生物制造,无细胞生物制造,前沿制造,5,frontier,无需上下文,SETR直接词/科研机构补充,用户提供的两份生物制造相关报告,
CFPS,前沿生物制造,无细胞生物制造,前沿制造,5,frontier,无需上下文,SETR直接词/科研机构补充,用户提供的两份生物制造相关报告,
分布式生物制造,前沿生物制造,分布式与按需制造,前沿制造,5,frontier,无需上下文,SETR直接词,SETR 2026标注页42—45、49,
按需生物制造,前沿生物制造,分布式与按需制造,前沿制造,5,frontier,无需上下文,SETR直接词,SETR 2026标注页42—45、49,
现场生物制造,前沿生物制造,分布式与按需制造,前沿制造,5,frontier,无需上下文,SETR直接词,SETR 2026标注页42—45、49,
原位生物制造,前沿生物制造,分布式与按需制造,前沿制造,5,frontier,无需上下文,SETR直接词,SETR 2026标注页42—45、49,
便携式生物制造,前沿生物制造,分布式与按需制造,前沿制造,5,frontier,无需上下文,SETR直接词,SETR 2026标注页42—45、49,
本地化生物制造,前沿生物制造,分布式与按需制造,前沿制造,5,frontier,无需上下文,SETR直接词,SETR 2026标注页42—45、49,
去中心化生物制造,前沿生物制造,分布式与按需制造,前沿制造,5,frontier,无需上下文,SETR直接词,SETR 2026标注页42—45、49,
生物制造网络,前沿生物制造,分布式与按需制造,前沿制造,5,frontier,无需上下文,SETR直接词,SETR 2026标注页42—45、49,
活体生物材料,前沿生物制造,活体与嵌入式生物技术,前沿制造,4,contextual,需生物工程与生产制造上下文,SETR直接词/支持扩展,用户提供的两份生物制造相关报告,
工程活体材料,前沿生物制造,活体与嵌入式生物技术,前沿制造,4,contextual,需生物工程与生产制造上下文,SETR直接词/支持扩展,用户提供的两份生物制造相关报告,
活体功能材料,前沿生物制造,活体与嵌入式生物技术,前沿制造,4,contextual,需生物工程与生产制造上下文,SETR直接词/支持扩展,用户提供的两份生物制造相关报告,
活体治疗菌,前沿生物制造,活体与嵌入式生物技术,前沿制造,4,contextual,需生物工程与生产制造上下文,SETR直接词/支持扩展,用户提供的两份生物制造相关报告,
工程益生菌,前沿生物制造,活体与嵌入式生物技术,前沿制造,4,contextual,需生物工程与生产制造上下文,SETR直接词/支持扩展,用户提供的两份生物制造相关报告,
工程微生物递送,前沿生物制造,活体与嵌入式生物技术,前沿制造,4,contextual,需生物工程与生产制造上下文,SETR直接词/支持扩展,用户提供的两份生物制造相关报告,
嵌入式生物技术,前沿生物制造,活体与嵌入式生物技术,前沿制造,4,contextual,需生物工程与生产制造上下文,SETR直接词/支持扩展,用户提供的两份生物制造相关报告,
环境响应生物系统,前沿生物制造,活体与嵌入式生物技术,前沿制造,4,contextual,需生物工程与生产制造上下文,SETR直接词/支持扩展,用户提供的两份生物制造相关报告,
生物传感植物,前沿生物制造,活体与嵌入式生物技术,前沿制造,4,contextual,需生物工程与生产制造上下文,SETR直接词/支持扩展,用户提供的两份生物制造相关报告,
3D生物打印,前沿生物制造,3D生物打印,前沿制造,4,frontier,无需上下文,SETR直接词,SETR 2026标注页47—48,
三维生物打印,前沿生物制造,3D生物打印,前沿制造,4,frontier,无需上下文,SETR直接词,SETR 2026标注页47—48,
组织生物打印,前沿生物制造,3D生物打印,前沿制造,4,frontier,无需上下文,SETR直接词,SETR 2026标注页47—48,
器官生物打印,前沿生物制造,3D生物打印,前沿制造,4,frontier,无需上下文,SETR直接词,SETR 2026标注页47—48,
细胞打印,前沿生物制造,3D生物打印,前沿制造,4,frontier,无需上下文,SETR直接词,SETR 2026标注页47—48,
生物墨水,前沿生物制造,3D生物打印,前沿制造,4,frontier,无需上下文,SETR直接词,SETR 2026标注页47—48,
高密度细胞打印,前沿生物制造,3D生物打印,前沿制造,4,frontier,无需上下文,SETR直接词,SETR 2026标注页47—48,
血管化组织打印,前沿生物制造,3D生物打印,前沿制造,4,frontier,无需上下文,SETR直接词,SETR 2026标注页47—48,
SWIFT生物打印,前沿生物制造,3D生物打印,前沿制造,4,frontier,无需上下文,SETR直接词,SETR 2026标注页47—48,
工程组织制造,前沿生物制造,组织与器官工程制造,前沿制造,4,contextual,需生物工程与生产制造上下文,SETR直接词/支持扩展,用户提供的两份生物制造相关报告,
组织工程制造,前沿生物制造,组织与器官工程制造,前沿制造,4,contextual,需生物工程与生产制造上下文,SETR直接词/支持扩展,用户提供的两份生物制造相关报告,
人工组织制造,前沿生物制造,组织与器官工程制造,前沿制造,4,contextual,需生物工程与生产制造上下文,SETR直接词/支持扩展,用户提供的两份生物制造相关报告,
器官尺度制造,前沿生物制造,组织与器官工程制造,前沿制造,4,contextual,需生物工程与生产制造上下文,SETR直接词/支持扩展,用户提供的两份生物制造相关报告,
可灌注组织,前沿生物制造,组织与器官工程制造,前沿制造,4,contextual,需生物工程与生产制造上下文,SETR直接词/支持扩展,用户提供的两份生物制造相关报告,
血管化组织,前沿生物制造,组织与器官工程制造,前沿制造,4,contextual,需生物工程与生产制造上下文,SETR直接词/支持扩展,用户提供的两份生物制造相关报告,
植入级组织,前沿生物制造,组织与器官工程制造,前沿制造,4,contextual,需生物工程与生产制造上下文,SETR直接词/支持扩展,用户提供的两份生物制造相关报告,
组织构建体,前沿生物制造,组织与器官工程制造,前沿制造,4,contextual,需生物工程与生产制造上下文,SETR直接词/支持扩展,用户提供的两份生物制造相关报告,
类器官制造,前沿生物制造,组织与器官工程制造,前沿制造,4,contextual,需生物工程与生产制造上下文,SETR直接词/支持扩展,用户提供的两份生物制造相关报告,
诱导多能干细胞,前沿生物制造,干细胞与细胞规模制造,前沿制造,3,contextual,需生物工程与生产制造上下文,SETR直接词/支持扩展,用户提供的两份生物制造相关报告,
iPSC,前沿生物制造,干细胞与细胞规模制造,前沿制造,3,contextual,需生物工程与生产制造上下文,SETR直接词/支持扩展,用户提供的两份生物制造相关报告,
干细胞规模化培养,前沿生物制造,干细胞与细胞规模制造,前沿制造,3,contextual,需生物工程与生产制造上下文,SETR直接词/支持扩展,用户提供的两份生物制造相关报告,
干细胞制造,前沿生物制造,干细胞与细胞规模制造,前沿制造,3,contextual,需生物工程与生产制造上下文,SETR直接词/支持扩展,用户提供的两份生物制造相关报告,
细胞规模化制造,前沿生物制造,干细胞与细胞规模制造,前沿制造,3,contextual,需生物工程与生产制造上下文,SETR直接词/支持扩展,用户提供的两份生物制造相关报告,
高密度细胞培养,前沿生物制造,干细胞与细胞规模制造,前沿制造,3,contextual,需生物工程与生产制造上下文,SETR直接词/支持扩展,用户提供的两份生物制造相关报告,
自动化细胞培养,前沿生物制造,干细胞与细胞规模制造,前沿制造,3,contextual,需生物工程与生产制造上下文,SETR直接词/支持扩展,用户提供的两份生物制造相关报告,
细胞聚集体制造,前沿生物制造,干细胞与细胞规模制造,前沿制造,3,contextual,需生物工程与生产制造上下文,SETR直接词/支持扩展,用户提供的两份生物制造相关报告,
生物基材料,产品与应用,生物基材料,应用产品,2,product,需生物工程与生产制造上下文,2024报告/资本研报补充,用户提供的两份生物制造相关报告,
生物基聚合物,产品与应用,生物基材料,应用产品,2,product,需生物工程与生产制造上下文,2024报告/资本研报补充,用户提供的两份生物制造相关报告,
生物基可降解材料,产品与应用,生物基材料,应用产品,2,product,需生物工程与生产制造上下文,2024报告/资本研报补充,用户提供的两份生物制造相关报告,
生物基聚酰胺,产品与应用,生物基材料,应用产品,2,product,需生物工程与生产制造上下文,2024报告/资本研报补充,用户提供的两份生物制造相关报告,
生物基聚酯,产品与应用,生物基材料,应用产品,2,product,需生物工程与生产制造上下文,2024报告/资本研报补充,用户提供的两份生物制造相关报告,
微生物合成材料,产品与应用,生物基材料,应用产品,2,product,需生物工程与生产制造上下文,2024报告/资本研报补充,用户提供的两份生物制造相关报告,
菌丝材料,产品与应用,生物基材料,应用产品,2,product,需生物工程与生产制造上下文,2024报告/资本研报补充,用户提供的两份生物制造相关报告,
蛛丝蛋白材料,产品与应用,生物基材料,应用产品,2,product,需生物工程与生产制造上下文,2024报告/资本研报补充,用户提供的两份生物制造相关报告,
重组蛋白材料,产品与应用,生物基材料,应用产品,2,product,需生物工程与生产制造上下文,2024报告/资本研报补充,用户提供的两份生物制造相关报告,
生物基纤维,产品与应用,生物基材料,应用产品,2,product,需生物工程与生产制造上下文,2024报告/资本研报补充,用户提供的两份生物制造相关报告,
聚乳酸,产品与应用,可降解聚合物,应用产品,2,product,需生物工程与生产制造上下文,2024报告/资本研报补充,用户提供的两份生物制造相关报告,
PLA,产品与应用,可降解聚合物,应用产品,2,product,需生物工程与生产制造上下文,2024报告/资本研报补充,用户提供的两份生物制造相关报告,
聚羟基脂肪酸酯,产品与应用,可降解聚合物,应用产品,2,product,需生物工程与生产制造上下文,2024报告/资本研报补充,用户提供的两份生物制造相关报告,
PHA,产品与应用,可降解聚合物,应用产品,2,product,需生物工程与生产制造上下文,2024报告/资本研报补充,用户提供的两份生物制造相关报告,
聚己二酸丁二醇酯,产品与应用,可降解聚合物,应用产品,2,product,需生物工程与生产制造上下文,2024报告/资本研报补充,用户提供的两份生物制造相关报告,
生物基PEF,产品与应用,可降解聚合物,应用产品,2,product,需生物工程与生产制造上下文,2024报告/资本研报补充,用户提供的两份生物制造相关报告,
聚呋喃二甲酸乙二醇酯,产品与应用,可降解聚合物,应用产品,2,product,需生物工程与生产制造上下文,2024报告/资本研报补充,用户提供的两份生物制造相关报告,
生物尼龙,产品与应用,可降解聚合物,应用产品,2,product,需生物工程与生产制造上下文,2024报告/资本研报补充,用户提供的两份生物制造相关报告,
聚戊二胺,产品与应用,可降解聚合物,应用产品,2,product,需生物工程与生产制造上下文,2024报告/资本研报补充,用户提供的两份生物制造相关报告,
生物基化学品,产品与应用,生物基化学品,应用产品,2,product,需生物工程与生产制造上下文,2024报告/资本研报补充,用户提供的两份生物制造相关报告,
平台化合物生物合成,产品与应用,生物基化学品,应用产品,2,product,需生物工程与生产制造上下文,2024报告/资本研报补充,用户提供的两份生物制造相关报告,
生物法长链二元酸,产品与应用,生物基化学品,应用产品,2,product,需生物工程与生产制造上下文,2024报告/资本研报补充,用户提供的两份生物制造相关报告,
生物基戊二胺,产品与应用,生物基化学品,应用产品,2,product,需生物工程与生产制造上下文,2024报告/资本研报补充,用户提供的两份生物制造相关报告,
生物基丁二酸,产品与应用,生物基化学品,应用产品,2,product,需生物工程与生产制造上下文,2024报告/资本研报补充,用户提供的两份生物制造相关报告,
"生物基1,3-丙二醇",产品与应用,生物基化学品,应用产品,2,product,需生物工程与生产制造上下文,2024报告/资本研报补充,用户提供的两份生物制造相关报告,
"生物基1,4-丁二醇",产品与应用,生物基化学品,应用产品,2,product,需生物工程与生产制造上下文,2024报告/资本研报补充,用户提供的两份生物制造相关报告,
生物基呋喃二甲酸,产品与应用,生物基化学品,应用产品,2,product,需生物工程与生产制造上下文,2024报告/资本研报补充,用户提供的两份生物制造相关报告,
生物基有机酸,产品与应用,生物基化学品,应用产品,2,product,需生物工程与生产制造上下文,2024报告/资本研报补充,用户提供的两份生物制造相关报告,
生物基芳香族化合物,产品与应用,生物基化学品,应用产品,2,product,需生物工程与生产制造上下文,2024报告/资本研报补充,用户提供的两份生物制造相关报告,
戊二酸,产品与应用,平台化合物,应用产品,2,product,需生物工程与生产制造上下文,2024报告直接词/资本研报补充,用户提供的两份生物制造相关报告,
丁二酸,产品与应用,平台化合物,应用产品,2,product,需生物工程与生产制造上下文,2024报告直接词/资本研报补充,用户提供的两份生物制造相关报告,
琥珀酸,产品与应用,平台化合物,应用产品,2,product,需生物工程与生产制造上下文,2024报告直接词/资本研报补充,用户提供的两份生物制造相关报告,
戊二胺,产品与应用,平台化合物,应用产品,2,product,需生物工程与生产制造上下文,2024报告直接词/资本研报补充,用户提供的两份生物制造相关报告,
"1,4-丁二醇",产品与应用,平台化合物,应用产品,2,product,需生物工程与生产制造上下文,2024报告直接词/资本研报补充,用户提供的两份生物制造相关报告,
"1,3-丙二醇",产品与应用,平台化合物,应用产品,2,product,需生物工程与生产制造上下文,2024报告直接词/资本研报补充,用户提供的两份生物制造相关报告,
呋喃二甲酸,产品与应用,平台化合物,应用产品,2,product,需生物工程与生产制造上下文,2024报告直接词/资本研报补充,用户提供的两份生物制造相关报告,
FDCA,产品与应用,平台化合物,应用产品,2,product,需生物工程与生产制造上下文,2024报告直接词/资本研报补充,用户提供的两份生物制造相关报告,
长链二元酸,产品与应用,平台化合物,应用产品,2,product,需生物工程与生产制造上下文,2024报告直接词/资本研报补充,用户提供的两份生物制造相关报告,
月桂二酸,产品与应用,平台化合物,应用产品,2,product,需生物工程与生产制造上下文,2024报告直接词/资本研报补充,用户提供的两份生物制造相关报告,
巴西酸,产品与应用,平台化合物,应用产品,2,product,需生物工程与生产制造上下文,2024报告直接词/资本研报补充,用户提供的两份生物制造相关报告,
衣康酸,产品与应用,平台化合物,应用产品,2,product,需生物工程与生产制造上下文,2024报告直接词/资本研报补充,用户提供的两份生物制造相关报告,
乳酸单体,产品与应用,平台化合物,应用产品,2,product,需生物工程与生产制造上下文,2024报告直接词/资本研报补充,用户提供的两份生物制造相关报告,
赖氨酸,产品与应用,氨基酸与有机酸发酵产品,应用产品,1,product,需生物工程与生产制造上下文,2024报告直接词,用户提供的两份生物制造相关报告,
谷氨酸,产品与应用,氨基酸与有机酸发酵产品,应用产品,1,product,需生物工程与生产制造上下文,2024报告直接词,用户提供的两份生物制造相关报告,
苏氨酸,产品与应用,氨基酸与有机酸发酵产品,应用产品,1,product,需生物工程与生产制造上下文,2024报告直接词,用户提供的两份生物制造相关报告,
蛋氨酸,产品与应用,氨基酸与有机酸发酵产品,应用产品,1,product,需生物工程与生产制造上下文,2024报告直接词,用户提供的两份生物制造相关报告,
甲硫氨酸,产品与应用,氨基酸与有机酸发酵产品,应用产品,1,product,需生物工程与生产制造上下文,2024报告直接词,用户提供的两份生物制造相关报告,
丙氨酸,产品与应用,氨基酸与有机酸发酵产品,应用产品,1,product,需生物工程与生产制造上下文,2024报告直接词,用户提供的两份生物制造相关报告,
精氨酸,产品与应用,氨基酸与有机酸发酵产品,应用产品,1,product,需生物工程与生产制造上下文,2024报告直接词,用户提供的两份生物制造相关报告,
柠檬酸,产品与应用,氨基酸与有机酸发酵产品,应用产品,1,product,需生物工程与生产制造上下文,2024报告直接词,用户提供的两份生物制造相关报告,
葡萄糖酸,产品与应用,氨基酸与有机酸发酵产品,应用产品,1,product,需生物工程与生产制造上下文,2024报告直接词,用户提供的两份生物制造相关报告,
苹果酸,产品与应用,氨基酸与有机酸发酵产品,应用产品,1,product,需生物工程与生产制造上下文,2024报告直接词,用户提供的两份生物制造相关报告,
富马酸,产品与应用,氨基酸与有机酸发酵产品,应用产品,1,product,需生物工程与生产制造上下文,2024报告直接词,用户提供的两份生物制造相关报告,
丙酮酸,产品与应用,氨基酸与有机酸发酵产品,应用产品,1,product,需生物工程与生产制造上下文,2024报告直接词,用户提供的两份生物制造相关报告,
丙酸,产品与应用,氨基酸与有机酸发酵产品,应用产品,1,product,需生物工程与生产制造上下文,2024报告直接词,用户提供的两份生物制造相关报告,
氨基酸发酵,产品与应用,氨基酸与有机酸发酵产品,应用产品,1,product,需生物工程与生产制造上下文,2024报告直接词,用户提供的两份生物制造相关报告,
有机酸发酵,产品与应用,氨基酸与有机酸发酵产品,应用产品,1,product,需生物工程与生产制造上下文,2024报告直接词,用户提供的两份生物制造相关报告,
天然产物生物合成,产品与应用,天然产物与精细化学品,应用产品,3,product,需生物工程与生产制造上下文,2024报告/资本研报补充,用户提供的两份生物制造相关报告,
萜类生物合成,产品与应用,天然产物与精细化学品,应用产品,3,product,需生物工程与生产制造上下文,2024报告/资本研报补充,用户提供的两份生物制造相关报告,
黄酮生物合成,产品与应用,天然产物与精细化学品,应用产品,3,product,需生物工程与生产制造上下文,2024报告/资本研报补充,用户提供的两份生物制造相关报告,
生物碱生物合成,产品与应用,天然产物与精细化学品,应用产品,3,product,需生物工程与生产制造上下文,2024报告/资本研报补充,用户提供的两份生物制造相关报告,
甾体生物合成,产品与应用,天然产物与精细化学品,应用产品,3,product,需生物工程与生产制造上下文,2024报告/资本研报补充,用户提供的两份生物制造相关报告,
青蒿素生物合成,产品与应用,天然产物与精细化学品,应用产品,3,product,需生物工程与生产制造上下文,2024报告/资本研报补充,用户提供的两份生物制造相关报告,
虾青素生物合成,产品与应用,天然产物与精细化学品,应用产品,3,product,需生物工程与生产制造上下文,2024报告/资本研报补充,用户提供的两份生物制造相关报告,
麦角硫因生物合成,产品与应用,天然产物与精细化学品,应用产品,3,product,需生物工程与生产制造上下文,2024报告/资本研报补充,用户提供的两份生物制造相关报告,
依克多因生物合成,产品与应用,天然产物与精细化学品,应用产品,3,product,需生物工程与生产制造上下文,2024报告/资本研报补充,用户提供的两份生物制造相关报告,
红没药醇生物合成,产品与应用,天然产物与精细化学品,应用产品,3,product,需生物工程与生产制造上下文,2024报告/资本研报补充,用户提供的两份生物制造相关报告,
青蒿素,产品与应用,高值活性分子,应用产品,2,product,需生物工程与生产制造上下文,2024报告直接词/资本研报补充,用户提供的两份生物制造相关报告,
紫杉醇,产品与应用,高值活性分子,应用产品,2,product,需生物工程与生产制造上下文,2024报告直接词/资本研报补充,用户提供的两份生物制造相关报告,
虾青素,产品与应用,高值活性分子,应用产品,2,product,需生物工程与生产制造上下文,2024报告直接词/资本研报补充,用户提供的两份生物制造相关报告,
麦角硫因,产品与应用,高值活性分子,应用产品,2,product,需生物工程与生产制造上下文,2024报告直接词/资本研报补充,用户提供的两份生物制造相关报告,
依克多因,产品与应用,高值活性分子,应用产品,2,product,需生物工程与生产制造上下文,2024报告直接词/资本研报补充,用户提供的两份生物制造相关报告,
四氢嘧啶,产品与应用,高值活性分子,应用产品,2,product,需生物工程与生产制造上下文,2024报告直接词/资本研报补充,用户提供的两份生物制造相关报告,
红没药醇,产品与应用,高值活性分子,应用产品,2,product,需生物工程与生产制造上下文,2024报告直接词/资本研报补充,用户提供的两份生物制造相关报告,
红景天苷,产品与应用,高值活性分子,应用产品,2,product,需生物工程与生产制造上下文,2024报告直接词/资本研报补充,用户提供的两份生物制造相关报告,
5-羟基色氨酸,产品与应用,高值活性分子,应用产品,2,product,需生物工程与生产制造上下文,2024报告直接词/资本研报补充,用户提供的两份生物制造相关报告,
熊果苷,产品与应用,高值活性分子,应用产品,2,product,需生物工程与生产制造上下文,2024报告直接词/资本研报补充,用户提供的两份生物制造相关报告,
NMN,产品与应用,高值活性分子,应用产品,2,product,需生物工程与生产制造上下文,2024报告直接词/资本研报补充,用户提供的两份生物制造相关报告,
辅酶Q10,产品与应用,高值活性分子,应用产品,2,product,需生物工程与生产制造上下文,2024报告直接词/资本研报补充,用户提供的两份生物制造相关报告,
核苷酸,产品与应用,高值活性分子,应用产品,2,product,需生物工程与生产制造上下文,2024报告直接词/资本研报补充,用户提供的两份生物制造相关报告,
肌醇,产品与应用,高值活性分子,应用产品,2,product,需生物工程与生产制造上下文,2024报告直接词/资本研报补充,用户提供的两份生物制造相关报告,
生物燃料,产品与应用,生物能源与燃料,应用产品,2,product,需生物工程与生产制造上下文,2024报告直接词,用户提供的两份生物制造相关报告,
燃料乙醇,产品与应用,生物能源与燃料,应用产品,2,product,需生物工程与生产制造上下文,2024报告直接词,用户提供的两份生物制造相关报告,
纤维素乙醇,产品与应用,生物能源与燃料,应用产品,2,product,需生物工程与生产制造上下文,2024报告直接词,用户提供的两份生物制造相关报告,
生物柴油,产品与应用,生物能源与燃料,应用产品,2,product,需生物工程与生产制造上下文,2024报告直接词,用户提供的两份生物制造相关报告,
生物天然气,产品与应用,生物能源与燃料,应用产品,2,product,需生物工程与生产制造上下文,2024报告直接词,用户提供的两份生物制造相关报告,
生物甲醇,产品与应用,生物能源与燃料,应用产品,2,product,需生物工程与生产制造上下文,2024报告直接词,用户提供的两份生物制造相关报告,
生物丁醇,产品与应用,生物能源与燃料,应用产品,2,product,需生物工程与生产制造上下文,2024报告直接词,用户提供的两份生物制造相关报告,
可持续航空燃料,产品与应用,生物能源与燃料,应用产品,2,product,需生物工程与生产制造上下文,2024报告直接词,用户提供的两份生物制造相关报告,
生物航空煤油,产品与应用,生物能源与燃料,应用产品,2,product,需生物工程与生产制造上下文,2024报告直接词,用户提供的两份生物制造相关报告,
SAF,产品与应用,生物能源与燃料,应用产品,2,product,需生物工程与生产制造上下文,2024报告直接词,用户提供的两份生物制造相关报告,
微生物产氢,产品与应用,生物能源与燃料,应用产品,2,product,需生物工程与生产制造上下文,2024报告直接词,用户提供的两份生物制造相关报告,
细胞培养肉,产品与应用,食品与营养,应用产品,2,product,需生物工程与生产制造上下文,2024报告/资本研报补充,用户提供的两份生物制造相关报告,
培养肉,产品与应用,食品与营养,应用产品,2,product,需生物工程与生产制造上下文,2024报告/资本研报补充,用户提供的两份生物制造相关报告,
替代蛋白,产品与应用,食品与营养,应用产品,2,product,需生物工程与生产制造上下文,2024报告/资本研报补充,用户提供的两份生物制造相关报告,
微生物蛋白,产品与应用,食品与营养,应用产品,2,product,需生物工程与生产制造上下文,2024报告/资本研报补充,用户提供的两份生物制造相关报告,
单细胞蛋白,产品与应用,食品与营养,应用产品,2,product,需生物工程与生产制造上下文,2024报告/资本研报补充,用户提供的两份生物制造相关报告,
人造蛋白,产品与应用,食品与营养,应用产品,2,product,需生物工程与生产制造上下文,2024报告/资本研报补充,用户提供的两份生物制造相关报告,
微生物油脂,产品与应用,食品与营养,应用产品,2,product,需生物工程与生产制造上下文,2024报告/资本研报补充,用户提供的两份生物制造相关报告,
精准发酵乳蛋白,产品与应用,食品与营养,应用产品,2,product,需生物工程与生产制造上下文,2024报告/资本研报补充,用户提供的两份生物制造相关报告,
合成乳蛋白,产品与应用,食品与营养,应用产品,2,product,需生物工程与生产制造上下文,2024报告/资本研报补充,用户提供的两份生物制造相关报告,
人乳低聚糖,产品与应用,食品与营养,应用产品,2,product,需生物工程与生产制造上下文,2024报告/资本研报补充,用户提供的两份生物制造相关报告,
HMO,产品与应用,食品与营养,应用产品,2,product,需生物工程与生产制造上下文,2024报告/资本研报补充,用户提供的两份生物制造相关报告,
新型食品原料,产品与应用,食品与营养,应用产品,2,product,需生物工程与生产制造上下文,2024报告/资本研报补充,用户提供的两份生物制造相关报告,
功能性食品原料,产品与应用,食品与营养,应用产品,2,product,需生物工程与生产制造上下文,2024报告/资本研报补充,用户提供的两份生物制造相关报告,
工业酶制剂,产品与应用,工业酶制剂,应用产品,2,product,需生物工程与生产制造上下文,2024报告直接词/资本研报补充,用户提供的两份生物制造相关报告,
饲料酶,产品与应用,工业酶制剂,应用产品,2,product,需生物工程与生产制造上下文,2024报告直接词/资本研报补充,用户提供的两份生物制造相关报告,
食品酶制剂,产品与应用,工业酶制剂,应用产品,2,product,需生物工程与生产制造上下文,2024报告直接词/资本研报补充,用户提供的两份生物制造相关报告,
洗涤酶,产品与应用,工业酶制剂,应用产品,2,product,需生物工程与生产制造上下文,2024报告直接词/资本研报补充,用户提供的两份生物制造相关报告,
纺织酶,产品与应用,工业酶制剂,应用产品,2,product,需生物工程与生产制造上下文,2024报告直接词/资本研报补充,用户提供的两份生物制造相关报告,
造纸酶,产品与应用,工业酶制剂,应用产品,2,product,需生物工程与生产制造上下文,2024报告直接词/资本研报补充,用户提供的两份生物制造相关报告,
科研酶试剂,产品与应用,工业酶制剂,应用产品,2,product,需生物工程与生产制造上下文,2024报告直接词/资本研报补充,用户提供的两份生物制造相关报告,
蛋白酶制剂,产品与应用,工业酶制剂,应用产品,2,product,需生物工程与生产制造上下文,2024报告直接词/资本研报补充,用户提供的两份生物制造相关报告,
脂肪酶制剂,产品与应用,工业酶制剂,应用产品,2,product,需生物工程与生产制造上下文,2024报告直接词/资本研报补充,用户提供的两份生物制造相关报告,
纤维素酶制剂,产品与应用,工业酶制剂,应用产品,2,product,需生物工程与生产制造上下文,2024报告直接词/资本研报补充,用户提供的两份生物制造相关报告,
糖苷酶制剂,产品与应用,工业酶制剂,应用产品,2,product,需生物工程与生产制造上下文,2024报告直接词/资本研报补充,用户提供的两份生物制造相关报告,
重组蛋白药物,产品与应用,生物医药制造,应用产品,2,product,需生物工程与生产制造上下文,两份报告直接词/支持扩展,用户提供的两份生物制造相关报告,
重组多肽药物,产品与应用,生物医药制造,应用产品,2,product,需生物工程与生产制造上下文,两份报告直接词/支持扩展,用户提供的两份生物制造相关报告,
抗体药物生产,产品与应用,生物医药制造,应用产品,2,product,需生物工程与生产制造上下文,两份报告直接词/支持扩展,用户提供的两份生物制造相关报告,
疫苗生物制造,产品与应用,生物医药制造,应用产品,2,product,需生物工程与生产制造上下文,两份报告直接词/支持扩展,用户提供的两份生物制造相关报告,
细胞治疗产品制造,产品与应用,生物医药制造,应用产品,2,product,需生物工程与生产制造上下文,两份报告直接词/支持扩展,用户提供的两份生物制造相关报告,
基因治疗载体生产,产品与应用,生物医药制造,应用产品,2,product,需生物工程与生产制造上下文,两份报告直接词/支持扩展,用户提供的两份生物制造相关报告,
CAR-T细胞制备,产品与应用,生物医药制造,应用产品,2,product,需生物工程与生产制造上下文,两份报告直接词/支持扩展,用户提供的两份生物制造相关报告,
通用型CAR-T,产品与应用,生物医药制造,应用产品,2,product,需生物工程与生产制造上下文,两份报告直接词/支持扩展,用户提供的两份生物制造相关报告,
重组胶原蛋白,产品与应用,生物医药制造,应用产品,2,product,需生物工程与生产制造上下文,两份报告直接词/支持扩展,用户提供的两份生物制造相关报告,
医药中间体生物合成,产品与应用,生物医药制造,应用产品,2,product,需生物工程与生产制造上下文,两份报告直接词/支持扩展,用户提供的两份生物制造相关报告,
原料药生物制造,产品与应用,生物医药制造,应用产品,2,product,需生物工程与生产制造上下文,两份报告直接词/支持扩展,用户提供的两份生物制造相关报告,
重组胰岛素,产品与应用,重组药物与生物活性原料,应用产品,1,product,需生物工程与生产制造上下文,2024报告直接词,用户提供的两份生物制造相关报告,
重组生长激素,产品与应用,重组药物与生物活性原料,应用产品,1,product,需生物工程与生产制造上下文,2024报告直接词,用户提供的两份生物制造相关报告,
重组干扰素,产品与应用,重组药物与生物活性原料,应用产品,1,product,需生物工程与生产制造上下文,2024报告直接词,用户提供的两份生物制造相关报告,
重组白细胞介素,产品与应用,重组药物与生物活性原料,应用产品,1,product,需生物工程与生产制造上下文,2024报告直接词,用户提供的两份生物制造相关报告,
重组抗体,产品与应用,重组药物与生物活性原料,应用产品,1,product,需生物工程与生产制造上下文,2024报告直接词,用户提供的两份生物制造相关报告,
单克隆抗体,产品与应用,重组药物与生物活性原料,应用产品,1,product,需生物工程与生产制造上下文,2024报告直接词,用户提供的两份生物制造相关报告,
抗生素发酵,产品与应用,重组药物与生物活性原料,应用产品,1,product,需生物工程与生产制造上下文,2024报告直接词,用户提供的两份生物制造相关报告,
维生素发酵,产品与应用,重组药物与生物活性原料,应用产品,1,product,需生物工程与生产制造上下文,2024报告直接词,用户提供的两份生物制造相关报告,
胶原蛋白,产品与应用,重组药物与生物活性原料,应用产品,1,product,需生物工程与生产制造上下文,2024报告直接词,用户提供的两份生物制造相关报告,
透明质酸,产品与应用,重组药物与生物活性原料,应用产品,1,product,需生物工程与生产制造上下文,2024报告直接词,用户提供的两份生物制造相关报告,
肝素,产品与应用,重组药物与生物活性原料,应用产品,1,product,需生物工程与生产制造上下文,2024报告直接词,用户提供的两份生物制造相关报告,
血液制品,产品与应用,重组药物与生物活性原料,应用产品,1,product,需生物工程与生产制造上下文,2024报告直接词,用户提供的两份生物制造相关报告,
农业合成生物学,产品与应用,农业生物制造,应用产品,2,product,需生物工程与生产制造上下文,2024报告/资本研报补充,用户提供的两份生物制造相关报告,
生物育种,产品与应用,农业生物制造,应用产品,2,product,需生物工程与生产制造上下文,2024报告/资本研报补充,用户提供的两份生物制造相关报告,
工程微生物菌剂,产品与应用,农业生物制造,应用产品,2,product,需生物工程与生产制造上下文,2024报告/资本研报补充,用户提供的两份生物制造相关报告,
合成生物肥料,产品与应用,农业生物制造,应用产品,2,product,需生物工程与生产制造上下文,2024报告/资本研报补充,用户提供的两份生物制造相关报告,
生物固氮,产品与应用,农业生物制造,应用产品,2,product,需生物工程与生产制造上下文,2024报告/资本研报补充,用户提供的两份生物制造相关报告,
微生物肥料,产品与应用,农业生物制造,应用产品,2,product,需生物工程与生产制造上下文,2024报告/资本研报补充,用户提供的两份生物制造相关报告,
生物农药,产品与应用,农业生物制造,应用产品,2,product,需生物工程与生产制造上下文,2024报告/资本研报补充,用户提供的两份生物制造相关报告,
饲料蛋白生物制造,产品与应用,农业生物制造,应用产品,2,product,需生物工程与生产制造上下文,2024报告/资本研报补充,用户提供的两份生物制造相关报告,
作物代谢工程,产品与应用,农业生物制造,应用产品,2,product,需生物工程与生产制造上下文,2024报告/资本研报补充,用户提供的两份生物制造相关报告,
工程菌环境修复,产品与应用,环境修复与资源化,应用产品,2,product,需生物工程与生产制造上下文,2024报告/支持扩展,用户提供的两份生物制造相关报告,
合成生物环境修复,产品与应用,环境修复与资源化,应用产品,2,product,需生物工程与生产制造上下文,2024报告/支持扩展,用户提供的两份生物制造相关报告,
微生物资源化,产品与应用,环境修复与资源化,应用产品,2,product,需生物工程与生产制造上下文,2024报告/支持扩展,用户提供的两份生物制造相关报告,
废弃物生物转化,产品与应用,环境修复与资源化,应用产品,2,product,需生物工程与生产制造上下文,2024报告/支持扩展,用户提供的两份生物制造相关报告,
污染物生物降解,产品与应用,环境修复与资源化,应用产品,2,product,需生物工程与生产制造上下文,2024报告/支持扩展,用户提供的两份生物制造相关报告,
塑料生物降解,产品与应用,环境修复与资源化,应用产品,2,product,需生物工程与生产制造上下文,2024报告/支持扩展,用户提供的两份生物制造相关报告,
微生物降解塑料,产品与应用,环境修复与资源化,应用产品,2,product,需生物工程与生产制造上下文,2024报告/支持扩展,用户提供的两份生物制造相关报告,
生物法废气资源化,产品与应用,环境修复与资源化,应用产品,2,product,需生物工程与生产制造上下文,2024报告/支持扩展,用户提供的两份生物制造相关报告,
生物法废水资源化,产品与应用,环境修复与资源化,应用产品,2,product,需生物工程与生产制造上下文,2024报告/支持扩展,用户提供的两份生物制造相关报告,
生物制造电子材料,产品与应用,生物电子与含能材料,前沿制造,3,product,需生物工程与生产制造上下文,SETR直接词,SETR 2026标注页48—49,
生物合成电子材料,产品与应用,生物电子与含能材料,前沿制造,3,product,需生物工程与生产制造上下文,SETR直接词,SETR 2026标注页48—49,
生物制造含能材料,产品与应用,生物电子与含能材料,前沿制造,3,product,需生物工程与生产制造上下文,SETR直接词,SETR 2026标注页48—49,
生物合成含能材料,产品与应用,生物电子与含能材料,前沿制造,3,product,需生物工程与生产制造上下文,SETR直接词,SETR 2026标注页48—49,
生物制造推进剂,产品与应用,生物电子与含能材料,前沿制造,3,product,需生物工程与生产制造上下文,SETR直接词,SETR 2026标注页48—49,
生物合成磁性材料,产品与应用,生物电子与含能材料,前沿制造,3,product,需生物工程与生产制造上下文,SETR直接词,SETR 2026标注页48—49,
生物合成光纤,产品与应用,生物电子与含能材料,前沿制造,3,product,需生物工程与生产制造上下文,SETR直接词,SETR 2026标注页48—49,
DNA组装电子器件,产品与应用,生物电子与含能材料,前沿制造,3,product,需生物工程与生产制造上下文,SETR直接词,SETR 2026标注页48—49,
化妆品活性原料生物合成,产品与应用,消费品与个护原料,应用产品,1,product,需生物工程与生产制造上下文,2024报告/资本研报补充,用户提供的两份生物制造相关报告,
个护原料生物合成,产品与应用,消费品与个护原料,应用产品,1,product,需生物工程与生产制造上下文,2024报告/资本研报补充,用户提供的两份生物制造相关报告,
透明质酸发酵,产品与应用,消费品与个护原料,应用产品,1,product,需生物工程与生产制造上下文,2024报告/资本研报补充,用户提供的两份生物制造相关报告,
胶原蛋白生物制造,产品与应用,消费品与个护原料,应用产品,1,product,需生物工程与生产制造上下文,2024报告/资本研报补充,用户提供的两份生物制造相关报告,
生物表面活性剂,产品与应用,消费品与个护原料,应用产品,1,product,需生物工程与生产制造上下文,2024报告/资本研报补充,用户提供的两份生物制造相关报告,
香料生物合成,产品与应用,消费品与个护原料,应用产品,1,product,需生物工程与生产制造上下文,2024报告/资本研报补充,用户提供的两份生物制造相关报告,
色素生物合成,产品与应用,消费品与个护原料,应用产品,1,product,需生物工程与生产制造上下文,2024报告/资本研报补充,用户提供的两份生物制造相关报告,
功能糖生物制造,产品与应用,消费品与个护原料,应用产品,1,product,需生物工程与生产制造上下文,2024报告/资本研报补充,用户提供的两份生物制造相关报告,
生物制造安全,安全质量与支撑,生物安全与生物安保,安全支撑,3,support,需生物工程与生产制造上下文,SETR直接词/支持扩展,SETR 2026标注页50—52,
合成生物安全,安全质量与支撑,生物安全与生物安保,安全支撑,3,support,需生物工程与生产制造上下文,SETR直接词/支持扩展,SETR 2026标注页50—52,
工程菌生物安全,安全质量与支撑,生物安全与生物安保,安全支撑,3,support,需生物工程与生产制造上下文,SETR直接词/支持扩展,SETR 2026标注页50—52,
生物安保,安全质量与支撑,生物安全与生物安保,安全支撑,3,support,需生物工程与生产制造上下文,SETR直接词/支持扩展,SETR 2026标注页50—52,
生物遏制,安全质量与支撑,生物安全与生物安保,安全支撑,3,support,需生物工程与生产制造上下文,SETR直接词/支持扩展,SETR 2026标注页50—52,
遗传防火墙,安全质量与支撑,生物安全与生物安保,安全支撑,3,support,需生物工程与生产制造上下文,SETR直接词/支持扩展,SETR 2026标注页50—52,
营养缺陷型遏制,安全质量与支撑,生物安全与生物安保,安全支撑,3,support,需生物工程与生产制造上下文,SETR直接词/支持扩展,SETR 2026标注页50—52,
自杀开关,安全质量与支撑,生物安全与生物安保,安全支撑,3,support,需生物工程与生产制造上下文,SETR直接词/支持扩展,SETR 2026标注页50—52,
基因防逃逸,安全质量与支撑,生物安全与生物安保,安全支撑,3,support,需生物工程与生产制造上下文,SETR直接词/支持扩展,SETR 2026标注页50—52,
环境释放风险,安全质量与支撑,生物安全与生物安保,安全支撑,3,support,需生物工程与生产制造上下文,SETR直接词/支持扩展,SETR 2026标注页50—52,
镜像生命,安全质量与支撑,生物安全与生物安保,安全支撑,3,support,需生物工程与生产制造上下文,SETR直接词/支持扩展,SETR 2026标注页50—52,
镜像微生物,安全质量与支撑,生物安全与生物安保,安全支撑,3,support,需生物工程与生产制造上下文,SETR直接词/支持扩展,SETR 2026标注页50—52,
生物制造质量控制,安全质量与支撑,质量控制与标准化,安全支撑,3,support,需生物工程与生产制造上下文,工业生物技术支持扩展,用户提供的两份生物制造相关报告,
生物工艺质量控制,安全质量与支撑,质量控制与标准化,安全支撑,3,support,需生物工程与生产制造上下文,工业生物技术支持扩展,用户提供的两份生物制造相关报告,
菌株质量标准,安全质量与支撑,质量控制与标准化,安全支撑,3,support,需生物工程与生产制造上下文,工业生物技术支持扩展,用户提供的两份生物制造相关报告,
细胞库质量控制,安全质量与支撑,质量控制与标准化,安全支撑,3,support,需生物工程与生产制造上下文,工业生物技术支持扩展,用户提供的两份生物制造相关报告,
种子批系统,安全质量与支撑,质量控制与标准化,安全支撑,3,support,需生物工程与生产制造上下文,工业生物技术支持扩展,用户提供的两份生物制造相关报告,
主细胞库,安全质量与支撑,质量控制与标准化,安全支撑,3,support,需生物工程与生产制造上下文,工业生物技术支持扩展,用户提供的两份生物制造相关报告,
工作细胞库,安全质量与支撑,质量控制与标准化,安全支撑,3,support,需生物工程与生产制造上下文,工业生物技术支持扩展,用户提供的两份生物制造相关报告,
生物制造标准化,安全质量与支撑,质量控制与标准化,安全支撑,3,support,需生物工程与生产制造上下文,工业生物技术支持扩展,用户提供的两份生物制造相关报告,
批次一致性,安全质量与支撑,质量控制与标准化,安全支撑,3,support,需生物工程与生产制造上下文,工业生物技术支持扩展,用户提供的两份生物制造相关报告,
工艺验证,安全质量与支撑,质量控制与标准化,安全支撑,3,support,需生物工程与生产制造上下文,工业生物技术支持扩展,用户提供的两份生物制造相关报告,
生物合成仪,安全质量与支撑,生物制造装备,底层工具,3,support,需生物工程与生产制造上下文,2024报告/资本研报补充,用户提供的两份生物制造相关报告,
基因组装仪,安全质量与支撑,生物制造装备,底层工具,3,support,需生物工程与生产制造上下文,2024报告/资本研报补充,用户提供的两份生物制造相关报告,
DNA合成仪,安全质量与支撑,生物制造装备,底层工具,3,support,需生物工程与生产制造上下文,2024报告/资本研报补充,用户提供的两份生物制造相关报告,
自动化发酵设备,安全质量与支撑,生物制造装备,底层工具,3,support,需生物工程与生产制造上下文,2024报告/资本研报补充,用户提供的两份生物制造相关报告,
菌种筛选设备,安全质量与支撑,生物制造装备,底层工具,3,support,需生物工程与生产制造上下文,2024报告/资本研报补充,用户提供的两份生物制造相关报告,
高通量培养设备,安全质量与支撑,生物制造装备,底层工具,3,support,需生物工程与生产制造上下文,2024报告/资本研报补充,用户提供的两份生物制造相关报告,
生物工艺装备,安全质量与支撑,生物制造装备,底层工具,3,support,需生物工程与生产制造上下文,2024报告/资本研报补充,用户提供的两份生物制造相关报告,
生物制造中试装备,安全质量与支撑,生物制造装备,底层工具,3,support,需生物工程与生产制造上下文,2024报告/资本研报补充,用户提供的两份生物制造相关报告,
