第一申请人,申请人省市代码,first_year,last_year,quantum_patent_count,quantum_score_sum,quantum_score_mean,main_categories,chain_positions,matched_terms,high_related_count,medium_related_count,low_related_count,timefreq_candidate_count,main_chain_position,main_quantum_category,firm_relevance
1QB信息技术公司,加拿大; CA,2019,2020,2,15,7.5,量子传感；量子计算,量子计算系统,量子处理器；量子技术；量子计算；量子计算机,1,1,0,0,量子计算系统,量子传感,较高相关企业
ANSYS LUMERICAL知识产权有限责任公司,美国; US,2021,2021,1,24,24.0,量子传感,量子传感器/精密测量,qubits；量子态；量子测量；量子电路；量子计算,1,0,0,0,量子传感器/精密测量,量子传感,核心量子企业
ATONARP株式会社,日本; JP,2019,2019,1,5,5.0,量子计算硬件,量子计算硬件/量子芯片,离子阱,0,1,0,0,量子计算硬件/量子芯片,量子计算硬件,候选/待复核企业
D-波系统公司,加拿大; CA,2019,2021,7,65,9.285714285714286,量子计算；量子计算硬件,量子计算硬件/量子芯片；量子计算系统,qubit；qubits；超导量子比特；量子处理器；量子比特；量子计算,5,2,0,0,量子计算系统,量子计算,核心量子企业
DH科技发展私人贸易有限公司,新加坡; SG,2020,2021,3,15,5.0,量子计算硬件,量子计算硬件/量子芯片,离子阱,0,3,0,0,量子计算硬件/量子芯片,量子计算硬件,较高相关企业
ID量子技术公司,瑞士; CH,2019,2019,1,5,5.0,量子通信与安全,量子通信与安全,量子密钥；量子密钥分配,0,1,0,0,量子通信与安全,量子通信与安全,候选/待复核企业
IFP新能源公司,法国; FR,2019,2019,1,5,5.0,量子传感,量子传感器/精密测量,MOT,0,1,0,0,量子传感器/精密测量,量子传感,候选/待复核企业
IMEC 非营利协会,比利时; BE,2019,2019,1,5,5.0,量子计算,量子计算系统,qubit；量子比特,0,1,0,0,量子计算系统,量子计算,候选/待复核企业
IQM芬兰有限公司,芬兰; FI,2022,2022,1,10,10.0,量子计算,量子计算系统,量子比特；量子计算,1,0,0,0,量子计算系统,量子计算,较高相关企业
Q-CTRL股份有限公司,澳大利亚; AU,2021,2021,1,10,10.0,量子计算,量子计算系统,qubit；qubits；量子处理器,1,0,0,0,量子计算系统,量子计算,较高相关企业
X开发有限责任公司,美国; US,2022,2022,1,20,20.0,量子通信与安全,量子通信与安全,量子中继；量子中继器；量子信息；量子模拟；量子通信,1,0,0,0,量子通信与安全,量子通信与安全,核心量子企业
万机仪器公司,美国; US,2021,2021,1,5,5.0,量子计算硬件,量子计算硬件/量子芯片,离子阱,0,1,0,0,量子计算硬件/量子芯片,量子计算硬件,候选/待复核企业
三峡大学,湖北; 42,2019,2021,5,41,8.2,量子基础概念；量子通信与安全,其他量子相关/待复核；量子通信与安全,QKD；抗量子攻击；量子信息；量子密钥；量子密钥分配；量子态；量子通信,2,0,3,0,其他量子相关/待复核,量子基础概念,核心量子企业
上海交通大学,上海; 31,2019,2022,34,180,5.294117647058823,量子传感；量子基础概念；量子计算；量子计算硬件；量子通信与安全,其他量子相关/待复核；量子传感器/精密测量；量子计算硬件/量子芯片；量子计算系统；量子计量/时间频率/PNT候选；量子通信与安全,entanglement；fidelity；laser；lasers；superposition；保真度；光学频率传递；光调制器；光量子比特；光量子计算；光钟；原子钟；叠加态；时间频率传输；时间频率传递；时间频率比对；激光器；量子信息；量子密钥；量子密钥分发；量子态；量子比特；量子磁力计；量子纠缠；量子线路；量子计算；量子计算机；量子通信；频率基准；频率标准,6,5,1,22,量子计量/时间频率/PNT候选,量子传感,核心量子企业
上海光链电子科技有限公司,上海; 31,2022,2022,1,3,3.0,量子传感,量子计量/时间频率/PNT候选,原子钟；氢原子钟,0,0,0,1,量子计量/时间频率/PNT候选,量子传感,候选/待复核企业
上海国盾量子信息技术有限公司,上海; 31,2019,2021,3,20,6.666666666666667,量子通信与安全,量子通信与安全,QKD；量子密钥；量子密钥分发；量子通信,1,2,0,0,量子通信与安全,量子通信与安全,核心量子企业
上海国科航星量子科技有限公司,上海; 31,2021,2021,3,15,5.0,量子通信与安全,量子通信与安全,量子通信,0,3,0,0,量子通信与安全,量子通信与安全,较高相关企业
上海图灵智算量子科技有限公司,上海; 31,2022,2022,3,43,14.333333333333334,量子计算,量子计算系统,entanglement；量子态；量子比特；量子线路；量子计算；量子计算机,3,0,0,0,量子计算系统,量子计算,核心量子企业
上海大学,上海; 31,2021,2021,1,5,5.0,量子传感,量子传感器/精密测量,MOT,0,1,0,0,量子传感器/精密测量,量子传感,候选/待复核企业
上海安密信科技有限公司,上海; 31,2020,2020,1,5,5.0,量子计算,量子计算系统,量子计算；量子计算机,0,1,0,0,量子计算系统,量子计算,候选/待复核企业
上海工程技术大学,上海; 31,2021,2021,1,5,5.0,量子计算,量子计算系统,量子比特,0,1,0,0,量子计算系统,量子计算,候选/待复核企业
上海循态信息科技有限公司,上海; 31,2019,2021,15,99,6.6,量子基础概念；量子通信与安全,其他量子相关/待复核；量子通信与安全,laser；量子保密通信；量子密钥；量子密钥分发；量子态；量子相干；量子通信,5,9,1,0,量子通信与安全,量子通信与安全,核心量子企业
上海循态量子科技有限公司,上海; 31,2021,2022,7,31,4.428571428571429,量子通信与安全,量子通信与安全,量子密钥；量子密钥分发,0,5,2,0,量子通信与安全,量子通信与安全,核心量子企业
上海微观纪元数字科技有限公司,上海; 31,2023,2023,1,19,19.0,量子通信与安全,量子通信与安全,qubit；分布式量子计算；量子比特；量子算法；量子计算；量子计算机,1,0,0,0,量子通信与安全,量子通信与安全,较高相关企业
上海思量量子科技有限公司,上海; 31,2021,2021,1,5,5.0,量子传感,其他量子相关/待复核,量子技术,0,1,0,0,其他量子相关/待复核,量子传感,候选/待复核企业
上海无线电设备研究所,上海; 31,2019,2019,1,3,3.0,量子传感,量子计量/时间频率/PNT候选,原子钟；铷原子钟,0,0,0,1,量子计量/时间频率/PNT候选,量子传感,候选/待复核企业
上海海事大学,上海; 31,2022,2022,1,15,15.0,量子传感,量子计算系统,entanglement；fidelity；laser；保真度；量子信息；量子比特,1,0,0,0,量子计算系统,量子传感,较高相关企业
上海理工大学,上海; 31,2021,2021,1,4,4.0,量子基础概念,其他量子相关/待复核,量子态,0,0,1,0,其他量子相关/待复核,量子基础概念,候选/待复核企业
上海瑞柯恩激光技术有限公司,上海; 31,2023,2023,1,3,3.0,量子传感,量子计量/时间频率/PNT候选,频率标准,0,0,0,1,量子计量/时间频率/PNT候选,量子传感,候选/待复核企业
上海电力学院,上海; 31,2019,2019,2,6,3.0,量子传感,量子计量/时间频率/PNT候选,频率基准,0,0,0,2,量子计量/时间频率/PNT候选,量子传感,候选/待复核企业
上海矢元电子股份有限公司,上海; 31,2021,2021,1,3,3.0,量子传感,量子计量/时间频率/PNT候选,原子钟；铷原子钟,0,0,0,1,量子计量/时间频率/PNT候选,量子传感,候选/待复核企业
上海精密计量测试研究所,上海; 31,2022,2022,1,3,3.0,量子传感,量子计量/时间频率/PNT候选,原子钟；原子钟频率；原子钟频率驾驭；氢原子钟；频率驾驭,0,0,0,1,量子计量/时间频率/PNT候选,量子传感,候选/待复核企业
上海聆芯科技有限公司,上海; 31,2021,2021,1,3,3.0,量子传感,量子计量/时间频率/PNT候选,频率基准,0,0,0,1,量子计量/时间频率/PNT候选,量子传感,候选/待复核企业
上海联影医疗科技股份有限公司,上海; 31,2021,2021,4,20,5.0,量子传感,量子传感器/精密测量,NV色心,0,4,0,0,量子传感器/精密测量,量子传感,核心量子企业
上海航天测控通信研究所,上海; 31,2020,2021,3,9,3.0,量子传感,量子计量/时间频率/PNT候选,原子钟；氢原子钟,0,0,0,3,量子计量/时间频率/PNT候选,量子传感,候选/待复核企业
上海芯联芯智能科技有限公司,上海; 31,2022,2022,1,3,3.0,量子计算,量子计算系统,量子计算,0,0,1,0,量子计算系统,量子计算,候选/待复核企业
上海蓝色帛缔智能工程有限公司,上海; 31,2021,2021,1,3,3.0,量子传感,量子计量/时间频率/PNT候选,频率标准,0,0,0,1,量子计量/时间频率/PNT候选,量子传感,候选/待复核企业
上海裕达实业有限公司,上海; 31,2019,2022,6,30,5.0,量子计算硬件,量子计算硬件/量子芯片,离子阱,0,6,0,0,量子计算硬件/量子芯片,量子计算硬件,核心量子企业
上海证锘信息科技有限公司,上海; 31,2021,2021,1,5,5.0,量子通信与安全,量子通信与安全,抗量子攻击,0,1,0,0,量子通信与安全,量子通信与安全,候选/待复核企业
东京毅力科创株式会社,日本; JP,2020,2020,1,5,5.0,量子计算硬件,量子计算硬件/量子芯片,离子阱,0,1,0,0,量子计算硬件/量子芯片,量子计算硬件,候选/待复核企业
东北电力大学,吉林; 22,2020,2020,1,3,3.0,量子传感,量子计量/时间频率/PNT候选,频率基准,0,0,0,1,量子计量/时间频率/PNT候选,量子传感,候选/待复核企业
东华大学,上海; 31,2019,2022,2,14,7.0,量子通信与安全,量子通信与安全,QKD；量子密钥；量子密钥分发；量子态,1,1,0,0,量子通信与安全,量子通信与安全,较高相关企业
东华理工大学,江西; 36,2019,2019,1,5,5.0,量子计算硬件,量子计算硬件/量子芯片,离子阱,0,1,0,0,量子计算硬件/量子芯片,量子计算硬件,候选/待复核企业
东南大学,江苏; 32,2019,2022,14,120,8.571428571428571,量子传感；量子计算；量子通信与安全,量子传感器/精密测量；量子计算系统；量子软件/算法/模拟；量子通信与安全,MOT；QKD；entanglement；fidelity；保真度；物理量子比特；逻辑量子比特；量子信息；量子密钥；量子密钥分发；量子态；量子比特；量子测量；量子算法；量子纠缠；量子线路；量子网络；量子计算；量子计算机；量子通信；量子门,6,8,0,0,量子计算系统,量子计算,核心量子企业
东莞理工学院,广东; 44,2022,2022,1,4,4.0,量子基础概念,其他量子相关/待复核,叠加态,0,0,1,0,其他量子相关/待复核,量子基础概念,候选/待复核企业
东风电动车辆股份有限公司,湖北; 42,2019,2019,1,5,5.0,量子传感,量子传感器/精密测量,MOT,0,1,0,0,量子传感器/精密测量,量子传感,候选/待复核企业
中共中央办公厅电子科技学院,北京; 11,2019,2019,4,40,10.0,量子通信与安全,量子通信与安全,QKD；量子保密通信；量子密钥；量子密钥分发,4,0,0,0,量子通信与安全,量子通信与安全,核心量子企业
中兴通讯股份有限公司,广东; 44,2019,2020,2,10,5.0,量子通信与安全,量子通信与安全,量子密钥；量子密钥分发；量子通信,0,2,0,0,量子通信与安全,量子通信与安全,较高相关企业
中创为(成都)量子通信技术有限公司,四川; 51,2021,2021,1,5,5.0,量子通信与安全,量子通信与安全,量子密钥；量子密钥分发,0,1,0,0,量子通信与安全,量子通信与安全,候选/待复核企业
中创通信技术(深圳)有限公司,广东; 44,2023,2023,1,5,5.0,量子通信与安全,量子通信与安全,量子密钥；量子密钥分发,0,1,0,0,量子通信与安全,量子通信与安全,候选/待复核企业
中北大学,山西; 14,2019,2023,7,57,8.142857142857142,量子传感,量子传感器/精密测量,NV色心；fidelity；laser；保真度；激光器；磁光阱；量子传感；量子传感器；量子比特；量子精密测量；金刚石NV色心,3,4,0,0,量子传感器/精密测量,量子传感,核心量子企业
中南大学,湖南; 43,2019,2022,38,283,7.447368421052632,量子传感；量子基础概念；量子计算；量子通信与安全,其他量子相关/待复核；量子计算系统；量子通信与安全,QKD；entanglement；laser；单光子探测器；激光器；量子信息；量子密钥；量子密钥分发；量子密钥分配；量子态；量子纠缠；量子线路；量子网络；量子计算；量子计算机；量子通信,14,22,2,0,量子通信与安全,量子通信与安全,核心量子企业
中南林业科技大学,湖南; 43,2022,2022,1,9,9.0,量子计算,量子计算系统,量子态；量子比特,1,0,0,0,量子计算系统,量子计算,较高相关企业
中南民族大学,湖北; 42,2022,2022,2,12,6.0,量子传感,上游材料与核心部件,laser；光调制器；激光器；量子信息,0,2,0,0,上游材料与核心部件,量子传感,较高相关企业
中原工学院,河南; 41,2019,2022,2,10,5.0,量子计算,量子计算系统,量子比特；量子计算,0,2,0,0,量子计算系统,量子计算,较高相关企业
中国中医科学院中国医史文献研究所,北京; 11,2023,2023,1,3,3.0,量子传感,量子计量/时间频率/PNT候选,频率标准,0,0,0,1,量子计量/时间频率/PNT候选,量子传感,候选/待复核企业
中国人民武装警察部队工程大学,陕西; 61,2019,2020,3,15,5.0,量子计算；量子通信与安全,量子计算系统；量子通信与安全,抗量子攻击；量子计算,0,3,0,0,量子通信与安全,量子通信与安全,较高相关企业
中国人民解放军61081部队,北京; 11,2020,2022,4,12,3.0,量子传感,量子计量/时间频率/PNT候选,原子时标；原子钟；原子钟联合守时；原子钟频率；氢原子钟；频率基准,0,0,0,4,量子计量/时间频率/PNT候选,量子传感,较高相关企业
中国人民解放军63686部队,江苏; 32,2020,2020,1,3,3.0,量子传感,量子计量/时间频率/PNT候选,原子钟,0,0,0,1,量子计量/时间频率/PNT候选,量子传感,候选/待复核企业
中国人民解放军63892部队,河南; 41,2020,2020,1,3,3.0,量子传感,量子计量/时间频率/PNT候选,频率标准,0,0,0,1,量子计量/时间频率/PNT候选,量子传感,候选/待复核企业
中国人民解放军63921部队,北京; 11,2019,2019,1,3,3.0,量子传感,量子计量/时间频率/PNT候选,原子钟,0,0,0,1,量子计量/时间频率/PNT候选,量子传感,候选/待复核企业
中国人民解放军93216部队,北京; 11,2022,2022,1,3,3.0,量子传感,量子计量/时间频率/PNT候选,原子钟；铷原子钟,0,0,0,1,量子计量/时间频率/PNT候选,量子传感,候选/待复核企业
中国人民解放军军事科学院国防科技创新研究院,北京; 11,2019,2023,9,48,5.333333333333333,量子传感；量子计算,量子传感器/精密测量；量子计算系统；量子计量/时间频率/PNT候选,laser；原子干涉；原子干涉仪；磁光阱；量子传感；量子芯片；量子计算；频率基准,0,8,0,1,量子传感器/精密测量,量子传感,核心量子企业
中国人民解放军国防科技大学,安徽; 34,2022,2022,1,3,3.0,量子传感,量子计量/时间频率/PNT候选,原子钟,0,0,0,1,量子计量/时间频率/PNT候选,量子传感,候选/待复核企业
中国人民解放军国防科技大学,江苏; 32,2020,2023,5,31,6.2,量子传感；量子通信与安全,量子计量/时间频率/PNT候选；量子通信与安全,QKD；量子保密通信；量子信息；量子密钥；量子密钥分发；量子比特；量子通信；频率基准,1,2,0,2,量子通信与安全,量子通信与安全,核心量子企业
中国人民解放军国防科技大学,湖南; 43,2019,2023,33,253,7.666666666666667,量子传感；量子基础概念；量子计算；量子计算硬件；量子通信与安全,其他量子相关/待复核；量子传感器/精密测量；量子计算硬件/量子芯片；量子计算系统；量子计量/时间频率/PNT候选；量子软件/算法/模拟；量子通信与安全,MOT；QKD；entanglement；laser；superposition；光调制器；冷原子干涉；冷原子干涉仪；单光子探测器；原子干涉；原子干涉仪；原子钟；叠加态；时间频率传递；激光器；离子阱；量子互联网；量子传感；量子传感器；量子保密通信；量子信息；量子信息技术；量子密钥；量子密钥分发；量子密钥分配；量子态；量子技术；量子模拟；量子比特；量子纠缠；量子网络；量子芯片；量子计算；量子计算机；量子通信；频率基准,11,17,1,4,量子通信与安全,量子通信与安全,核心量子企业
中国人民解放军总医院,北京; 11,2023,2023,1,5,5.0,量子通信与安全,量子通信与安全,量子密钥,0,1,0,0,量子通信与安全,量子通信与安全,候选/待复核企业
中国人民解放军战略支援部队信息工程大学,河南; 41,2019,2023,26,287,11.038461538461538,量子传感；量子基础概念；量子计算；量子计算硬件；量子通信与安全,上游材料与核心部件；其他量子相关/待复核；量子传感器/精密测量；量子计算硬件/量子芯片；量子计算系统；量子软件/算法/模拟；量子通信与安全,fidelity；laser；qubit；qubits；superposition；保真度；单光子探测器；叠加态；激光器；物理量子比特；超导量子比特；超导量子芯片；量子信息；量子处理器；量子密钥；量子密钥分发；量子态；量子比特；量子测量；量子电路；量子算法；量子纠错；量子线路；量子网络；量子芯片；量子计算；量子计算机；量子误差校正；量子门,18,6,2,0,量子计算系统,量子计算,核心量子企业
中国人民解放军战略支援部队航天工程大学,北京; 11,2019,2021,9,35,3.888888888888889,量子传感；量子基础概念,其他量子相关/待复核；量子计量/时间频率/PNT候选,原子钟；叠加态,0,0,8,1,其他量子相关/待复核,量子基础概念,核心量子企业
中国人民解放军海军工程大学,湖北; 42,2019,2021,3,11,3.6666666666666665,量子传感,量子传感器/精密测量；量子计量/时间频率/PNT候选,原子干涉；频率基准,0,1,0,2,量子计量/时间频率/PNT候选,量子传感,较高相关企业
中国人民解放军火箭军工程大学,陕西; 61,2019,2019,1,3,3.0,量子传感,量子计量/时间频率/PNT候选,原子钟,0,0,0,1,量子计量/时间频率/PNT候选,量子传感,候选/待复核企业
中国人民解放军空军工程大学,陕西; 61,2019,2019,2,10,5.0,量子传感,其他量子相关/待复核；量子计量/时间频率/PNT候选,entanglement；原子钟；量子技术,0,1,0,1,其他量子相关/待复核,量子传感,较高相关企业
中国人民解放军空军预警学院,湖北; 42,2022,2022,1,10,10.0,量子通信与安全,量子通信与安全,逻辑量子比特；量子密钥；量子密钥分发；量子比特,1,0,0,0,量子通信与安全,量子通信与安全,较高相关企业
中国人民银行清算总中心,北京; 11,2020,2020,1,5,5.0,量子通信与安全,量子通信与安全,量子密钥,0,1,0,0,量子通信与安全,量子通信与安全,候选/待复核企业
中国信息通信研究院,北京; 11,2019,2021,7,51,7.285714285714286,量子传感；量子计算；量子通信与安全,量子计算系统；量子计量/时间频率/PNT候选；量子通信与安全,QKD；entanglement；量子保密通信；量子处理器；量子密钥；量子密钥分发；量子比特；量子纠缠；量子计算；量子通信；频率基准,3,3,0,1,量子通信与安全,量子通信与安全,核心量子企业
中国农业大学,北京; 11,2019,2019,1,5,5.0,量子传感,量子传感器/精密测量,量子传感；量子传感器,0,1,0,0,量子传感器/精密测量,量子传感,候选/待复核企业
中国医学科学院北京协和医院,北京; 11,2022,2022,1,5,5.0,量子计算硬件,量子计算硬件/量子芯片,离子阱,0,1,0,0,量子计算硬件/量子芯片,量子计算硬件,候选/待复核企业
中国医学科学院病原生物学研究所,北京; 11,2019,2019,1,5,5.0,量子计算,量子计算系统,qubit,0,1,0,0,量子计算系统,量子计算,候选/待复核企业
中国十七冶集团有限公司,安徽; 34,2022,2022,1,3,3.0,量子传感,量子计量/时间频率/PNT候选,频率标准,0,0,0,1,量子计量/时间频率/PNT候选,量子传感,候选/待复核企业
中国地质大学(武汉),湖北; 42,2022,2022,1,5,5.0,量子计算,量子计算系统,量子计算,0,1,0,0,量子计算系统,量子计算,候选/待复核企业
中国工商银行股份有限公司,北京; 11,2021,2021,1,9,9.0,量子通信与安全,量子通信与安全,量子态；量子通信,1,0,0,0,量子通信与安全,量子通信与安全,较高相关企业
中国建筑材料科学研究总院有限公司,北京; 11,2020,2020,1,3,3.0,量子传感,量子计量/时间频率/PNT候选,原子钟,0,0,0,1,量子计量/时间频率/PNT候选,量子传感,候选/待复核企业
中国建设银行股份有限公司,北京; 11,2021,2021,1,5,5.0,量子通信与安全,量子通信与安全,量子密钥,0,1,0,0,量子通信与安全,量子通信与安全,候选/待复核企业
中国林业科学研究院林业研究所,北京; 11,2019,2019,1,3,3.0,量子传感,量子计量/时间频率/PNT候选,频率标准,0,0,0,1,量子计量/时间频率/PNT候选,量子传感,候选/待复核企业
中国水利水电科学研究院,北京; 11,2019,2019,1,5,5.0,量子计算,量子软件/算法/模拟,量子模拟,0,1,0,0,量子软件/算法/模拟,量子计算,候选/待复核企业
中国海洋大学,山东; 37,2020,2022,5,70,14.0,量子传感；量子通信与安全,量子计量/时间频率/PNT候选；量子通信与安全,entanglement；fidelity；保真度；原子钟；量子保密通信；量子信息；量子信息技术；量子态；量子纠缠；量子网络；量子通信,4,0,0,1,量子通信与安全,量子通信与安全,核心量子企业
中国电信股份有限公司,北京; 11,2019,2022,10,54,5.4,量子计算；量子通信与安全,量子软件/算法/模拟；量子通信与安全,QKD；量子密钥；量子密钥分发；量子密钥分配；量子态；量子模拟,1,9,0,0,量子通信与安全,量子通信与安全,核心量子企业
中国电力科学研究院有限公司,北京; 11,2019,2023,3,17,5.666666666666667,量子传感,量子传感器/精密测量；量子计量/时间频率/PNT候选,NV色心；laser；量子测量；金刚石NV色心；频率基准；频率标准,1,0,0,2,量子计量/时间频率/PNT候选,量子传感,较高相关企业
中国电子技术标准化研究院,北京; 11,2021,2023,2,13,6.5,量子传感；量子计算,量子计算系统；量子计量/时间频率/PNT候选,fidelity；保真度；原子钟；量子比特；量子计算,1,0,0,1,量子计算系统,量子计算,较高相关企业
中国电子科技集团公司信息科学研究院,北京; 11,2021,2021,2,15,7.5,量子通信与安全,量子通信与安全,QKD；量子保密通信；量子密钥；量子密钥分发,1,1,0,0,量子通信与安全,量子通信与安全,较高相关企业
中国电子科技集团公司电子科学研究院,北京; 11,2019,2019,8,53,6.625,量子通信与安全,量子通信与安全,单光子探测器；量子保密通信；量子密钥；量子密钥分发,2,6,0,0,量子通信与安全,量子通信与安全,核心量子企业
中国电子科技集团公司第三十九研究所,陕西; 61,2020,2020,2,10,5.0,量子传感,量子传感器/精密测量,量子精密测量,0,2,0,0,量子传感器/精密测量,量子传感,较高相关企业
中国电子科技集团公司第三十六研究所,浙江; 33,2021,2021,2,6,3.0,量子传感,量子计量/时间频率/PNT候选,频率基准,0,0,0,2,量子计量/时间频率/PNT候选,量子传感,候选/待复核企业
中国电子科技集团公司第三十四研究所,广西; 45,2022,2022,1,3,3.0,量子传感,量子计量/时间频率/PNT候选,频率驾驭,0,0,0,1,量子计量/时间频率/PNT候选,量子传感,候选/待复核企业
中国电子科技集团公司第三十研究所,四川; 51,2019,2022,33,176,5.333333333333333,量子基础概念；量子计算；量子通信与安全,其他量子相关/待复核；量子计算系统；量子通信与安全,QKD；laser；lasers；激光器；量子保密通信；量子密钥；量子密钥分发；量子态；量子计算；量子计算机,2,29,2,0,量子通信与安全,量子通信与安全,核心量子企业
中国电子科技集团公司第二十九研究所,四川; 51,2019,2022,2,6,3.0,量子传感,量子计量/时间频率/PNT候选,原子钟；原子钟频率；铷原子钟,0,0,0,2,量子计量/时间频率/PNT候选,量子传感,候选/待复核企业
中国电子科技集团公司第五十四研究所,河北; 13,2019,2022,11,33,3.0,量子传感,量子计量/时间频率/PNT候选,光钟；原子钟；原子频标；时间频率传递；铷原子钟；频率基准；频率标准,0,0,0,11,量子计量/时间频率/PNT候选,量子传感,核心量子企业
中国电子科技集团公司第十三研究所,河北; 13,2021,2022,5,29,5.8,量子传感,量子传感器/精密测量,NV色心；laser；光调制器；激光器；金刚石NV色心,0,5,0,0,量子传感器/精密测量,量子传感,核心量子企业
中国电子科技集团公司第十二研究所,北京; 11,2021,2021,1,3,3.0,量子传感,量子计量/时间频率/PNT候选,原子钟；铯原子钟,0,0,0,1,量子计量/时间频率/PNT候选,量子传感,候选/待复核企业
中国电子科技集团公司第四十一研究所,山东; 37,2021,2021,1,8,8.0,量子传感,上游材料与核心部件,单光子探测器；量子信息；量子信息技术,1,0,0,0,上游材料与核心部件,量子传感,较高相关企业
中国电子科技集团公司第四十四研究所,重庆; 85,2019,2019,2,6,3.0,量子传感,量子计量/时间频率/PNT候选,光纤频率传递；时间频率传输,0,0,0,2,量子计量/时间频率/PNT候选,量子传感,候选/待复核企业
中国电波传播研究所(中国电子科技集团公司第二十二研究所),山东; 37,2020,2020,1,3,3.0,量子传感,量子计量/时间频率/PNT候选,原子钟,0,0,0,1,量子计量/时间频率/PNT候选,量子传感,候选/待复核企业
中国石油化工股份有限公司,北京; 11,2020,2020,1,5,5.0,量子计算,量子计算系统,量子电路,0,1,0,0,量子计算系统,量子计算,候选/待复核企业
中国科学技术大学,安徽; 34,2019,2023,78,613,7.858974358974359,量子传感；量子基础概念；量子计算；量子计算硬件；量子通信与安全,上游材料与核心部件；其他量子相关/待复核；量子传感器/精密测量；量子计算硬件/量子芯片；量子计算系统；量子通信与安全,NV色心；QKD；entanglement；fidelity；laser；lasers；qubit；qubits；superposition；保真度；光调制器；单光子探测器；原子干涉；叠加态；囚禁离子；激光器；磁光阱；离子阱；稀释制冷机；自旋量子比特；超导量子比特；里德堡原子量子；量子传感；量子传感器；量子保密通信；量子信息；量子信息技术；量子叠加；量子处理器；量子密钥；量子密钥分发；量子密钥分配；量子态；量子比特；量子纠缠；量子线路；量子芯片；量子计算；量子计算机；量子通信；量子门；金刚石NV色心,29,40,9,0,量子通信与安全,量子通信与安全,核心量子企业
中国科学院上海光学精密机械研究所,上海; 31,2019,2022,7,26,3.7142857142857144,量子传感,量子传感器/精密测量；量子计量/时间频率/PNT候选,laser；冷原子钟；原子干涉；原子干涉仪；原子钟；原子钟频率；时间频率传递；磁光阱；铷原子钟；频率标准,0,2,0,5,量子计量/时间频率/PNT候选,量子传感,核心量子企业
中国科学院上海天文台,上海; 31,2021,2022,3,9,3.0,量子传感,量子计量/时间频率/PNT候选,原子钟；原子频标；氢原子钟；频率标准,0,0,0,3,量子计量/时间频率/PNT候选,量子传感,候选/待复核企业
中国科学院上海微系统与信息技术研究所,上海; 31,2020,2022,11,76,6.909090909090909,量子传感；量子计算；量子通信与安全,上游材料与核心部件；量子传感器/精密测量；量子计算系统；量子通信与安全,NV色心；entanglement；单光子探测器；超导量子比特；量子信息；量子比特；量子电路；量子纠缠；量子网络；量子芯片；量子通信,2,8,1,0,量子计算系统,量子计算,核心量子企业
中国科学院上海技术物理研究所,上海; 31,2019,2021,2,10,5.0,量子通信与安全,量子通信与安全,量子通信,0,2,0,0,量子通信与安全,量子通信与安全,较高相关企业
中国科学院信息工程研究所,北京; 11,2019,2021,4,20,5.0,量子计算；量子通信与安全,量子计算系统；量子通信与安全,后量子密码；量子密钥；量子计算,0,4,0,0,量子通信与安全,量子通信与安全,核心量子企业
中国科学院化学研究所,北京; 11,2019,2021,4,21,5.25,量子传感；量子计算硬件,其他量子相关/待复核；量子计算硬件/量子芯片,laser；激光器；离子阱；量子信息,0,4,0,0,量子计算硬件/量子芯片,量子计算硬件,核心量子企业
中国科学院半导体研究所,北京; 11,2019,2020,10,60,6.0,量子基础概念；量子计算硬件；量子通信与安全,其他量子相关/待复核；量子计算硬件/量子芯片；量子通信与安全,离子阱；量子密钥；量子密钥分发；量子态,3,5,2,0,量子通信与安全,量子通信与安全,核心量子企业
中国科学院合肥物质科学研究院,安徽; 34,2020,2020,1,5,5.0,量子计算硬件,量子计算硬件/量子芯片,离子阱,0,1,0,0,量子计算硬件/量子芯片,量子计算硬件,候选/待复核企业
中国科学院国家天文台,北京; 11,2019,2023,4,12,3.0,量子传感,量子计量/时间频率/PNT候选,原子钟；原子钟时间同步；频率标准,0,0,0,4,量子计量/时间频率/PNT候选,量子传感,较高相关企业
中国科学院国家天文台长春人造卫星观测站,吉林; 22,2019,2019,1,3,3.0,量子传感,量子计量/时间频率/PNT候选,频率标准,0,0,0,1,量子计量/时间频率/PNT候选,量子传感,候选/待复核企业
中国科学院国家授时中心,陕西; 61,2019,2023,49,169,3.4489795918367347,量子传感,上游材料与核心部件；量子传感器/精密测量；量子计量/时间频率/PNT候选,MOT；entanglement；laser；光学频率传递；光纤频率传递；光钟；单光子探测器；原子钟；原子钟频率；时间频率传递；氢原子钟；激光器；磁光阱；量子技术；量子测量；铯原子钟；铷原子钟；频率基准；频率驾驭,0,6,0,43,量子计量/时间频率/PNT候选,量子传感,核心量子企业
中国科学院国家空间科学中心,北京; 11,2019,2019,1,3,3.0,量子传感,量子计量/时间频率/PNT候选,频率基准,0,0,0,1,量子计量/时间频率/PNT候选,量子传感,候选/待复核企业
中国科学院地质与地球物理研究所,北京; 11,2019,2021,4,16,4.0,量子传感；量子计算硬件,量子传感器/精密测量；量子计算硬件/量子芯片；量子计量/时间频率/PNT候选,NV色心；原子钟；离子阱,0,2,0,2,量子计量/时间频率/PNT候选,量子传感,较高相关企业
中国科学院大学,北京; 11,2020,2021,2,19,9.5,量子传感,量子传感器/精密测量,MOT；laser；囚禁离子；磁光阱；离子阱；超高真空,1,1,0,0,量子传感器/精密测量,量子传感,较高相关企业
中国科学院大连化学物理研究所,辽宁; 21,2019,2020,3,15,5.0,量子计算硬件,量子计算硬件/量子芯片,离子阱,0,3,0,0,量子计算硬件/量子芯片,量子计算硬件,较高相关企业
中国科学院宁波材料技术与工程研究所,浙江; 33,2021,2021,1,3,3.0,量子计算,量子计算系统,量子线路,0,0,1,0,量子计算系统,量子计算,候选/待复核企业
中国科学院微小卫星创新研究院,上海; 31,2020,2022,8,28,3.5,量子传感；量子通信与安全,量子计量/时间频率/PNT候选；量子通信与安全,entanglement；原子钟；量子通信；频率基准,0,1,0,7,量子计量/时间频率/PNT候选,量子传感,核心量子企业
中国科学院微电子研究所,北京; 11,2020,2021,5,24,4.8,量子计算；量子计算硬件,量子计算硬件/量子芯片；量子计算系统,laser；lasers；囚禁离子；离子阱；量子芯片；量子计算,0,4,1,0,量子计算硬件/量子芯片,量子计算硬件,核心量子企业
中国科学院武汉岩土力学研究所,湖北; 42,2019,2019,1,3,3.0,量子传感,量子计量/时间频率/PNT候选,频率基准,0,0,0,1,量子计量/时间频率/PNT候选,量子传感,候选/待复核企业
中国科学院武汉物理与数学研究所,湖北; 42,2019,2020,5,21,4.2,量子传感,量子传感器/精密测量；量子计量/时间频率/PNT候选,laser；光调制器；冷原子干涉；冷原子干涉仪；原子干涉；原子干涉仪；原子频标；激光器,0,2,0,3,量子计量/时间频率/PNT候选,量子传感,核心量子企业
中国科学院物理研究所,北京; 11,2019,2021,5,53,10.6,量子传感；量子计算；量子计算硬件,量子传感器/精密测量；量子计算硬件/量子芯片；量子计算系统,qubit；原子钟；拓扑量子比特；自旋量子比特；超导量子电路；量子比特；量子电路；量子精密测量；量子计算,3,2,0,0,量子计算硬件/量子芯片,量子计算硬件,核心量子企业
中国科学院理化技术研究所,北京; 11,2020,2020,1,5,5.0,量子计算,量子计算系统,量子计算,0,1,0,0,量子计算系统,量子计算,候选/待复核企业
中国科学院理论物理研究所,北京; 11,2022,2022,2,17,8.5,量子传感；量子计算,其他量子相关/待复核；量子计算系统,qubit；qubits；量子态；量子技术；量子比特；量子线路,1,1,0,0,其他量子相关/待复核,量子传感,较高相关企业
中国科学院空天信息创新研究院,北京; 11,2022,2023,2,10,5.0,量子传感；量子计算,量子计算系统；量子计量/时间频率/PNT候选,原子钟；量子态；量子线路,0,1,0,1,量子计量/时间频率/PNT候选,量子传感,较高相关企业
中国科学院空间应用工程与技术中心,北京; 11,2021,2021,1,4,4.0,量子基础概念,其他量子相关/待复核,量子相干,0,0,1,0,其他量子相关/待复核,量子基础概念,候选/待复核企业
中国科学院精密测量科学与技术创新研究院,湖北; 42,2020,2023,26,144,5.538461538461538,量子传感；量子计算硬件,上游材料与核心部件；量子传感器/精密测量；量子计算硬件/量子芯片；量子计量/时间频率/PNT候选,laser；lasers；中性原子量子；冷原子干涉；冷原子干涉仪；原子干涉；原子干涉仪；原子钟；原子钟守时；原子频标；囚禁离子；时间频率传递；激光器；磁光阱；离子阱；量子传感；量子传感器；量子信息；量子态；量子比特；量子计算；铷原子钟；频率基准；频率标准；频率驾驭,4,12,0,10,量子传感器/精密测量,量子传感,核心量子企业
中国科学院自动化研究所,北京; 11,2019,2019,1,5,5.0,量子传感,量子传感器/精密测量,MOT,0,1,0,0,量子传感器/精密测量,量子传感,候选/待复核企业
中国科学院苏州纳米技术与纳米仿生研究所,江苏; 32,2019,2021,3,40,13.333333333333334,量子计算硬件,量子计算硬件/量子芯片,qubit；超导量子比特；超导量子芯片；量子比特；量子芯片；量子计算；量子计算机,3,0,0,0,量子计算硬件/量子芯片,量子计算硬件,核心量子企业
中国科学院西安光学精密机械研究所,陕西; 61,2020,2021,3,14,4.666666666666667,量子传感,量子传感器/精密测量；量子计量/时间频率/PNT候选,MOT；laser；冷原子干涉；冷原子干涉仪；原子干涉；原子干涉仪；原子钟；氢原子钟；磁光阱,0,2,0,1,量子传感器/精密测量,量子传感,较高相关企业
中国科学院计算技术研究所,北京; 11,2021,2021,2,10,5.0,量子计算,量子计算系统,量子电路；量子芯片,0,2,0,0,量子计算系统,量子计算,较高相关企业
中国科学院软件研究所,北京; 11,2020,2020,1,5,5.0,量子计算,量子计算系统,量子比特,0,1,0,0,量子计算系统,量子计算,候选/待复核企业
中国科学院重庆绿色智能技术研究院,重庆; 85,2019,2021,4,26,6.5,量子计算；量子通信与安全,量子软件/算法/模拟；量子通信与安全,抗量子攻击；量子算法,2,0,2,0,量子通信与安全,量子通信与安全,核心量子企业
中国移动通信有限公司研究院,北京; 11,2019,2021,7,75,10.714285714285714,量子通信与安全,量子通信与安全,抗量子攻击；量子保密通信；量子密钥；量子密钥分发；量子网络；量子通信,6,1,0,0,量子通信与安全,量子通信与安全,核心量子企业
中国移动通信集团广东有限公司,广东; 44,2022,2022,1,3,3.0,量子传感,量子计量/时间频率/PNT候选,频率标准,0,0,0,1,量子计量/时间频率/PNT候选,量子传感,候选/待复核企业
中国空气动力研究与发展中心低速空气动力研究所,四川; 51,2020,2020,1,5,5.0,量子传感,量子传感器/精密测量,磁光阱,0,1,0,0,量子传感器/精密测量,量子传感,候选/待复核企业
中国空气动力研究与发展中心超高速空气动力研究所,四川; 51,2022,2022,1,4,4.0,量子基础概念,其他量子相关/待复核,量子态,0,0,1,0,其他量子相关/待复核,量子基础概念,候选/待复核企业
中国联合网络通信集团有限公司,北京; 11,2019,2022,9,61,6.777777777777778,量子计算；量子通信与安全,量子计算系统；量子通信与安全,laser；lasers；单光子探测器；激光器；量子密钥；量子密钥分发；量子态；量子计算；量子通信,1,8,0,0,量子通信与安全,量子通信与安全,核心量子企业
中国航天科工集团第二研究院,北京; 11,2020,2021,2,8,4.0,量子基础概念,其他量子相关/待复核,叠加态；量子态,0,0,2,0,其他量子相关/待复核,量子基础概念,候选/待复核企业
中国航天系统科学与工程研究院,北京; 11,2020,2020,1,3,3.0,量子传感,量子计量/时间频率/PNT候选,时间频率比对,0,0,0,1,量子计量/时间频率/PNT候选,量子传感,候选/待复核企业
中国航空工业集团公司北京长城计量测试技术研究所,北京; 11,2020,2021,6,26,4.333333333333333,量子传感,量子传感器/精密测量；量子计量/时间频率/PNT候选,laser；冷原子干涉；冷原子干涉仪；原子干涉；原子干涉仪；原子钟；原子频标；激光器；频率基准,0,3,0,3,量子传感器/精密测量,量子传感,核心量子企业
中国航空工业集团公司成都飞机设计研究所,四川; 51,2020,2020,1,3,3.0,量子传感,量子计量/时间频率/PNT候选,原子钟；铷原子钟,0,0,0,1,量子计量/时间频率/PNT候选,量子传感,候选/待复核企业
中国船舶重工集团公司七五0试验场,云南; 53,2019,2019,1,3,3.0,量子传感,量子计量/时间频率/PNT候选,原子钟,0,0,0,1,量子计量/时间频率/PNT候选,量子传感,候选/待复核企业
中国船舶重工集团公司第七0七研究所,天津; 12,2020,2022,18,92,5.111111111111111,量子传感；量子基础概念,上游材料与核心部件；量子传感器/精密测量；量子计量/时间频率/PNT候选,laser；冷原子干涉；冷原子干涉仪；单光子探测器；原子干涉；原子干涉仪；原子钟；时间频率传递；激光器；磁光阱；超高真空；量子态；铷原子钟；频率基准,2,9,0,7,量子传感器/精密测量,量子传感,核心量子企业
中国船舶重工集团公司第七0四研究所,上海; 31,2021,2021,1,3,3.0,量子传感,量子计量/时间频率/PNT候选,频率基准,0,0,0,1,量子计量/时间频率/PNT候选,量子传感,候选/待复核企业
中国船舶重工集团公司第七一七研究所,湖北; 42,2019,2019,1,6,6.0,量子传感,量子传感器/精密测量,laser；冷原子干涉；冷原子干涉仪；原子干涉；原子干涉仪；磁光阱,0,1,0,0,量子传感器/精密测量,量子传感,候选/待复核企业
中国船舶重工集团公司第七二三研究所,江苏; 32,2021,2021,1,3,3.0,量子传感,量子计量/时间频率/PNT候选,原子钟,0,0,0,1,量子计量/时间频率/PNT候选,量子传感,候选/待复核企业
中国船舶集团有限公司第七〇七研究所,天津; 12,2023,2023,2,10,5.0,量子传感；量子基础概念,上游材料与核心部件；量子计量/时间频率/PNT候选,单光子探测器；量子态；频率基准,0,1,0,1,量子计量/时间频率/PNT候选,量子传感,较高相关企业
中国西安卫星测控中心,陕西; 61,2020,2022,2,6,3.0,量子传感,量子计量/时间频率/PNT候选,原子钟；原子钟频率；氢原子钟；频率基准,0,0,0,2,量子计量/时间频率/PNT候选,量子传感,候选/待复核企业
中国计量大学,浙江; 33,2019,2022,7,43,6.142857142857143,量子传感；量子基础概念；量子通信与安全,其他量子相关/待复核；量子传感器/精密测量；量子计量/时间频率/PNT候选；量子通信与安全,MOT；entanglement；laser；光调制器；原子干涉；原子干涉仪；原子钟；叠加态；激光器；磁光阱；量子密钥；量子密钥分发；量子态；量子测量；量子纠缠,1,4,1,1,量子传感器/精密测量,量子传感,核心量子企业
中国计量科学研究院,北京; 11,2019,2023,24,110,4.583333333333333,量子传感；量子基础概念；量子计算；量子计算硬件,其他量子相关/待复核；量子传感器/精密测量；量子计算硬件/量子芯片；量子计算系统；量子计量/时间频率/PNT候选,laser；冷原子钟；原子干涉；原子干涉仪；原子时标；原子钟；时间频率传输；时间频率传递；磁光阱；离子阱；里德堡原子量子；量子态；量子技术；量子测量；量子相干；量子芯片；频率标准,2,9,1,12,量子计量/时间频率/PNT候选,量子传感,核心量子企业
中国长江三峡集团有限公司,北京; 11,2022,2022,1,5,5.0,量子通信与安全,量子通信与安全,量子密钥；量子密钥分发,0,1,0,0,量子通信与安全,量子通信与安全,候选/待复核企业
中天通信技术有限公司,江苏; 32,2021,2021,2,10,5.0,量子通信与安全,量子通信与安全,量子密钥,0,2,0,0,量子通信与安全,量子通信与安全,较高相关企业
中安网脉(北京)技术股份有限公司,北京; 11,2023,2023,1,5,5.0,量子通信与安全,量子通信与安全,量子密钥；量子密钥分发,0,1,0,0,量子通信与安全,量子通信与安全,候选/待复核企业
中山大学,广东; 44,2019,2023,9,62,6.888888888888889,量子传感；量子基础概念；量子计算硬件；量子通信与安全,其他量子相关/待复核；量子计算硬件/量子芯片；量子计量/时间频率/PNT候选；量子通信与安全,单光子探测器；原子钟；后量子密码；囚禁离子；时间频率传递；量子安全通信；量子密钥；量子态；量子相干；量子通信,3,4,1,1,量子通信与安全,量子通信与安全,核心量子企业
中电信量子科技有限公司,安徽; 34,2021,2023,20,166,8.3,量子计算；量子通信与安全,量子软件/算法/模拟；量子通信与安全,QKD；量子密钥；量子密钥分发；量子算法；量子网络；量子计算；量子计算机；量子通信,11,9,0,0,量子通信与安全,量子通信与安全,核心量子企业
中电科新型智慧城市研究院有限公司,广东; 44,2021,2021,1,5,5.0,量子通信与安全,量子通信与安全,量子密钥,0,1,0,0,量子通信与安全,量子通信与安全,候选/待复核企业
中科启迪光电子科技(广州)有限公司,广东; 44,2021,2023,4,12,3.0,量子传感,量子计量/时间频率/PNT候选,原子钟；原子钟频率,0,0,0,4,量子计量/时间频率/PNT候选,量子传感,较高相关企业
中科问天量子科技(天津)有限公司,天津; 12,2021,2022,2,10,5.0,量子通信与安全,量子通信与安全,量子密钥,0,2,0,0,量子通信与安全,量子通信与安全,较高相关企业
中移(成都)信息通信科技有限公司,四川; 51,2021,2021,1,5,5.0,量子计算,量子计算系统,量子比特,0,1,0,0,量子计算系统,量子计算,候选/待复核企业
中移(苏州)软件技术有限公司,江苏; 32,2023,2023,1,5,5.0,量子通信与安全,量子通信与安全,量子密钥,0,1,0,0,量子通信与安全,量子通信与安全,候选/待复核企业
中网道科技集团股份有限公司,广东; 44,2022,2022,1,5,5.0,量子通信与安全,量子通信与安全,量子密钥,0,1,0,0,量子通信与安全,量子通信与安全,候选/待复核企业
中诚华隆计算机技术有限公司,北京; 11,2023,2023,13,91,7.0,量子计算；量子计算硬件；量子通信与安全,量子计算硬件/量子芯片；量子计算系统；量子通信与安全,laser；超导量子芯片；量子网络；量子芯片；量子计算；量子通信,5,8,0,0,量子计算系统,量子计算,核心量子企业
中车永济电机有限公司,山西; 14,2022,2022,1,3,3.0,量子传感,量子计量/时间频率/PNT候选,频率基准,0,0,0,1,量子计量/时间频率/PNT候选,量子传感,候选/待复核企业
中通服咨询设计研究院有限公司,江苏; 32,2021,2021,1,10,10.0,量子通信与安全,量子通信与安全,量子密钥；量子密钥分发；量子网络,1,0,0,0,量子通信与安全,量子通信与安全,较高相关企业
中量科(南京)科技有限公司,江苏; 32,2023,2023,2,20,10.0,量子通信与安全,量子通信与安全,量子密钥；量子密钥分发；量子计算；量子计算机,2,0,0,0,量子通信与安全,量子通信与安全,核心量子企业
之江实验室,浙江; 33,2020,2023,17,129,7.588235294117647,量子传感；量子基础概念；量子计算；量子计算硬件,其他量子相关/待复核；量子传感器/精密测量；量子计算硬件/量子芯片；量子计算系统,MOT；NV色心；laser；superposition；光调制器；光量子计算；单光子探测器；叠加态；激光器；离子阱；超高真空；量子传感；量子态；量子比特；量子电路；量子算法；量子精密测量；量子计算；量子计算机；量子门；金刚石NV色心,5,11,1,0,量子传感器/精密测量,量子传感,核心量子企业
九零八图案公司,美国; US,2020,2020,1,5,5.0,量子计算硬件,量子计算硬件/量子芯片,离子阱,0,1,0,0,量子计算硬件/量子芯片,量子计算硬件,候选/待复核企业
于利奇研究中心有限公司,德国; DE,2019,2019,1,12,12.0,量子计算硬件,量子计算硬件/量子芯片,拓扑量子计算；超高真空；量子计算；量子计算机,1,0,0,0,量子计算硬件/量子芯片,量子计算硬件,较高相关企业
京东数科海益信息科技有限公司,北京; 11,2021,2021,1,4,4.0,量子基础概念,其他量子相关/待复核,量子态,0,0,1,0,其他量子相关/待复核,量子基础概念,候选/待复核企业
京瓷帝基廷公司,芬兰; FI,2020,2020,2,6,3.0,量子传感,量子计量/时间频率/PNT候选,频率基准,0,0,0,2,量子计量/时间频率/PNT候选,量子传感,候选/待复核企业
仁通融合(南京)信息技术有限公司,江苏; 32,2023,2023,1,3,3.0,量子传感,量子计量/时间频率/PNT候选,原子钟,0,0,0,1,量子计量/时间频率/PNT候选,量子传感,候选/待复核企业
付涛,青海; 63,2022,2022,1,3,3.0,量子传感,量子计量/时间频率/PNT候选,原子钟,0,0,0,1,量子计量/时间频率/PNT候选,量子传感,候选/待复核企业
代傲表计系统有限公司,德国; DE,2019,2019,1,3,3.0,量子传感,量子计量/时间频率/PNT候选,频率基准,0,0,0,1,量子计量/时间频率/PNT候选,量子传感,候选/待复核企业
代尔夫特理工大学,荷兰; NL,2019,2019,1,10,10.0,量子传感,量子计算系统,qubit；量子信息,1,0,0,0,量子计算系统,量子传感,较高相关企业
任子行网络技术股份有限公司,广东; 44,2020,2020,1,5,5.0,量子通信与安全,量子通信与安全,抗量子攻击,0,1,0,0,量子通信与安全,量子通信与安全,候选/待复核企业
佛山科学技术学院,广东; 44,2019,2021,3,14,4.666666666666667,量子基础概念；量子计算硬件,其他量子相关/待复核；量子计算硬件/量子芯片,叠加态；离子阱,0,2,1,0,量子计算硬件/量子芯片,量子计算硬件,较高相关企业
佛山赛思禅科技有限公司,广东; 44,2023,2023,1,14,14.0,量子通信与安全,量子通信与安全,量子密钥；量子态；量子通信,1,0,0,0,量子通信与安全,量子通信与安全,较高相关企业
全球能源互联网研究院有限公司,北京; 11,2019,2020,5,50,10.0,量子通信与安全,量子通信与安全,单光子探测器；量子密钥；量子密钥分配；量子态；量子网络；量子通信,3,2,0,0,量子通信与安全,量子通信与安全,核心量子企业
全链通有限公司,北京; 11,2019,2019,2,10,5.0,量子计算；量子通信与安全,量子计算系统；量子通信与安全,抗量子攻击；量子计算；量子计算机,0,2,0,0,量子计算系统,量子计算,较高相关企业
公安部第三研究所,上海; 31,2023,2023,1,5,5.0,量子计算,量子计算系统,量子计算,0,1,0,0,量子计算系统,量子计算,候选/待复核企业
兰州空间技术物理研究所,甘肃; 62,2020,2022,4,12,3.0,量子传感,量子计量/时间频率/PNT候选,冷原子钟；原子钟；铯原子钟；铷原子钟,0,0,0,4,量子计量/时间频率/PNT候选,量子传感,较高相关企业
典基网络科技(上海)有限公司,上海; 31,2023,2023,1,5,5.0,量子通信与安全,量子通信与安全,量子密钥,0,1,0,0,量子通信与安全,量子通信与安全,候选/待复核企业
军事科学院系统工程研究院网络信息研究所,北京; 11,2019,2023,27,347,12.851851851851851,量子传感；量子基础概念；量子计算；量子通信与安全,其他量子相关/待复核；量子传感器/精密测量；量子计算系统；量子计量/时间频率/PNT候选；量子通信与安全,entanglement；fidelity；laser；lasers；qubit；单光子探测器；原子钟；激光器；量子中继；量子互联网；量子传感；量子传感器；量子保密通信；量子信息；量子信息技术；量子密钥；量子密钥分发；量子态；量子比特；量子测量；量子精密测量；量子纠缠；量子网络；量子通信,19,6,2,0,量子通信与安全,量子通信与安全,核心量子企业
势加透博洁净动力如皋有限公司,江苏; 32,2022,2022,1,3,3.0,量子传感,量子计量/时间频率/PNT候选,频率基准,0,0,0,1,量子计量/时间频率/PNT候选,量子传感,候选/待复核企业
北京中创为南京量子通信技术有限公司,江苏; 32,2019,2021,31,197,6.354838709677419,量子通信与安全,量子通信与安全,QKD；laser；激光器；量子保密通信；量子密钥；量子密钥分发；量子态；量子通信,9,22,0,0,量子通信与安全,量子通信与安全,核心量子企业
北京中科国光量子科技有限公司,北京; 11,2022,2023,33,303,9.181818181818182,量子基础概念；量子通信与安全,其他量子相关/待复核；量子通信与安全,QKD；laser；lasers；单光子探测器；激光器；量子安全通信；量子密钥；量子密钥分发；量子态；量子芯片,22,7,4,0,量子通信与安全,量子通信与安全,核心量子企业
北京中科弧光量子软件技术有限公司,北京; 11,2022,2023,7,58,8.285714285714286,量子传感；量子计算,量子传感器/精密测量；量子计算系统,qubits；保真度；量子机器学习；量子比特；量子测量；量子线路；量子计算；量子计算机；量子门,5,0,2,0,量子计算系统,量子计算,核心量子企业
北京交通大学,北京; 11,2021,2023,2,6,3.0,量子传感,量子计量/时间频率/PNT候选,时间频率传递；频率标准,0,0,0,2,量子计量/时间频率/PNT候选,量子传感,候选/待复核企业
北京信息科学技术研究院,北京; 11,2019,2019,2,14,7.0,量子计算,量子计算系统,叠加态；量子叠加；量子计算；量子计算机,1,1,0,0,量子计算系统,量子计算,较高相关企业
北京信息科技大学,北京; 11,2019,2019,2,14,7.0,量子通信与安全,量子通信与安全,量子密钥；量子密钥分发；量子态,1,1,0,0,量子通信与安全,量子通信与安全,较高相关企业
北京信而泰科技股份有限公司,北京; 11,2019,2019,2,17,8.5,量子通信与安全,量子通信与安全,fidelity；保真度；量子密钥；量子通信,1,1,0,0,量子通信与安全,量子通信与安全,较高相关企业
北京华信泰科技股份有限公司,北京; 11,2022,2022,2,6,3.0,量子传感,量子计量/时间频率/PNT候选,原子钟,0,0,0,2,量子计量/时间频率/PNT候选,量子传感,候选/待复核企业
北京华航无线电测量研究所,北京; 11,2021,2021,1,4,4.0,量子基础概念,其他量子相关/待复核,量子态,0,0,1,0,其他量子相关/待复核,量子基础概念,候选/待复核企业
北京卓越航导科技有限责任公司,北京; 11,2021,2021,1,3,3.0,量子传感,量子计量/时间频率/PNT候选,原子时标,0,0,0,1,量子计量/时间频率/PNT候选,量子传感,候选/待复核企业
北京卫星导航中心,北京; 11,2020,2021,3,9,3.0,量子传感,量子计量/时间频率/PNT候选,原子钟；原子钟频率；铯原子钟,0,0,0,3,量子计量/时间频率/PNT候选,量子传感,候选/待复核企业
北京卫星环境工程研究所,北京; 11,2021,2021,2,12,6.0,量子传感,量子传感器/精密测量,NV色心；laser；金刚石NV色心,0,2,0,0,量子传感器/精密测量,量子传感,较高相关企业
北京印刷学院,北京; 11,2021,2022,2,25,12.5,量子基础概念；量子通信与安全,其他量子相关/待复核；量子通信与安全,entanglement；量子态；量子比特；量子测量；量子网络,1,0,1,0,其他量子相关/待复核,量子基础概念,核心量子企业
北京启源问天量子科技有限公司,北京; 11,2023,2023,1,5,5.0,量子通信与安全,量子通信与安全,量子通信,0,1,0,0,量子通信与安全,量子通信与安全,候选/待复核企业
北京启衡星生物科技有限公司,北京; 11,2020,2021,2,10,5.0,量子计算,量子计算系统,qubit,0,2,0,0,量子计算系统,量子计算,较高相关企业
北京国盾量子信息技术有限公司,北京; 11,2019,2021,7,50,7.142857142857143,量子通信与安全,量子通信与安全,laser；单光子探测器；激光器；量子密钥；量子密钥分发；量子网络；量子通信,2,5,0,0,量子通信与安全,量子通信与安全,核心量子企业
北京国科量子共创通信科技研究院有限公司,北京; 11,2022,2022,1,10,10.0,量子通信与安全,量子通信与安全,QKD；量子密钥；量子密钥分发；量子通信,1,0,0,0,量子通信与安全,量子通信与安全,较高相关企业
北京大学,北京; 11,2019,2023,39,314,8.051282051282051,量子传感；量子基础概念；量子计算；量子计算硬件；量子通信与安全,其他量子相关/待复核；量子传感器/精密测量；量子计算硬件/量子芯片；量子计算系统；量子计量/时间频率/PNT候选；量子软件/算法/模拟；量子通信与安全,entanglement；laser；qubit；superposition；光量子比特；光量子计算；光钟；单光子探测器；原子干涉；原子干涉仪；原子钟；原子钟频率；叠加态；拓扑量子比特；激光器；离子阱；稀释制冷机；超导量子比特；量子信息；量子密钥；量子密钥分发；量子态；量子模拟；量子模拟器；量子比特；量子测量；量子算法；量子线路；量子芯片；量子计算；量子计算机；量子通信；量子门；铯原子钟；铷原子钟；频率基准；频率标准,15,6,1,17,量子计量/时间频率/PNT候选,量子传感,核心量子企业
北京天融信网络安全技术有限公司,北京; 11,2019,2021,2,10,5.0,量子传感；量子通信与安全,其他量子相关/待复核；量子通信与安全,量子信息；量子密钥,0,2,0,0,量子通信与安全,量子通信与安全,较高相关企业
北京安御道合科技有限公司,北京; 11,2019,2019,1,10,10.0,量子通信与安全,量子通信与安全,量子密钥；量子网络,1,0,0,0,量子通信与安全,量子通信与安全,较高相关企业
北京小米移动软件有限公司,北京; 11,2021,2021,1,3,3.0,量子传感,量子计量/时间频率/PNT候选,时间频率传输,0,0,0,1,量子计量/时间频率/PNT候选,量子传感,候选/待复核企业
北京工业大学,北京; 11,2020,2021,2,10,5.0,量子计算；量子通信与安全,量子计算系统；量子通信与安全,量子计算；量子通信,0,2,0,0,量子通信与安全,量子通信与安全,较高相关企业
北京师范大学,北京; 11,2022,2022,1,5,5.0,量子通信与安全,量子通信与安全,量子通信,0,1,0,0,量子通信与安全,量子通信与安全,候选/待复核企业
北京无线电测量研究所,北京; 11,2021,2021,1,5,5.0,量子通信与安全,量子通信与安全,量子网络,0,1,0,0,量子通信与安全,量子通信与安全,候选/待复核企业
北京无线电计量测试研究所,北京; 11,2019,2022,36,117,3.25,量子传感；量子基础概念；量子计算硬件,其他量子相关/待复核；量子传感器/精密测量；量子计算硬件/量子芯片；量子计量/时间频率/PNT候选,光钟；冷原子钟；原子钟；原子钟频率；原子频标；叠加态；囚禁离子；时间频率传递；时间频率比对；氢原子钟；离子阱；量子精密测量；铯原子钟；频率基准；频率驾驭,0,4,1,31,量子计量/时间频率/PNT候选,量子传感,核心量子企业
北京昌恒皮具制作有限公司,北京; 11,2019,2019,1,5,5.0,量子计算,量子计算系统,量子芯片,0,1,0,0,量子计算系统,量子计算,候选/待复核企业
北京易华录信息技术股份有限公司,北京; 11,2019,2019,1,4,4.0,量子基础概念,其他量子相关/待复核,量子态,0,0,1,0,其他量子相关/待复核,量子基础概念,候选/待复核企业
北京星际荣耀空间科技有限公司,北京; 11,2019,2019,1,5,5.0,量子计算,量子计算系统,量子电路,0,1,0,0,量子计算系统,量子计算,候选/待复核企业
北京智芯微电子科技有限公司,北京; 11,2019,2023,2,10,5.0,量子传感；量子通信与安全,量子传感器/精密测量；量子通信与安全,NV色心；量子密钥；量子密钥分配,0,2,0,0,量子通信与安全,量子通信与安全,较高相关企业
北京未磁科技有限公司,北京; 11,2020,2020,1,5,5.0,量子传感,量子传感器/精密测量,量子精密测量,0,1,0,0,量子传感器/精密测量,量子传感,候选/待复核企业
北京机电工程研究所,北京; 11,2021,2021,1,3,3.0,量子传感,量子计量/时间频率/PNT候选,频率基准,0,0,0,1,量子计量/时间频率/PNT候选,量子传感,候选/待复核企业
北京正道量子科技有限公司,北京; 11,2021,2023,5,33,6.6,量子计算；量子通信与安全,量子计算系统；量子通信与安全,laser；单光子探测器；激光器；量子安全通信；量子密钥；量子密钥分发；量子态；量子计算,1,4,0,0,量子通信与安全,量子通信与安全,核心量子企业
北京海泰方圆科技股份有限公司,北京; 11,2022,2023,2,10,5.0,量子通信与安全,量子通信与安全,QKD；量子密钥；量子密钥分发,0,2,0,0,量子通信与安全,量子通信与安全,较高相关企业
北京燕山电子设备厂,北京; 11,2022,2022,1,3,3.0,量子传感,量子计量/时间频率/PNT候选,原子钟；原子钟频率,0,0,0,1,量子计量/时间频率/PNT候选,量子传感,候选/待复核企业
北京爱克瑞特金刚石工具有限公司,北京; 11,2022,2022,1,5,5.0,量子计算,量子计算系统,量子计算,0,1,0,0,量子计算系统,量子计算,候选/待复核企业
北京玻色量子科技有限公司,北京; 11,2021,2023,6,35,5.833333333333333,量子计算；量子计算硬件；量子通信与安全,量子计算硬件/量子芯片；量子计算系统；量子通信与安全,laser；qubits；光量子计算；激光器；量子中继；量子比特；量子计算；量子计算机,1,5,0,0,量子计算系统,量子计算,核心量子企业
北京理工大学,北京; 11,2019,2022,8,58,7.25,量子传感；量子基础概念；量子计算硬件；量子通信与安全,上游材料与核心部件；其他量子相关/待复核；量子传感器/精密测量；量子计算硬件/量子芯片；量子通信与安全,entanglement；laser；superposition；叠加态；抗量子攻击；激光器；离子阱；量子信息；量子信息技术；量子叠加；量子技术；量子测量；量子相干；量子精密测量；量子计算；量子计算机,3,4,1,0,其他量子相关/待复核,量子传感,核心量子企业
北京电子科技学院,北京; 11,2021,2023,3,25,8.333333333333334,量子计算；量子通信与安全,量子计算系统；量子通信与安全,qubit；量子密钥；量子比特；量子通信,2,1,0,0,量子通信与安全,量子通信与安全,核心量子企业
北京百度网讯科技有限公司,北京; 11,2019,2023,156,2250,14.423076923076923,量子传感；量子计算；量子计算硬件；量子通信与安全,其他量子相关/待复核；量子传感器/精密测量；量子计算硬件/量子芯片；量子计算系统；量子软件/算法/模拟；量子通信与安全,entanglement；fidelity；laser；qubit；qubits；superposition；保真度；叠加态；物理量子比特；离子阱；超导量子比特；超导量子芯片；逻辑量子比特；量子仿真；量子信息；量子化学；量子处理器；量子密钥；量子密钥分发；量子态；量子技术；量子模拟；量子比特；量子测量；量子电路；量子算法；量子纠缠；量子线路；量子网络；量子芯片；量子计算；量子计算机；量子通信；量子门；量子门保真度；门保真度,141,15,0,0,量子计算系统,量子计算,核心量子企业
北京石油化工学院,北京; 11,2019,2019,1,5,5.0,量子计算,量子计算系统,量子计算；量子计算机,0,1,0,0,量子计算系统,量子计算,候选/待复核企业
北京空间机电研究所,北京; 11,2019,2019,1,10,10.0,量子计算,量子计算系统,qubit；量子优化；量子态；量子比特,1,0,0,0,量子计算系统,量子计算,较高相关企业
北京空间飞行器总体设计部,北京; 11,2020,2021,2,6,3.0,量子传感,量子计量/时间频率/PNT候选,原子钟；频率基准,0,0,0,2,量子计量/时间频率/PNT候选,量子传感,候选/待复核企业
北京算讯科技有限公司,北京; 11,2022,2022,1,5,5.0,量子通信与安全,量子通信与安全,量子密钥,0,1,0,0,量子通信与安全,量子通信与安全,候选/待复核企业
北京耐数电子有限公司,北京; 11,2023,2023,2,20,10.0,量子计算,量子计算系统,qubit；量子比特；量子计算,2,0,0,0,量子计算系统,量子计算,核心量子企业
北京自动化控制设备研究所,北京; 11,2019,2020,3,13,4.333333333333333,量子传感,量子传感器/精密测量；量子计量/时间频率/PNT候选,原子钟；量子传感；量子传感器,0,2,0,1,量子传感器/精密测量,量子传感,较高相关企业
北京航天发射技术研究所,北京; 11,2020,2022,2,6,3.0,量子传感,量子计量/时间频率/PNT候选,原子钟；原子钟守时,0,0,0,2,量子计量/时间频率/PNT候选,量子传感,候选/待复核企业
北京航天常兴科技发展股份有限公司,北京; 11,2023,2023,1,5,5.0,量子计算,量子计算系统,量子计算,0,1,0,0,量子计算系统,量子计算,候选/待复核企业
北京航天时代光电科技有限公司,北京; 11,2019,2019,1,3,3.0,量子传感,量子计量/时间频率/PNT候选,频率基准,0,0,0,1,量子计量/时间频率/PNT候选,量子传感,候选/待复核企业
北京航天驭星科技有限公司,北京; 11,2022,2022,1,11,11.0,量子计算,量子计算系统,superposition；叠加态；量子门,1,0,0,0,量子计算系统,量子计算,较高相关企业
北京航空航天大学,北京; 11,2019,2023,24,206,8.583333333333334,量子传感；量子通信与安全,其他量子相关/待复核；量子传感器/精密测量；量子计量/时间频率/PNT候选；量子通信与安全,NV色心；entanglement；laser；qubit；qubits；原子干涉；原子干涉仪；原子钟；原子频标；氢原子钟；激光器；量子传感；量子传感器；量子态；量子技术；量子机器学习；量子模拟；量子比特；量子测量；量子电路；量子精密测量；量子纠缠；量子网络；量子计算；量子门；金刚石NV色心；铯原子钟；频率基准,7,13,0,4,量子传感器/精密测量,量子传感,核心量子企业
北京计算机技术及应用研究所,北京; 11,2021,2021,1,26,26.0,量子传感,量子软件/算法/模拟,量子信息；量子态；量子比特；量子相干；量子算法；量子纠缠；量子线路；量子计算,1,0,0,0,量子软件/算法/模拟,量子传感,核心量子企业
北京连山科技股份有限公司,北京; 11,2023,2023,1,10,10.0,量子通信与安全,量子通信与安全,量子密钥；量子计算,1,0,0,0,量子通信与安全,量子通信与安全,较高相关企业
北京邮电大学,北京; 11,2019,2022,45,255,5.666666666666667,量子传感；量子基础概念；量子计算；量子计算硬件；量子通信与安全,其他量子相关/待复核；量子传感器/精密测量；量子计算硬件/量子芯片；量子计算系统；量子计量/时间频率/PNT候选；量子通信与安全,MOT；QKD；laser；光子量子比特；单光子探测器；激光器；量子保密通信；量子密钥；量子密钥分发；量子密钥分配；量子态；量子比特；量子计算；量子通信；频率基准,6,37,1,1,量子通信与安全,量子通信与安全,核心量子企业
北京酷鲨科技有限公司,北京; 11,2021,2021,1,3,3.0,量子传感,量子计量/时间频率/PNT候选,原子钟；原子频标,0,0,0,1,量子计量/时间频率/PNT候选,量子传感,候选/待复核企业
北京量子信息科学研究院,北京; 11,2020,2023,13,121,9.307692307692308,量子基础概念；量子计算；量子计算硬件；量子通信与安全,其他量子相关/待复核；量子计算硬件/量子芯片；量子计算系统；量子计量/时间频率/PNT候选；量子通信与安全,QKD；fidelity；laser；qubit；保真度；激光器；物理量子比特；超导量子芯片；量子处理器；量子密钥；量子密钥分发；量子态；量子比特；量子线路；量子芯片；量子计算；量子计算机；量子通信；量子门；门保真度；频率标准,9,2,2,0,量子计算系统,量子计算,核心量子企业
北京金匙基因科技有限公司,北京; 11,2021,2021,1,5,5.0,量子计算,量子计算系统,qubit,0,1,0,0,量子计算系统,量子计算,候选/待复核企业
北卡罗来纳-查佩尔山大学,美国; US,2019,2019,1,5,5.0,量子计算硬件,量子计算硬件/量子芯片,离子阱,0,1,0,0,量子计算硬件/量子芯片,量子计算硬件,候选/待复核企业
北斗天汇(北京)科技有限公司,北京; 11,2019,2019,1,3,3.0,量子传感,量子计量/时间频率/PNT候选,频率基准,0,0,0,1,量子计量/时间频率/PNT候选,量子传感,候选/待复核企业
北方工业大学,北京; 11,2020,2022,3,42,14.0,量子通信与安全,量子通信与安全,entanglement；量子中继；量子中继器；量子信息；量子密钥；量子密钥分发；量子态；量子纠缠；量子网络；量子计算；量子门,2,1,0,0,量子通信与安全,量子通信与安全,核心量子企业
匡一中,四川; 51,2019,2019,1,13,13.0,量子传感,量子计算系统,entanglement；laser；激光器；量子信息；量子信息技术；量子计算,1,0,0,0,量子计算系统,量子传感,较高相关企业
区链通网络有限公司,,2019,2019,1,10,10.0,量子通信与安全,量子通信与安全,后量子密码；量子计算；量子计算机,1,0,0,0,,,较高相关企业
华东师范大学,上海; 31,2019,2022,11,78,7.090909090909091,量子传感；量子基础概念；量子计算；量子计算硬件；量子通信与安全,上游材料与核心部件；其他量子相关/待复核；量子传感器/精密测量；量子计算硬件/量子芯片；量子计算系统；量子计量/时间频率/PNT候选；量子通信与安全,laser；lasers；光钟；冷原子钟；原子钟；激光器；磁光阱；离子阱；超高真空；量子中继；量子中继器；量子信息；量子态；量子技术；量子测量；量子计算,3,6,1,1,量子传感器/精密测量,量子传感,核心量子企业
华东计算技术研究所(中国电子科技集团公司第三十二研究所),上海; 31,2019,2022,6,73,12.166666666666666,量子计算；量子计算硬件；量子通信与安全,量子计算硬件/量子芯片；量子计算系统；量子软件/算法/模拟；量子通信与安全,laser；qubit；qubits；容错量子计算；超导量子比特；超导量子芯片；量子比特；量子算法；量子线路；量子芯片；量子计算；量子计算机；量子通信；量子门,4,2,0,0,量子计算硬件/量子芯片,量子计算硬件,核心量子企业
华中光电技术研究所(中国船舶重工集团公司第七一七研究所),湖北; 42,2020,2022,13,76,5.846153846153846,量子传感,量子传感器/精密测量,MOT；laser；lasers；光调制器；冷原子干涉；冷原子干涉仪；原子干涉；原子干涉仪；磁光阱；磁光阱真空腔；量子态,1,12,0,0,量子传感器/精密测量,量子传感,核心量子企业
华中光电技术研究所(中国船舶重工集团有限公司第七一七研究所),湖北; 42,2019,2019,1,5,5.0,量子传感,量子传感器/精密测量,MOT；冷原子干涉；冷原子干涉仪；原子干涉；原子干涉仪；磁光阱,0,1,0,0,量子传感器/精密测量,量子传感,候选/待复核企业
华中光电技术研究所(中国船舶集团有限公司第七一七研究所),湖北; 42,2023,2023,2,12,6.0,量子传感,量子传感器/精密测量,laser；原子干涉；原子干涉仪；磁光阱,0,2,0,0,量子传感器/精密测量,量子传感,较高相关企业
华中农业大学,湖北; 42,2021,2021,1,10,10.0,量子通信与安全,量子通信与安全,量子密钥；量子计算；量子计算机,1,0,0,0,量子通信与安全,量子通信与安全,较高相关企业
华中科技大学,湖北; 42,2019,2023,18,144,8.0,量子传感；量子基础概念；量子计算；量子通信与安全,其他量子相关/待复核；量子传感器/精密测量；量子计算系统；量子计量/时间频率/PNT候选；量子通信与安全,NV色心；entanglement；laser；superposition；原子干涉；原子干涉仪；原子频标；后量子加密；后量子密码；抗量子攻击；激光器；磁光阱；量子传感；量子信息；量子信息技术；量子安全通信；量子密钥；量子态；量子比特；量子纠缠；量子网络；量子芯片；量子计算；金刚石NV色心,6,10,1,1,量子通信与安全,量子通信与安全,核心量子企业
华为技术有限公司,广东; 44,2019,2021,24,237,9.875,量子传感；量子计算；量子计算硬件；量子通信与安全,量子计算硬件/量子芯片；量子计算系统；量子计量/时间频率/PNT候选；量子通信与安全,QKD；entanglement；fidelity；laser；保真度；光量子计算；单光子探测器；激光器；离子阱；超导量子芯片；量子优化；量子信息；量子密钥；量子密钥分发；量子态；量子比特；量子芯片；量子计算；量子计算机；量子通信；量子门；频率基准,15,8,0,1,量子通信与安全,量子通信与安全,核心量子企业
华北电力大学,北京; 11,2020,2021,8,106,13.25,量子通信与安全,量子通信与安全,QKD；entanglement；保真度；量子信息；量子密钥；量子密钥分配；量子态；量子测量；量子纠缠；量子网络；量子通信,6,2,0,0,量子通信与安全,量子通信与安全,核心量子企业
华北电力大学(保定),河北; 13,2021,2022,3,24,8.0,量子通信与安全,量子通信与安全,QKD；entanglement；fidelity；保真度；量子密钥；量子密钥分发；量子通信,1,2,0,0,量子通信与安全,量子通信与安全,核心量子企业
华南农业大学,广东; 44,2019,2019,1,4,4.0,量子基础概念,其他量子相关/待复核,量子态；量子纠缠,0,0,1,0,其他量子相关/待复核,量子基础概念,候选/待复核企业
华南师大(清远)科技创新研究院有限公司,广东; 44,2022,2022,1,6,6.0,量子计算,量子计算系统,fidelity；保真度；量子态,0,1,0,0,量子计算系统,量子计算,候选/待复核企业
华南师范大学,广东; 44,2019,2022,53,538,10.150943396226415,量子传感；量子基础概念；量子计算；量子计算硬件；量子通信与安全,其他量子相关/待复核；量子传感器/精密测量；量子计算硬件/量子芯片；量子计算系统；量子通信与安全,MOT；QKD；entanglement；fidelity；laser；lasers；superposition；保真度；光调制器；单光子探测器；原子干涉；原子干涉仪；叠加态；激光器；磁光阱；稀释制冷机；超导量子比特；里德堡原子量子；量子中继；量子保密通信；量子信息；量子叠加；量子密钥；量子密钥分发；量子密钥分配；量子态；量子比特；量子纠缠；量子网络；量子计算；量子通信；量子门,28,21,4,0,量子通信与安全,量子通信与安全,核心量子企业
华南理工大学,广东; 44,2020,2023,4,35,8.75,量子传感；量子计算；量子计算硬件；量子通信与安全,量子计算硬件/量子芯片；量子计算系统；量子通信与安全,laser；囚禁离子；激光器；离子阱；量子信息；量子处理器；量子密钥；量子密钥分发；量子机器学习；量子线路；量子计算,3,1,0,0,量子计算系统,量子计算,核心量子企业
华威大学,英国; GB,2019,2019,1,5,5.0,量子计算硬件,量子计算硬件/量子芯片,离子阱,0,1,0,0,量子计算硬件/量子芯片,量子计算硬件,候选/待复核企业
华沙大学,波兰; PL,2021,2021,1,10,10.0,量子计算,量子计算系统,量子计算；量子计算机；量子门,1,0,0,0,量子计算系统,量子计算,较高相关企业
华电电力科学研究院有限公司,浙江; 33,2019,2019,1,5,5.0,量子计算硬件,量子计算硬件/量子芯片,离子阱,0,1,0,0,量子计算硬件/量子芯片,量子计算硬件,候选/待复核企业
华科微磁(北京)光电技术有限公司,北京; 11,2019,2019,1,6,6.0,量子传感,量子传感器/精密测量,laser；激光器；量子传感；量子传感器,0,1,0,0,量子传感器/精密测量,量子传感,候选/待复核企业
华翊博奥(北京)量子科技有限公司,北京; 11,2023,2023,5,48,9.6,量子计算；量子计算硬件,量子计算硬件/量子芯片；量子计算系统,entanglement；laser；qubit；qubits；光调制器；离子阱；量子比特；量子计算；量子计算机,4,1,0,0,量子计算硬件/量子芯片,量子计算硬件,核心量子企业
南京中科齐信科技有限公司,江苏; 32,2022,2023,5,39,7.8,量子通信与安全,量子通信与安全,量子密钥；量子密钥分发；量子态；量子通信,3,2,0,0,量子通信与安全,量子通信与安全,核心量子企业
南京信息工程大学,江苏; 32,2019,2021,6,55,9.166666666666666,量子基础概念；量子计算；量子通信与安全,其他量子相关/待复核；量子计算系统；量子通信与安全,qubit；qubits；superposition；叠加态；量子叠加；量子态；量子比特；量子电路；量子线路；量子计算；量子通信；量子门,3,1,2,0,其他量子相关/待复核,量子基础概念,核心量子企业
南京区盟链信息科技有限公司,江苏; 32,2022,2022,1,5,5.0,量子通信与安全,量子通信与安全,后量子加密,0,1,0,0,量子通信与安全,量子通信与安全,候选/待复核企业
南京华飞数据技术有限公司,江苏; 32,2023,2023,1,16,16.0,量子通信与安全,量子通信与安全,entanglement；量子密钥；量子测量；量子纠缠,1,0,0,0,量子通信与安全,量子通信与安全,较高相关企业
南京南瑞信息通信科技有限公司,江苏; 32,2021,2021,1,6,6.0,量子通信与安全,量子通信与安全,laser；激光器；量子密钥；量子密钥分发,0,1,0,0,量子通信与安全,量子通信与安全,候选/待复核企业
南京南瑞国盾量子技术有限公司,江苏; 32,2019,2021,4,38,9.5,量子通信与安全,量子通信与安全,laser；单光子探测器；量子保密通信；量子密钥；量子密钥分发；量子密钥分配；量子态；量子通信,3,1,0,0,量子通信与安全,量子通信与安全,核心量子企业
南京大学,江苏; 32,2020,2023,32,214,6.6875,量子传感；量子基础概念；量子计算；量子计算硬件；量子通信与安全,其他量子相关/待复核；量子传感器/精密测量；量子计算硬件/量子芯片；量子计算系统；量子通信与安全,MOT；QKD；entanglement；laser；单光子探测器；激光器；离子阱；量子互联网；量子信息；量子信息技术；量子密钥；量子密钥分发；量子态；量子比特；量子纠缠；量子网络；量子芯片；量子计算；量子计算机；量子通信,7,18,7,0,量子通信与安全,量子通信与安全,核心量子企业
南京如般量子科技有限公司,江苏; 32,2020,2022,30,242,8.066666666666666,量子计算；量子通信与安全,量子计算系统；量子通信与安全,QKD；量子中继；量子中继器；量子保密通信；量子密钥；量子密钥分发；量子计算；量子计算机；量子通信；非对称密码,12,18,0,0,量子计算系统,量子计算,核心量子企业
南京安维士传动技术股份有限公司,江苏; 32,2021,2021,1,3,3.0,量子传感,量子计量/时间频率/PNT候选,频率标准,0,0,0,1,量子计量/时间频率/PNT候选,量子传感,候选/待复核企业
南京尤尼泰信息科技有限公司,江苏; 32,2022,2022,1,3,3.0,量子传感,量子计量/时间频率/PNT候选,原子钟；原子钟频率,0,0,0,1,量子计量/时间频率/PNT候选,量子传感,候选/待复核企业
南京工程学院,江苏; 32,2019,2020,2,10,5.0,量子计算；量子通信与安全,量子计算系统；量子通信与安全,量子网络；量子计算,0,2,0,0,量子计算系统,量子计算,较高相关企业
南京师范大学,江苏; 32,2021,2021,1,4,4.0,量子基础概念,其他量子相关/待复核,叠加态；量子态,0,0,1,0,其他量子相关/待复核,量子基础概念,候选/待复核企业
南京希凌陆信息科技有限公司,江苏; 32,2020,2020,1,17,17.0,量子计算硬件,量子计算硬件/量子芯片,fidelity；保真度；超导量子芯片；量子比特；量子芯片,1,0,0,0,量子计算硬件/量子芯片,量子计算硬件,较高相关企业
南京广播电视集团(南京广播电视台),江苏; 32,2022,2022,1,14,14.0,量子通信与安全,量子通信与安全,量子态；量子比特；量子网络,1,0,0,0,量子通信与安全,量子通信与安全,较高相关企业
南京指南砺剑通信技术有限公司,江苏; 32,2021,2021,1,3,3.0,量子传感,量子计量/时间频率/PNT候选,原子钟；铷原子钟,0,0,0,1,量子计量/时间频率/PNT候选,量子传感,候选/待复核企业
南京数脉动力信息技术有限公司,江苏; 32,2023,2023,1,10,10.0,量子通信与安全,量子通信与安全,量子密钥；量子密钥分发；量子通信,1,0,0,0,量子通信与安全,量子通信与安全,较高相关企业
南京明博互联网安全创新研究院有限公司,江苏; 32,2022,2022,1,8,8.0,量子计算,量子软件/算法/模拟,量子态；量子算法,1,0,0,0,量子软件/算法/模拟,量子计算,较高相关企业
南京易科腾信息技术有限公司,江苏; 32,2020,2022,9,65,7.222222222222222,量子计算；量子通信与安全,量子计算系统；量子通信与安全,QKD；后量子密码；量子保密通信；量子密钥；量子密钥分发；量子计算；量子计算机,4,5,0,0,量子通信与安全,量子通信与安全,核心量子企业
南京汇荣信息技术有限公司,江苏; 32,2023,2023,1,20,20.0,量子通信与安全,量子通信与安全,量子密钥；量子密钥分发；量子技术；量子比特；量子通信,1,0,0,0,量子通信与安全,量子通信与安全,核心量子企业
南京熊猫电子股份有限公司,江苏; 32,2022,2022,1,3,3.0,量子传感,量子计量/时间频率/PNT候选,原子钟；铷原子钟,0,0,0,1,量子计量/时间频率/PNT候选,量子传感,候选/待复核企业
南京理工大学,江苏; 32,2019,2022,4,25,6.25,量子传感；量子通信与安全,量子计量/时间频率/PNT候选；量子通信与安全,QKD；entanglement；原子钟；量子比特；量子网络；量子通信,1,2,0,1,量子通信与安全,量子通信与安全,核心量子企业
南京航空航天大学,江苏; 32,2019,2023,6,52,8.666666666666666,量子基础概念；量子计算；量子通信与安全,其他量子相关/待复核；量子计算系统；量子软件/算法/模拟；量子通信与安全,后量子密码；量子仿真；量子并行；量子态；量子比特；量子算法；量子纠缠；量子计算；量子门,3,2,1,0,量子计算系统,量子计算,核心量子企业
南京贝龙通信科技有限公司,江苏; 32,2022,2022,1,3,3.0,量子传感,量子计量/时间频率/PNT候选,频率基准,0,0,0,1,量子计量/时间频率/PNT候选,量子传感,候选/待复核企业
南京邮电大学,江苏; 32,2019,2023,42,388,9.238095238095237,量子传感；量子基础概念；量子计算；量子通信与安全,上游材料与核心部件；其他量子相关/待复核；量子传感器/精密测量；量子计算系统；量子通信与安全,NV色心；QKD；entanglement；laser；qubit；光调制器；单光子探测器；激光器；物理量子比特；逻辑量子比特；量子中继；量子信息；量子安全通信；量子密钥；量子密钥分发；量子密钥分配；量子态；量子技术；量子比特；量子测量；量子纠缠；量子计算；量子通信,24,12,6,0,量子通信与安全,量子通信与安全,核心量子企业
南京铂航电子科技有限公司,江苏; 32,2023,2023,1,5,5.0,量子通信与安全,量子通信与安全,量子密钥,0,1,0,0,量子通信与安全,量子通信与安全,候选/待复核企业
南安普顿大学,英国; GB,2023,2023,1,6,6.0,量子传感,量子传感器/精密测量,laser；磁光阱,0,1,0,0,量子传感器/精密测量,量子传感,候选/待复核企业
南方电网数字电网研究院有限公司,广东; 44,2022,2022,1,3,3.0,量子传感,量子计量/时间频率/PNT候选,原子钟,0,0,0,1,量子计量/时间频率/PNT候选,量子传感,候选/待复核企业
南方电网科学研究院有限责任公司,广东; 44,2022,2022,1,5,5.0,量子计算,量子计算系统,量子计算；量子计算机,0,1,0,0,量子计算系统,量子计算,候选/待复核企业
南方电网调峰调频发电有限公司信息通信分公司,广东; 44,2019,2019,1,10,10.0,量子通信与安全,量子通信与安全,量子保密通信；量子密钥,1,0,0,0,量子通信与安全,量子通信与安全,较高相关企业
南方科技大学,广东; 44,2019,2022,12,105,8.75,量子传感；量子基础概念；量子计算；量子计算硬件；量子通信与安全,其他量子相关/待复核；量子传感器/精密测量；量子计算硬件/量子芯片；量子计算系统；量子通信与安全,entanglement；laser；lasers；qubit；qubits；磁光阱；离子阱；超导量子比特；量子信息；量子态；量子比特；量子网络；量子计算；量子计算机；量子门,6,5,1,0,量子计算系统,量子计算,核心量子企业
南昌大学,江西; 36,2023,2023,1,5,5.0,量子计算,量子计算系统,量子芯片,0,1,0,0,量子计算系统,量子计算,候选/待复核企业
南瑞集团有限公司,江苏; 32,2022,2022,1,3,3.0,量子传感,量子计量/时间频率/PNT候选,频率基准,0,0,0,1,量子计量/时间频率/PNT候选,量子传感,候选/待复核企业
南通大学,江苏; 32,2019,2023,9,65,7.222222222222222,量子计算；量子通信与安全,量子计算系统；量子通信与安全,fidelity；qubit；qubits；保真度；分布式量子计算；量子密钥；量子密钥分发；量子线路；量子计算；量子计算机；量子通信；量子门,4,2,3,0,量子计算系统,量子计算,核心量子企业
卜登立,江西; 36,2019,2021,2,10,5.0,量子计算,量子计算系统,量子电路；量子门,0,2,0,0,量子计算系统,量子计算,较高相关企业
卡姆鲁普股份有限公司,丹麦; DK,2021,2021,1,5,5.0,量子计算,量子计算系统,量子电路,0,1,0,0,量子计算系统,量子计算,候选/待复核企业
卡沃斯巴加泰勒管理有限公司,德国; DE,2019,2019,1,5,5.0,量子传感,量子传感器/精密测量,MOT,0,1,0,0,量子传感器/精密测量,量子传感,候选/待复核企业
卡莱多生物科技有限公司,美国; US,2021,2021,2,8,4.0,量子基础概念,其他量子相关/待复核,量子相干,0,0,2,0,其他量子相关/待复核,量子基础概念,候选/待复核企业
印地安纳大学理事会,美国; US,2021,2021,1,5,5.0,量子计算硬件,量子计算硬件/量子芯片,离子阱,0,1,0,0,量子计算硬件/量子芯片,量子计算硬件,候选/待复核企业
厦门大学,福建; 35,2022,2022,1,5,5.0,量子计算硬件,量子计算硬件/量子芯片,离子阱,0,1,0,0,量子计算硬件/量子芯片,量子计算硬件,候选/待复核企业
厦门潭宏信息科技有限公司,福建; 35,2021,2021,1,15,15.0,量子通信与安全,量子通信与安全,量子密钥；量子比特；量子计算；量子计算机,1,0,0,0,量子通信与安全,量子通信与安全,较高相关企业
司法鉴定科学研究院,上海; 31,2022,2022,1,5,5.0,量子计算,量子计算系统,qubit,0,1,0,0,量子计算系统,量子计算,候选/待复核企业
合肥先端晶体科技有限责任公司,安徽; 34,2022,2022,1,6,6.0,量子传感,量子传感器/精密测量,NV色心；laser；光调制器；激光器；金刚石NV色心,0,1,0,0,量子传感器/精密测量,量子传感,候选/待复核企业
合肥合燃华润燃气有限公司,安徽; 34,2023,2023,1,5,5.0,量子通信与安全,量子通信与安全,量子密钥,0,1,0,0,量子通信与安全,量子通信与安全,候选/待复核企业
合肥圣达电子科技实业有限公司,安徽; 34,2023,2023,1,5,5.0,量子计算,量子计算系统,量子计算；量子计算机,0,1,0,0,量子计算系统,量子计算,候选/待复核企业
合肥宽特姆量子科技有限公司,安徽; 34,2021,2021,1,5,5.0,量子通信与安全,量子通信与安全,量子通信,0,1,0,0,量子通信与安全,量子通信与安全,候选/待复核企业
合肥工业大学,安徽; 34,2019,2023,15,90,6.0,量子传感；量子计算；量子通信与安全,量子计算系统；量子计量/时间频率/PNT候选；量子软件/算法/模拟；量子通信与安全,抗量子攻击；量子密钥；量子密钥分发；量子密钥分配；量子比特；量子算法；量子计算；量子计算机；量子通信；频率基准,2,11,0,2,量子通信与安全,量子通信与安全,核心量子企业
合肥师范学院,安徽; 34,2020,2020,1,5,5.0,量子传感,量子传感器/精密测量,磁光阱,0,1,0,0,量子传感器/精密测量,量子传感,候选/待复核企业
合肥幺正量子科技有限公司,安徽; 34,2023,2023,1,11,11.0,量子传感,量子计算系统,laser；lasers；qubit；qubits；光调制器；激光器；量子技术；量子比特,1,0,0,0,量子计算系统,量子传感,较高相关企业
合肥弈维量子科技有限公司,安徽; 34,2023,2023,1,5,5.0,量子计算,量子计算系统,量子电路,0,1,0,0,量子计算系统,量子计算,候选/待复核企业
合肥微观纪元数字科技有限公司,安徽; 34,2023,2023,1,9,9.0,量子计算,量子软件/算法/模拟,量子算法；量子计算,1,0,0,0,量子软件/算法/模拟,量子计算,较高相关企业
合肥本源量子计算科技有限责任公司,安徽; 34,2019,2023,279,3001,10.756272401433693,量子传感；量子计算；量子计算硬件；量子通信与安全,其他量子相关/待复核；量子计算硬件/量子芯片；量子计算系统；量子软件/算法/模拟；量子通信与安全,entanglement；fidelity；qubit；qubits；superposition；保真度；叠加态；稀释制冷机；自旋量子比特；超导量子比特；超导量子电路；超导量子芯片；量子信息；量子化学；量子叠加；量子处理器；量子并行；量子态；量子技术；量子机器学习；量子模拟；量子比特；量子电路；量子算法；量子纠缠；量子纠错；量子线路；量子网络；量子芯片；量子计算；量子计算机；量子门；门保真度,211,59,9,0,量子计算系统,量子计算,核心量子企业
合肥硅臻芯片技术有限公司,安徽; 34,2023,2023,6,36,6.0,量子传感；量子基础概念；量子计算；量子通信与安全,其他量子相关/待复核；量子计算系统；量子通信与安全,entanglement；laser；叠加态；激光器；量子信息；量子叠加；量子密钥；量子密钥分发；量子态；量子纠缠；量子计算,1,3,2,0,其他量子相关/待复核,量子通信与安全,核心量子企业
合肥量芯科技有限公司,安徽; 34,2020,2023,4,26,6.5,量子传感；量子通信与安全,其他量子相关/待复核；量子通信与安全,QKD；单光子探测器；量子信息；量子密钥；量子密钥分发；量子密钥分配,2,2,0,0,量子通信与安全,量子通信与安全,核心量子企业
吉林大学,吉林; 22,2019,2021,7,34,4.857142857142857,量子传感；量子基础概念；量子通信与安全,其他量子相关/待复核；量子传感器/精密测量；量子通信与安全,MOT；量子传感；量子传感器；量子态；量子通信,0,6,1,0,量子传感器/精密测量,量子传感,核心量子企业
吉林工程技术师范学院,吉林; 22,2019,2021,3,20,6.666666666666667,量子通信与安全,量子通信与安全,量子密钥；量子通信,1,2,0,0,量子通信与安全,量子通信与安全,核心量子企业
吉林省意昂农业集团有限公司,吉林; 22,2023,2023,1,5,5.0,量子传感,其他量子相关/待复核,量子技术,0,1,0,0,其他量子相关/待复核,量子传感,候选/待复核企业
同济大学,上海; 31,2021,2021,3,15,5.0,量子传感,量子传感器/精密测量,MOT,0,3,0,0,量子传感器/精密测量,量子传感,较高相关企业
吴宁飞,江苏; 32,2019,2019,1,5,5.0,量子计算,量子计算系统,量子计算,0,1,0,0,量子计算系统,量子计算,候选/待复核企业
哈尔滨工业大学,黑龙江; 23,2019,2023,23,147,6.391304347826087,量子传感；量子基础概念；量子计算；量子通信与安全,上游材料与核心部件；其他量子相关/待复核；量子传感器/精密测量；量子计算系统；量子通信与安全,NV色心；QKD；entanglement；laser；光调制器；冷原子干涉；单光子探测器；原子干涉；叠加态；激光器；量子保密通信；量子密钥；量子密钥分发；量子态；量子计算；量子通信；金刚石NV色心,5,17,1,0,量子通信与安全,量子通信与安全,核心量子企业
哈尔滨工业大学(深圳),广东; 44,2019,2022,3,25,8.333333333333334,量子计算；量子通信与安全,量子计算系统；量子通信与安全,QKD；量子密钥；量子密钥分发；量子比特；量子计算；量子计算机,2,1,0,0,量子通信与安全,量子通信与安全,核心量子企业
哈尔滨工业大学(深圳)(哈尔滨工业大学深圳科技创新研究院),广东; 44,2021,2021,1,5,5.0,量子通信与安全,量子通信与安全,抗量子攻击,0,1,0,0,量子通信与安全,量子通信与安全,候选/待复核企业
哈尔滨工程大学,黑龙江; 23,2019,2021,9,41,4.555555555555555,量子传感；量子基础概念；量子计算,其他量子相关/待复核；量子传感器/精密测量；量子计算系统,MOT；NV色心；qubit；原子干涉；量子态；量子计算；量子计算机,0,5,4,0,其他量子相关/待复核,量子基础概念,核心量子企业
哈尔滨理工大学,黑龙江; 23,2022,2022,1,3,3.0,量子传感,量子计量/时间频率/PNT候选,频率基准,0,0,0,1,量子计量/时间频率/PNT候选,量子传感,候选/待复核企业
哥本哈根大学,丹麦; DK,2019,2019,1,5,5.0,量子计算,量子计算系统,qubit,0,1,0,0,量子计算系统,量子计算,候选/待复核企业
商升特公司,美国; US,2020,2020,1,3,3.0,量子传感,量子计量/时间频率/PNT候选,频率基准,0,0,0,1,量子计量/时间频率/PNT候选,量子传感,候选/待复核企业
嘉兴学院,浙江; 33,2020,2020,2,6,3.0,量子基础概念,其他量子相关/待复核,叠加态；量子纠缠,0,0,2,0,其他量子相关/待复核,量子基础概念,候选/待复核企业
四川元匠科技有限公司,四川; 51,2021,2021,2,14,7.0,量子计算,量子计算系统；量子软件/算法/模拟,量子电路；量子算法；量子计算；量子门,1,0,1,0,量子软件/算法/模拟,量子计算,较高相关企业
四川大学,四川; 51,2019,2023,10,73,7.3,量子传感；量子基础概念；量子计算；量子通信与安全,其他量子相关/待复核；量子传感器/精密测量；量子计算系统；量子计量/时间频率/PNT候选；量子通信与安全,MOT；QKD；qubit；qubits；superposition；叠加态；量子叠加；量子密钥；量子技术；量子比特；量子测量；量子电路；量子纠缠；量子线路；量子计算；量子计算机；量子门；频率基准；频率标准,3,4,1,2,量子计算系统,量子传感,核心量子企业
四川师范大学,四川; 51,2019,2019,1,4,4.0,量子基础概念,其他量子相关/待复核,量子态,0,0,1,0,其他量子相关/待复核,量子基础概念,候选/待复核企业
四川灵通电讯有限公司,四川; 51,2021,2021,1,10,10.0,量子通信与安全,量子通信与安全,量子密钥；量子密钥分发；量子比特,1,0,0,0,量子通信与安全,量子通信与安全,较高相关企业
四川航天系统工程研究所,四川; 51,2020,2020,1,8,8.0,量子通信与安全,量子通信与安全,单光子探测器；量子密钥；量子密钥分发,1,0,0,0,量子通信与安全,量子通信与安全,较高相关企业
四川质谱生物科技有限公司,四川; 51,2023,2023,1,5,5.0,量子计算硬件,量子计算硬件/量子芯片,离子阱,0,1,0,0,量子计算硬件/量子芯片,量子计算硬件,候选/待复核企业
四川轻化工大学,四川; 51,2021,2021,1,10,10.0,量子通信与安全,量子通信与安全,量子信息；量子密钥,1,0,0,0,量子通信与安全,量子通信与安全,较高相关企业
四川阿秒科技有限公司,四川; 51,2022,2022,1,3,3.0,量子传感,量子计量/时间频率/PNT候选,原子钟；频率标准,0,0,0,1,量子计量/时间频率/PNT候选,量子传感,候选/待复核企业
国仪量子(合肥)技术有限公司,安徽; 34,2019,2023,11,72,6.545454545454546,量子传感；量子基础概念；量子计算硬件,其他量子相关/待复核；量子传感器/精密测量；量子计算硬件/量子芯片；量子计算系统,NV色心；laser；激光器；离子阱；量子传感；量子传感器；量子信息；量子态；量子芯片；量子计算；量子计算机；金刚石NV色心,3,7,1,0,量子传感器/精密测量,量子传感,核心量子企业
国家电网有限公司,北京; 11,2019,2021,2,10,5.0,量子通信与安全,量子通信与安全,量子密钥；量子密钥分发,0,2,0,0,量子通信与安全,量子通信与安全,较高相关企业
国家电网有限公司信息通信分公司,北京; 11,2022,2022,2,20,10.0,量子通信与安全,量子通信与安全,QKD；量子密钥；量子密钥分发；量子通信,2,0,0,0,量子通信与安全,量子通信与安全,核心量子企业
国家能源投资集团有限责任公司,北京; 11,2019,2022,2,10,5.0,量子传感,量子传感器/精密测量,MOT,0,2,0,0,量子传感器/精密测量,量子传感,较高相关企业
国家计算机网络与信息安全管理中心,北京; 11,2021,2021,1,5,5.0,量子通信与安全,量子通信与安全,抗量子攻击,0,1,0,0,量子通信与安全,量子通信与安全,候选/待复核企业
国开启科量子技术(北京)有限公司,北京; 11,2020,2023,55,445,8.090909090909092,量子传感；量子计算；量子计算硬件；量子通信与安全,其他量子相关/待复核；量子计算硬件/量子芯片；量子计算系统；量子软件/算法/模拟；量子通信与安全,QKD；laser；lasers；qubit；qubits；单光子探测器；叠加态；激光器；离子阱；量子信息；量子信息技术；量子密钥；量子密钥分发；量子态；量子技术；量子模拟；量子比特；量子电路；量子算法；量子线路；量子计算；量子通信,17,38,0,0,量子通信与安全,量子通信与安全,核心量子企业
国开启科量子技术(安徽)有限公司,安徽; 34,2023,2023,5,46,9.2,量子计算；量子计算硬件,量子计算硬件/量子芯片；量子计算系统,qubit；qubits；单光子探测器；囚禁离子；离子阱；量子比特；量子电路；量子计算,4,1,0,0,量子计算系统,量子计算,核心量子企业
国科量子通信网络有限公司,上海; 31,2019,2022,34,299,8.794117647058824,量子通信与安全,量子通信与安全,QKD；laser；单光子探测器；后量子密码；抗量子攻击；激光器；量子保密通信；量子安全通信；量子密钥；量子密钥分发；量子密钥分配；量子态；量子网络；量子计算；量子计算机；量子通信,17,17,0,0,量子通信与安全,量子通信与安全,核心量子企业
国科量子通信网络有限公司,广东; 44,2021,2021,1,10,10.0,量子通信与安全,量子通信与安全,量子密钥；量子技术,1,0,0,0,量子通信与安全,量子通信与安全,较高相关企业
国立研究开发法人科学技术振兴机构,日本; JP,2021,2022,2,46,23.0,量子计算硬件；量子通信与安全,量子计算硬件/量子芯片；量子通信与安全,entanglement；超导量子比特；超导量子电路；量子比特；量子电路；量子纠缠；量子网络；量子计算；量子计算机,2,0,0,0,量子计算硬件/量子芯片,量子计算硬件,核心量子企业
国网信息通信产业集团有限公司,北京; 11,2023,2023,1,3,3.0,量子传感,量子计量/时间频率/PNT候选,频率标准,0,0,0,1,量子计量/时间频率/PNT候选,量子传感,候选/待复核企业
国网信通亿力科技有限责任公司,福建; 35,2019,2019,1,5,5.0,量子通信与安全,量子通信与安全,量子密钥；量子密钥分发,0,1,0,0,量子通信与安全,量子通信与安全,候选/待复核企业
国网内蒙古东部电力有限公司信息通信分公司,内蒙古; 15,2019,2019,2,21,10.5,量子通信与安全,量子通信与安全,QKD；superposition；叠加态；量子叠加；量子态；量子比特；量子通信,1,1,0,0,量子通信与安全,量子通信与安全,核心量子企业
国网吉林省电力有限公司通化供电公司,吉林; 22,2023,2023,1,4,4.0,量子基础概念,其他量子相关/待复核,量子态,0,0,1,0,其他量子相关/待复核,量子基础概念,候选/待复核企业
国网天津市电力公司电力科学研究院,天津; 12,2023,2023,3,20,6.666666666666667,量子通信与安全,量子通信与安全,量子中继；量子密钥；量子密钥分发,1,2,0,0,量子通信与安全,量子通信与安全,核心量子企业
国网安徽省电力有限公司电力科学研究院,安徽; 34,2021,2023,6,45,7.5,量子传感,量子传感器/精密测量,NV色心；laser；量子传感；量子传感器；量子精密测量；金刚石NV色心,2,4,0,0,量子传感器/精密测量,量子传感,核心量子企业
国网山东省电力公司临沂供电公司,山东; 37,2022,2022,1,5,5.0,量子通信与安全,量子通信与安全,量子密钥,0,1,0,0,量子通信与安全,量子通信与安全,候选/待复核企业
国网山东省电力公司信息通信公司,山东; 37,2019,2021,2,13,6.5,量子传感；量子通信与安全,量子计量/时间频率/PNT候选；量子通信与安全,原子钟；量子密钥；量子通信；铯原子钟,1,0,0,1,量子通信与安全,量子通信与安全,较高相关企业
国网山东省电力公司电力科学研究院,山东; 37,2019,2019,1,3,3.0,量子传感,量子计量/时间频率/PNT候选,频率标准,0,0,0,1,量子计量/时间频率/PNT候选,量子传感,候选/待复核企业
国网山东省电力公司菏泽供电公司,山东; 37,2020,2020,1,5,5.0,量子计算,量子计算系统,量子比特,0,1,0,0,量子计算系统,量子计算,候选/待复核企业
国网山西省电力公司临汾供电公司,山西; 14,2023,2023,1,3,3.0,量子传感,量子计量/时间频率/PNT候选,频率基准,0,0,0,1,量子计量/时间频率/PNT候选,量子传感,候选/待复核企业
国网新疆电力有限公司信息通信公司,新疆; 65,2021,2022,2,30,15.0,量子通信与安全,量子通信与安全,QKD；量子保密通信；量子密钥；量子密钥分发；量子密钥分配；量子比特；量子网络；量子通信,2,0,0,0,量子通信与安全,量子通信与安全,核心量子企业
国网江苏省电力有限公司南京供电分公司,江苏; 32,2019,2019,2,14,7.0,量子计算；量子通信与安全,量子计算系统；量子通信与安全,量子密钥；量子密钥分配；量子态；量子比特,1,1,0,0,量子计算系统,量子计算,较高相关企业
国网河南省电力公司焦作供电公司,河南; 41,2019,2019,1,3,3.0,量子传感,量子计量/时间频率/PNT候选,原子钟；铷原子钟,0,0,0,1,量子计量/时间频率/PNT候选,量子传感,候选/待复核企业
国网浙江杭州市萧山区供电有限公司,浙江; 33,2023,2023,1,5,5.0,量子通信与安全,量子通信与安全,量子密钥,0,1,0,0,量子通信与安全,量子通信与安全,候选/待复核企业
国网浙江省电力有限公司宁波供电公司,浙江; 33,2022,2022,1,5,5.0,量子通信与安全,量子通信与安全,量子密钥；量子密钥分发,0,1,0,0,量子通信与安全,量子通信与安全,候选/待复核企业
国网浙江省电力有限公司杭州供电公司,浙江; 33,2021,2023,4,20,5.0,量子通信与安全,量子通信与安全,量子密钥,0,4,0,0,量子通信与安全,量子通信与安全,核心量子企业
国网浙江省电力有限公司绍兴供电公司,浙江; 33,2021,2021,2,10,5.0,量子通信与安全,量子通信与安全,量子密钥,0,2,0,0,量子通信与安全,量子通信与安全,较高相关企业
国网浙江省电力有限公司绍兴市上虞区供电公司,浙江; 33,2022,2022,1,5,5.0,量子通信与安全,量子通信与安全,量子密钥；量子密钥分发,0,1,0,0,量子通信与安全,量子通信与安全,候选/待复核企业
国网浙江省电力有限公司金华供电公司,浙江; 33,2021,2021,2,10,5.0,量子通信与安全,量子通信与安全,量子密钥；量子网络,0,2,0,0,量子通信与安全,量子通信与安全,较高相关企业
国网湖北省电力有限公司,湖北; 42,2023,2023,1,3,3.0,量子传感,量子计量/时间频率/PNT候选,频率基准,0,0,0,1,量子计量/时间频率/PNT候选,量子传感,候选/待复核企业
国网湖北省电力有限公司电力科学研究院,湖北; 42,2019,2019,1,3,3.0,量子传感,量子计量/时间频率/PNT候选,原子钟；铷原子钟,0,0,0,1,量子计量/时间频率/PNT候选,量子传感,候选/待复核企业
国网湖南省电力有限公司,湖南; 43,2021,2021,1,5,5.0,量子通信与安全,量子通信与安全,量子密钥；量子密钥分配,0,1,0,0,量子通信与安全,量子通信与安全,候选/待复核企业
国网甘肃省电力公司信息通信公司,甘肃; 62,2019,2019,2,25,12.5,量子基础概念；量子通信与安全,其他量子相关/待复核；量子通信与安全,QKD；entanglement；量子信息；量子密钥；量子态；量子纠缠；量子网络,1,0,1,0,量子通信与安全,量子通信与安全,核心量子企业
国网电力信息通信有限公司,北京; 11,2020,2020,2,13,6.5,量子通信与安全,量子通信与安全,QKD；单光子探测器；量子密钥；量子密钥分发,1,1,0,0,量子通信与安全,量子通信与安全,较高相关企业
国网电子商务有限公司,北京; 11,2021,2021,1,5,5.0,量子通信与安全,量子通信与安全,量子密钥,0,1,0,0,量子通信与安全,量子通信与安全,候选/待复核企业
国网福建省电力有限公司,福建; 35,2020,2022,3,15,5.0,量子通信与安全,量子通信与安全,QKD；量子密钥；量子密钥分发,0,3,0,0,量子通信与安全,量子通信与安全,较高相关企业
国网福建省电力有限公司信息通信分公司,福建; 35,2021,2022,3,25,8.333333333333334,量子通信与安全,量子通信与安全,QKD；量子保密通信；量子密钥；量子密钥分发；量子测量,2,1,0,0,量子通信与安全,量子通信与安全,核心量子企业
国网辽宁省电力有限公司丹东供电公司,辽宁; 21,2023,2023,1,10,10.0,量子计算,量子计算系统,qubit；qubits；量子比特；量子计算,1,0,0,0,量子计算系统,量子计算,较高相关企业
国网辽宁省电力有限公司大连供电公司,辽宁; 21,2022,2022,1,3,3.0,量子传感,量子计量/时间频率/PNT候选,频率基准,0,0,0,1,量子计量/时间频率/PNT候选,量子传感,候选/待复核企业
国际商业机器公司,美国; US,2019,2022,44,338,7.681818181818182,量子传感；量子计算；量子计算硬件；量子通信与安全,量子计算硬件/量子芯片；量子计算系统；量子软件/算法/模拟；量子通信与安全,cryostat；laser；qubit；qubits；superposition；低温恒温器；离子阱；稀释制冷机；超导量子比特；超导量子电路；量子优化；量子信息；量子叠加；量子处理器；量子态；量子比特；量子电路；量子算法；量子纠缠；量子计算；量子计算机；量子通信；量子门,20,23,1,0,量子计算系统,量子计算,核心量子企业
埃因霍温科技大学,荷兰; NL,2021,2021,1,6,6.0,量子传感,量子传感器/精密测量,laser；激光器；磁光阱,0,1,0,0,量子传感器/精密测量,量子传感,候选/待复核企业
埃森哲环球解决方案有限公司,爱尔兰; IE,2020,2020,1,5,5.0,量子计算,量子计算系统,量子计算,0,1,0,0,量子计算系统,量子计算,候选/待复核企业
塞莫费雪科学(不来梅)有限公司,德国; DE,2019,2020,4,20,5.0,量子计算硬件,量子计算硬件/量子芯片,离子阱,0,4,0,0,量子计算硬件/量子芯片,量子计算硬件,核心量子企业
复旦大学,上海; 31,2019,2022,5,35,7.0,量子传感；量子计算硬件,量子传感器/精密测量；量子计算硬件/量子芯片,NV色心；laser；保真度；光调制器；原子干涉；激光器；离子阱；量子传感,1,4,0,0,量子传感器/精密测量,量子传感,核心量子企业
大众汽车股份公司,德国; DE,2021,2021,1,5,5.0,量子传感,量子传感器/精密测量,MOT,0,1,0,0,量子传感器/精密测量,量子传感,候选/待复核企业
大连海事大学,辽宁; 21,2019,2019,1,5,5.0,量子计算,量子计算系统,量子比特,0,1,0,0,量子计算系统,量子计算,候选/待复核企业
大连理工大学,辽宁; 21,2020,2021,3,11,3.6666666666666665,量子传感,量子传感器/精密测量；量子计量/时间频率/PNT候选,MOT；频率基准；频率标准,0,1,0,2,量子计量/时间频率/PNT候选,量子传感,较高相关企业
大连理工江苏研究院有限公司,江苏; 32,2021,2021,1,5,5.0,量子通信与安全,量子通信与安全,量子通信,0,1,0,0,量子通信与安全,量子通信与安全,候选/待复核企业
大陆汽车有限公司,德国; DE,2019,2019,1,5,5.0,量子传感,量子传感器/精密测量,MOT,0,1,0,0,量子传感器/精密测量,量子传感,候选/待复核企业
天地伟业技术有限公司,天津; 12,2020,2020,1,5,5.0,量子传感,量子传感器/精密测量,MOT,0,1,0,0,量子传感器/精密测量,量子传感,候选/待复核企业
天工量信(苏州)科技发展有限公司,江苏; 32,2022,2022,1,13,13.0,量子计算,量子软件/算法/模拟,量子态；量子算法；量子计算；量子计算机,1,0,0,0,量子软件/算法/模拟,量子计算,较高相关企业
天府兴隆湖实验室,四川; 51,2023,2023,1,10,10.0,量子计算,量子软件/算法/模拟,量子模拟；量子计算,1,0,0,0,量子软件/算法/模拟,量子计算,较高相关企业
天水师范学院,甘肃; 62,2021,2021,1,6,6.0,量子传感,量子传感器/精密测量,laser；冷原子干涉；原子干涉；磁光阱,0,1,0,0,量子传感器/精密测量,量子传感,候选/待复核企业
天津七一二通信广播股份有限公司,天津; 12,2020,2020,1,3,3.0,量子传感,量子计量/时间频率/PNT候选,原子钟,0,0,0,1,量子计量/时间频率/PNT候选,量子传感,候选/待复核企业
天津中医药大学,天津; 12,2022,2022,2,10,5.0,量子计算硬件,量子计算硬件/量子芯片,离子阱,0,2,0,0,量子计算硬件/量子芯片,量子计算硬件,较高相关企业
天津华慧芯科技集团有限公司,天津; 12,2020,2020,1,5,5.0,量子通信与安全,量子通信与安全,量子密钥；量子密钥分发,0,1,0,0,量子通信与安全,量子通信与安全,候选/待复核企业
天津大学,天津; 12,2019,2021,5,20,4.0,量子传感；量子基础概念,其他量子相关/待复核；量子传感器/精密测量；量子计量/时间频率/PNT候选,叠加态；量子态；量子测量；量子纠缠；频率基准,0,1,3,1,其他量子相关/待复核,量子基础概念,核心量子企业
天津市城市规划设计研究总院有限公司,天津; 12,2022,2023,2,15,7.5,量子通信与安全,量子通信与安全,量子信息；量子密钥；量子密钥分发,1,1,0,0,量子通信与安全,量子通信与安全,较高相关企业
天津师范大学,天津; 12,2021,2021,1,3,3.0,量子传感,量子计量/时间频率/PNT候选,频率标准,0,0,0,1,量子计量/时间频率/PNT候选,量子传感,候选/待复核企业
天翼物联科技有限公司,广东; 44,2022,2022,1,5,5.0,量子通信与安全,量子通信与安全,量子密钥,0,1,0,0,量子通信与安全,量子通信与安全,候选/待复核企业
太原师范学院,山西; 14,2020,2020,2,15,7.5,量子传感,上游材料与核心部件；其他量子相关/待复核,entanglement；laser；激光器；量子信息,0,2,0,0,上游材料与核心部件,量子传感,较高相关企业
太原理工大学,山西; 14,2019,2021,8,57,7.125,量子传感；量子基础概念；量子计算；量子计算硬件；量子通信与安全,其他量子相关/待复核；量子传感器/精密测量；量子计算硬件/量子芯片；量子计算系统；量子通信与安全,laser；光调制器；光量子计算；单光子探测器；激光器；磁光阱；量子信息；量子态；量子芯片；量子计算；量子通信,3,3,2,0,量子通信与安全,量子通信与安全,核心量子企业
奥为电子科技(南京)有限公司,江苏; 32,2020,2020,1,6,6.0,量子传感,量子传感器/精密测量,NV色心；laser；金刚石NV色心,0,1,0,0,量子传感器/精密测量,量子传感,候选/待复核企业
奥兰治,法国; FR,2020,2020,1,3,3.0,量子传感,量子计量/时间频率/PNT候选,频率标准,0,0,0,1,量子计量/时间频率/PNT候选,量子传感,候选/待复核企业
如般量子科技有限公司,浙江; 33,2019,2022,130,895,6.884615384615385,量子计算；量子通信与安全,量子计算系统；量子通信与安全,QKD；量子保密通信；量子密钥；量子密钥分发；量子计算；量子计算机；量子通信,43,87,0,0,量子计算系统,量子计算,核心量子企业
季华实验室,广东; 44,2022,2022,1,5,5.0,量子通信与安全,量子通信与安全,量子通信,0,1,0,0,量子通信与安全,量子通信与安全,候选/待复核企业
宁波大学,浙江; 33,2019,2022,4,23,5.75,量子计算硬件,量子计算硬件/量子芯片,囚禁离子；离子阱；超高真空,1,3,0,0,量子计算硬件/量子芯片,量子计算硬件,核心量子企业
安庆师范大学,安徽; 34,2023,2023,3,24,8.0,量子通信与安全,量子通信与安全,laser；量子密钥；量子密钥分发；量子态,2,1,0,0,量子通信与安全,量子通信与安全,核心量子企业
安徽一视科技有限公司,安徽; 34,2021,2021,1,5,5.0,量子传感,量子传感器/精密测量,MOT,0,1,0,0,量子传感器/精密测量,量子传感,候选/待复核企业
安徽中科锟铻量子工业互联网有限公司,安徽; 34,2023,2023,1,9,9.0,量子通信与安全,量子通信与安全,量子态；量子通信,1,0,0,0,量子通信与安全,量子通信与安全,较高相关企业
安徽华典大数据科技有限公司,安徽; 34,2020,2023,4,27,6.75,量子传感；量子计算；量子通信与安全,量子计算系统；量子通信与安全,superposition；量子信息；量子密钥；量子密钥分发；量子计算,1,3,0,0,量子计算系统,量子通信与安全,核心量子企业
安徽国盾量子云数据技术有限公司,安徽; 34,2022,2022,1,5,5.0,量子通信与安全,量子通信与安全,量子密钥,0,1,0,0,量子通信与安全,量子通信与安全,候选/待复核企业
安徽大学,安徽; 34,2019,2021,7,44,6.285714285714286,量子传感；量子基础概念；量子计算；量子通信与安全,其他量子相关/待复核；量子计算系统；量子通信与安全,抗量子攻击；量子信息；量子密钥；量子密钥分发；量子纠缠；量子计算；量子计算机；量子通信,2,4,1,0,量子计算系统,量子计算,核心量子企业
安徽师范大学,安徽; 34,2019,2019,1,5,5.0,量子计算,量子计算系统,量子计算,0,1,0,0,量子计算系统,量子计算,候选/待复核企业
安徽建筑大学,安徽; 34,2019,2019,1,3,3.0,量子传感,量子计量/时间频率/PNT候选,频率标准,0,0,0,1,量子计量/时间频率/PNT候选,量子传感,候选/待复核企业
安徽澄小光智能科技有限公司,安徽; 34,2021,2021,1,5,5.0,量子通信与安全,量子通信与安全,量子保密通信,0,1,0,0,量子通信与安全,量子通信与安全,候选/待复核企业
安徽玖邦驱动科技有限公司,安徽; 34,2022,2022,1,4,4.0,量子基础概念,其他量子相关/待复核,叠加态,0,0,1,0,其他量子相关/待复核,量子基础概念,候选/待复核企业
安徽白鹭电子科技有限公司,安徽; 34,2022,2022,1,3,3.0,量子传感,量子计量/时间频率/PNT候选,原子钟,0,0,0,1,量子计量/时间频率/PNT候选,量子传感,候选/待复核企业
安徽皖通邮电股份有限公司,安徽; 34,2019,2019,1,5,5.0,量子通信与安全,量子通信与安全,QKD；量子密钥；量子密钥分发,0,1,0,0,量子通信与安全,量子通信与安全,候选/待复核企业
安徽省国盛量子科技有限公司,安徽; 34,2021,2023,21,183,8.714285714285714,量子传感,量子传感器/精密测量,NV色心；laser；激光器；量子传感；量子传感器；量子技术；量子精密测量；金刚石NV色心,12,8,1,0,量子传感器/精密测量,量子传感,核心量子企业
安徽省地震局,安徽; 34,2020,2020,1,17,17.0,量子传感,量子计算系统,entanglement；量子信息；量子比特；量子计算,1,0,0,0,量子计算系统,量子传感,较高相关企业
安徽省大数据中心,安徽; 34,2023,2023,1,5,5.0,量子通信与安全,量子通信与安全,QKD；量子密钥；量子密钥分发,0,1,0,0,量子通信与安全,量子通信与安全,候选/待复核企业
安徽省太微量子科技有限公司,安徽; 34,2022,2022,1,5,5.0,量子计算硬件,量子计算硬件/量子芯片,离子阱,0,1,0,0,量子计算硬件/量子芯片,量子计算硬件,候选/待复核企业
安徽科技学院,安徽; 34,2020,2020,1,10,10.0,量子通信与安全,量子通信与安全,量子密钥；量子密钥分发；量子通信,1,0,0,0,量子通信与安全,量子通信与安全,较高相关企业
安徽科达自动化集团股份有限公司,安徽; 34,2022,2022,1,3,3.0,量子传感,量子计量/时间频率/PNT候选,原子钟,0,0,0,1,量子计量/时间频率/PNT候选,量子传感,候选/待复核企业
安徽继远软件有限公司,安徽; 34,2019,2019,3,29,9.666666666666666,量子通信与安全,量子通信与安全,量子保密通信；量子密钥；量子密钥分发；量子态；量子比特,3,0,0,0,量子通信与安全,量子通信与安全,核心量子企业
安徽量安通信息科技有限公司,安徽; 34,2021,2021,1,5,5.0,量子通信与安全,量子通信与安全,量子密钥,0,1,0,0,量子通信与安全,量子通信与安全,候选/待复核企业
安徽问天量子科技股份有限公司,安徽; 34,2019,2022,12,82,6.833333333333333,量子计算；量子通信与安全,量子计算系统；量子通信与安全,QKD；entanglement；fidelity；laser；保真度；激光器；量子保密通信；量子安全通信；量子密钥；量子密钥分发；量子密钥分配；量子态；量子纠缠；量子通信,4,8,0,0,量子通信与安全,量子通信与安全,核心量子企业
安徽鲲腾量子科技有限公司,安徽; 34,2023,2023,1,11,11.0,量子传感,量子传感器/精密测量,entanglement；laser；单光子探测器；激光器；量子精密测量,0,1,0,0,量子传感器/精密测量,量子传感,较高相关企业
宿迁学院,江苏; 32,2020,2020,4,57,14.25,量子传感；量子计算,量子传感器/精密测量；量子计算系统,NV色心；fidelity；保真度；物理量子比特；逻辑量子比特；量子信息；量子信息技术；量子比特；量子电路；量子计算；金刚石NV色心,3,1,0,0,量子计算系统,量子计算,核心量子企业
富士通株式会社,日本; JP,2020,2020,1,5,5.0,量子计算,量子计算系统,量子比特,0,1,0,0,量子计算系统,量子计算,候选/待复核企业
尼克拉斯·约翰松,瑞典; SE,2020,2020,1,5,5.0,量子计算,量子计算系统,量子门,0,1,0,0,量子计算系统,量子计算,候选/待复核企业
山东国迅量子芯科技有限公司,山东; 37,2021,2021,4,21,5.25,量子通信与安全,量子通信与安全,laser；激光器；量子密钥；量子密钥分发；量子通信,0,4,0,0,量子通信与安全,量子通信与安全,核心量子企业
山东大学,山东; 37,2019,2022,5,31,6.2,量子传感；量子计算；量子通信与安全,其他量子相关/待复核；量子计算系统；量子通信与安全,后量子密码；激光器；量子信息；量子安全通信；量子芯片；量子计算；量子计算机；量子通信,1,4,0,0,量子计算系统,量子计算,核心量子企业
山东师范大学,山东; 37,2019,2021,2,6,3.0,量子传感,量子计量/时间频率/PNT候选,原子钟,0,0,0,2,量子计量/时间频率/PNT候选,量子传感,候选/待复核企业
山东建筑大学,山东; 37,2020,2022,2,10,5.0,量子通信与安全,量子通信与安全,抗量子攻击；量子通信,0,2,0,0,量子通信与安全,量子通信与安全,较高相关企业
山东晶大光电科技有限公司,山东; 37,2023,2023,1,26,26.0,量子传感,量子软件/算法/模拟,entanglement；qubits；叠加态；量子信息；量子态；量子比特；量子纠缠；量子纠错；量子计算；量子计算机,1,0,0,0,量子软件/算法/模拟,量子传感,核心量子企业
山东极光智能科技有限公司,山东; 37,2021,2021,1,5,5.0,量子通信与安全,量子通信与安全,量子通信,0,1,0,0,量子通信与安全,量子通信与安全,候选/待复核企业
山东浪潮人工智能研究院有限公司,山东; 37,2019,2019,1,10,10.0,量子通信与安全,量子通信与安全,QKD；量子通信,1,0,0,0,量子通信与安全,量子通信与安全,较高相关企业
山东浪潮科学研究院有限公司,山东; 37,2021,2022,5,40,8.0,量子计算；量子计算硬件,量子计算硬件/量子芯片；量子计算系统；量子软件/算法/模拟,超导量子比特；量子模拟；量子比特；量子计算；量子计算机；量子门,3,2,0,0,量子计算系统,量子计算,核心量子企业
山东海量信息技术研究院,山东; 37,2023,2023,3,36,12.0,量子计算,量子计算系统,qubit；qubits；量子态；量子比特；量子线路；量子芯片；量子计算,3,0,0,0,量子计算系统,量子计算,核心量子企业
山东理工大学,山东; 37,2019,2019,1,5,5.0,量子计算,量子计算系统,量子比特,0,1,0,0,量子计算系统,量子计算,候选/待复核企业
山东省计算中心(国家超级计算济南中心),山东; 37,2020,2020,1,5,5.0,量子计算,量子计算系统,量子计算；量子计算机,0,1,0,0,量子计算系统,量子计算,候选/待复核企业
山东科技大学,山东; 37,2019,2022,2,8,4.0,量子传感；量子计算,量子计算系统；量子计量/时间频率/PNT候选,原子钟；量子电路,0,1,0,1,量子计量/时间频率/PNT候选,量子传感,候选/待复核企业
山东英信计算机技术有限公司,山东; 37,2021,2021,2,24,12.0,量子计算；量子通信与安全,量子计算系统；量子通信与安全,量子态；量子比特；量子网络；量子计算,2,0,0,0,量子通信与安全,量子通信与安全,核心量子企业
山东越海通信科技股份有限公司,山东; 37,2021,2021,1,17,17.0,量子通信与安全,量子通信与安全,entanglement；laser；激光器；量子态；量子比特；量子纠缠；量子通信,1,0,0,0,量子通信与安全,量子通信与安全,较高相关企业
山东量子科学技术研究院有限公司,山东; 37,2019,2021,11,80,7.2727272727272725,量子通信与安全,量子通信与安全,QKD；量子保密通信；量子密钥；量子密钥分发；量子密钥分配；量子网络；量子通信,5,6,0,0,量子通信与安全,量子通信与安全,核心量子企业
山东金麒麟股份有限公司,山东; 37,2020,2020,1,5,5.0,量子传感,量子传感器/精密测量,MOT,0,1,0,0,量子传感器/精密测量,量子传感,候选/待复核企业
山东高速建设管理集团有限公司,山东; 37,2023,2023,4,28,7.0,量子基础概念；量子通信与安全,其他量子相关/待复核；量子通信与安全,量子密钥；量子密钥分发；量子态；量子比特；量子纠缠；量子门,1,1,2,0,量子通信与安全,量子通信与安全,核心量子企业
山西医科大学,山西; 14,2019,2019,1,15,15.0,量子传感,量子传感器/精密测量,MOT；激光器；磁光阱；量子相干；量子精密测量,1,0,0,0,量子传感器/精密测量,量子传感,较高相关企业
山西大学,山西; 14,2019,2023,29,226,7.793103448275862,量子传感；量子基础概念；量子通信与安全,上游材料与核心部件；其他量子相关/待复核；量子传感器/精密测量；量子计量/时间频率/PNT候选；量子通信与安全,QKD；entanglement；laser；光调制器；单光子探测器；原子钟；激光器；磁光阱；超高真空；量子保密通信；量子信息；量子密钥；量子密钥分发；量子态；量子技术；量子模拟；量子测量；量子相干；量子精密测量；量子纠缠；量子网络；量子计算；量子通信；频率基准；频率标准,11,10,5,3,量子通信与安全,量子传感,核心量子企业
巴黎矿业电信学院,法国; FR,2019,2019,1,11,11.0,量子通信与安全,量子通信与安全,QKD；laser；lasers；激光器；量子信息；量子密钥；量子密钥分发,1,0,0,0,量子通信与安全,量子通信与安全,较高相关企业
常州大连理工大学智能装备研究院,江苏; 32,2021,2021,1,5,5.0,量子通信与安全,量子通信与安全,量子通信,0,1,0,0,量子通信与安全,量子通信与安全,候选/待复核企业
广东产品质量监督检验研究院(国家质量技术监督局广州电气安全检验所、广东省试验认证研究院、华安实验室),广东; 44,2021,2022,3,15,5.0,量子计算硬件,量子计算硬件/量子芯片,离子阱,0,3,0,0,量子计算硬件/量子芯片,量子计算硬件,较高相关企业
广东国盾量子科技有限公司,广东; 44,2019,2020,5,45,9.0,量子通信与安全,量子通信与安全,量子密钥；量子密钥分发；量子技术；量子网络；量子通信,3,2,0,0,量子通信与安全,量子通信与安全,核心量子企业
广东国科量子通信网络有限公司,广东; 44,2020,2022,2,15,7.5,量子通信与安全,量子通信与安全,量子密钥；量子密钥分发；量子网络,1,1,0,0,量子通信与安全,量子通信与安全,较高相关企业
广东国腾量子科技有限公司,广东; 44,2020,2022,22,162,7.363636363636363,量子通信与安全,量子通信与安全,QKD；laser；保真度；单光子探测器；激光器；量子保密通信；量子密钥；量子密钥分发；量子态；量子网络；量子芯片；量子通信,9,13,0,0,量子通信与安全,量子通信与安全,核心量子企业
广东威纳格科技有限公司,广东; 44,2023,2023,1,6,6.0,量子传感,量子传感器/精密测量,laser；原子干涉；原子干涉仪；磁光阱,0,1,0,0,量子传感器/精密测量,量子传感,候选/待复核企业
广东宇华智环科技有限公司,广东; 44,2022,2022,1,5,5.0,量子计算硬件,量子计算硬件/量子芯片,离子阱,0,1,0,0,量子计算硬件/量子芯片,量子计算硬件,候选/待复核企业
广东安证计算机司法鉴定所,广东; 44,2023,2023,1,5,5.0,量子通信与安全,量子通信与安全,抗量子攻击,0,1,0,0,量子通信与安全,量子通信与安全,候选/待复核企业
广东工业大学,广东; 44,2019,2023,4,31,7.75,量子传感；量子计算；量子通信与安全,量子传感器/精密测量；量子计算系统；量子通信与安全,QKD；superposition；量子传感；量子叠加；量子密钥；量子密钥分配；量子计算；量子计算机；量子门,1,3,0,0,量子通信与安全,量子通信与安全,核心量子企业
广东广宇科技发展有限公司,广东; 44,2023,2023,10,50,5.0,量子通信与安全,量子通信与安全,量子密钥；量子密钥分发,0,10,0,0,量子通信与安全,量子通信与安全,核心量子企业
广东水利电力职业技术学院(广东省水利电力技工学校),广东; 44,2019,2020,2,22,11.0,量子通信与安全,量子通信与安全,QKD；entanglement；量子密钥；量子通信,2,0,0,0,量子通信与安全,量子通信与安全,核心量子企业
广东海洋大学,广东; 44,2023,2023,1,3,3.0,量子传感,量子计量/时间频率/PNT候选,频率标准,0,0,0,1,量子计量/时间频率/PNT候选,量子传感,候选/待复核企业
广东生益科技股份有限公司,广东; 44,2021,2021,1,5,5.0,量子传感,量子传感器/精密测量,MOT,0,1,0,0,量子传感器/精密测量,量子传感,候选/待复核企业
广东电网有限责任公司江门供电局,广东; 44,2022,2022,1,4,4.0,量子基础概念,其他量子相关/待复核,量子态,0,0,1,0,其他量子相关/待复核,量子基础概念,候选/待复核企业
广东电网有限责任公司计量中心,广东; 44,2021,2021,1,5,5.0,量子通信与安全,量子通信与安全,量子密钥,0,1,0,0,量子通信与安全,量子通信与安全,候选/待复核企业
广东省农业科学院环境园艺研究所,广东; 44,2021,2021,4,20,5.0,量子计算,量子计算系统,qubit,0,4,0,0,量子计算系统,量子计算,核心量子企业
广东省计量科学研究院(华南国家计量测试中心),广东; 44,2022,2023,4,34,8.5,量子传感,量子传感器/精密测量,laser；激光器；里德堡原子量子；量子传感；量子传感器；量子信息,2,2,0,0,量子传感器/精密测量,量子传感,核心量子企业
广东长盈科技股份有限公司,广东; 44,2019,2019,1,5,5.0,量子通信与安全,量子通信与安全,量子通信,0,1,0,0,量子通信与安全,量子通信与安全,候选/待复核企业
广东食品药品职业学院,广东; 44,2022,2022,1,5,5.0,量子通信与安全,量子通信与安全,量子通信,0,1,0,0,量子通信与安全,量子通信与安全,候选/待复核企业
广州市保伦电子有限公司,广东; 44,2022,2022,1,10,10.0,量子通信与安全,量子通信与安全,量子密钥；量子密钥分发；量子通信,1,0,0,0,量子通信与安全,量子通信与安全,较高相关企业
广州市城域信息科技有限公司,广东; 44,2023,2023,1,5,5.0,量子计算,量子计算系统,量子计算,0,1,0,0,量子计算系统,量子计算,候选/待复核企业
广州市食品检验所(广州市酒类检测中心),广东; 44,2021,2021,1,5,5.0,量子计算硬件,量子计算硬件/量子芯片,离子阱,0,1,0,0,量子计算硬件/量子芯片,量子计算硬件,候选/待复核企业
广州广电计量检测股份有限公司,广东; 44,2020,2020,2,6,3.0,量子传感,量子计量/时间频率/PNT候选,频率标准,0,0,0,2,量子计量/时间频率/PNT候选,量子传感,候选/待复核企业
广州放芯科技有限公司,广东; 44,2021,2021,1,9,9.0,量子传感,其他量子相关/待复核,叠加态；量子信息；量子态,1,0,0,0,其他量子相关/待复核,量子传感,较高相关企业
广州爱浦路网络技术有限公司,广东; 44,2022,2022,1,5,5.0,量子计算,量子计算系统,量子计算,0,1,0,0,量子计算系统,量子计算,候选/待复核企业
广州量子湾科技有限公司,广东; 44,2019,2019,1,5,5.0,量子计算,量子计算系统,量子芯片,0,1,0,0,量子计算系统,量子计算,候选/待复核企业
广西大学,广西; 45,2021,2023,9,86,9.555555555555555,量子计算；量子计算硬件；量子通信与安全,量子计算硬件/量子芯片；量子计算系统；量子软件/算法/模拟；量子通信与安全,laser；superposition；单光子探测器；叠加态；离子阱；量子密钥；量子密钥分发；量子并行；量子态；量子比特；量子相干；量子线路；量子计算；量子通信,6,3,0,0,量子计算系统,量子计算,核心量子企业
广西师范大学,广西; 45,2019,2019,1,5,5.0,量子计算,量子计算系统,量子比特,0,1,0,0,量子计算系统,量子计算,候选/待复核企业
广西民族大学,广西; 45,2019,2019,1,11,11.0,量子通信与安全,量子通信与安全,entanglement；量子态；量子纠缠；量子通信,1,0,0,0,量子通信与安全,量子通信与安全,较高相关企业
广西特色作物研究院,广西; 45,2022,2022,1,5,5.0,量子计算硬件,量子计算硬件/量子芯片,离子阱,0,1,0,0,量子计算硬件/量子芯片,量子计算硬件,候选/待复核企业
广西电网有限责任公司桂林供电局,广西; 45,2021,2021,1,3,3.0,量子传感,量子计量/时间频率/PNT候选,原子钟,0,0,0,1,量子计量/时间频率/PNT候选,量子传感,候选/待复核企业
广西科学院,广西; 45,2019,2019,1,5,5.0,量子计算硬件,量子计算硬件/量子芯片,离子阱,0,1,0,0,量子计算硬件/量子芯片,量子计算硬件,候选/待复核企业
库奥克斯有限公司,荷兰; NL,2021,2021,1,10,10.0,量子通信与安全,量子通信与安全,量子网络；量子计算,1,0,0,0,量子通信与安全,量子通信与安全,较高相关企业
康宁股份有限公司,美国; US,2019,2020,3,34,11.333333333333334,量子通信与安全,量子通信与安全,entanglement；lasers；激光器；稀土金属；量子中继；量子中继器；量子密钥；量子比特；量子通信,2,1,0,0,量子通信与安全,量子通信与安全,核心量子企业
廊坊易砚领创科技有限公司,河北; 13,2022,2022,1,3,3.0,量子传感,量子计量/时间频率/PNT候选,频率标准,0,0,0,1,量子计量/时间频率/PNT候选,量子传感,候选/待复核企业
建信金融科技有限责任公司,上海; 31,2020,2022,3,13,4.333333333333333,量子计算；量子通信与安全,量子软件/算法/模拟；量子通信与安全,后量子加密；抗量子加密；抗量子攻击；量子算法,0,1,2,0,量子软件/算法/模拟,量子计算,较高相关企业
微观纪元(合肥)量子科技有限公司,安徽; 34,2023,2023,2,10,5.0,量子计算,量子计算系统,qubits；量子比特,0,2,0,0,量子计算系统,量子计算,较高相关企业
微软技术许可有限责任公司,美国; US,2019,2019,3,30,10.0,量子计算；量子计算硬件,量子计算硬件/量子芯片；量子计算系统；量子软件/算法/模拟,qubits；拓扑量子计算；量子优化；量子机器学习；量子算法；量子计算；量子计算机,2,1,0,0,量子计算系统,量子计算,核心量子企业
德国尤里希研究中心,德国; DE,2021,2021,1,5,5.0,量子计算,量子计算系统,qubit,0,1,0,0,量子计算系统,量子计算,候选/待复核企业
德清阿尔法创新研究院,浙江; 33,2021,2021,1,5,5.0,量子传感,量子传感器/精密测量,MOT,0,1,0,0,量子传感器/精密测量,量子传感,候选/待复核企业
忻州师范学院,山西; 14,2019,2020,3,27,9.0,量子通信与安全,量子通信与安全,laser；光调制器；单光子探测器；激光器；量子通信,0,3,0,0,量子通信与安全,量子通信与安全,核心量子企业
成都世源频控技术股份有限公司,四川; 51,2022,2022,1,3,3.0,量子传感,量子计量/时间频率/PNT候选,频率基准,0,0,0,1,量子计量/时间频率/PNT候选,量子传感,候选/待复核企业
成都佳华物链云科技有限公司,四川; 51,2021,2021,1,5,5.0,量子计算,量子计算系统,量子计算,0,1,0,0,量子计算系统,量子计算,候选/待复核企业
成都信息工程大学,四川; 51,2019,2023,29,272,9.379310344827585,量子传感；量子基础概念；量子计算；量子通信与安全,其他量子相关/待复核；量子计算系统；量子通信与安全,QKD；entanglement；量子保密通信；量子信息；量子密钥；量子密钥分发；量子密钥分配；量子态；量子技术；量子比特；量子纠缠；量子网络；量子计算；量子计算机；量子通信；量子门,17,11,1,0,量子通信与安全,量子通信与安全,核心量子企业
成都同相科技有限公司,四川; 51,2019,2019,1,10,10.0,量子传感,量子计量/时间频率/PNT候选,原子钟；量子计算；量子计算机,1,0,0,0,量子计量/时间频率/PNT候选,量子传感,较高相关企业
成都天奥电子股份有限公司,四川; 51,2019,2022,8,34,4.25,量子传感,量子传感器/精密测量；量子计量/时间频率/PNT候选,光纤频率传递；光钟；冷原子钟；原子钟；磁光阱；超高真空；铷原子钟,0,1,0,7,量子计量/时间频率/PNT候选,量子传感,核心量子企业
成都洋湃科技有限公司,四川; 51,2022,2022,1,5,5.0,量子传感,量子传感器/精密测量,量子测量,0,1,0,0,量子传感器/精密测量,量子传感,候选/待复核企业
成都理工大学,四川; 51,2021,2022,2,9,4.5,量子传感；量子基础概念,其他量子相关/待复核；量子传感器/精密测量,MOT；量子态,0,1,1,0,量子传感器/精密测量,量子传感,候选/待复核企业
成都第三象限未来科技有限公司,四川; 51,2021,2021,1,4,4.0,量子基础概念,其他量子相关/待复核,叠加态,0,0,1,0,其他量子相关/待复核,量子基础概念,候选/待复核企业
成都西科微波通讯有限公司,四川; 51,2022,2022,1,3,3.0,量子传感,量子计量/时间频率/PNT候选,频率基准,0,0,0,1,量子计量/时间频率/PNT候选,量子传感,候选/待复核企业
成都诺森医学检验有限公司,四川; 51,2023,2023,1,5,5.0,量子计算,量子计算系统,qubit,0,1,0,0,量子计算系统,量子计算,候选/待复核企业
成都量子时频科技有限公司,四川; 51,2023,2023,3,9,3.0,量子传感,量子计量/时间频率/PNT候选,原子钟；铷原子钟,0,0,0,3,量子计量/时间频率/PNT候选,量子传感,候选/待复核企业
成都量安区块链科技有限公司,四川; 51,2019,2022,15,210,14.0,量子通信与安全,量子通信与安全,QKD；量子中继；量子传感；量子密钥；量子密钥分发；量子网络；量子通信,12,3,0,0,量子通信与安全,量子通信与安全,核心量子企业
成都金诺信高科技有限公司,四川; 51,2023,2023,1,3,3.0,量子传感,量子计量/时间频率/PNT候选,频率基准,0,0,0,1,量子计量/时间频率/PNT候选,量子传感,候选/待复核企业
成都零光量子科技有限公司,四川; 51,2019,2019,6,65,10.833333333333334,量子通信与安全,量子通信与安全,QKD；量子密钥；量子密钥分发；量子网络；量子通信,5,1,0,0,量子通信与安全,量子通信与安全,核心量子企业
扬州大学,江苏; 32,2021,2021,2,10,5.0,量子通信与安全,量子通信与安全,量子密钥；量子密钥分发,0,2,0,0,量子通信与安全,量子通信与安全,较高相关企业
探索数据科技(深圳)有限公司,广东; 44,2021,2021,1,3,3.0,量子传感,量子计量/时间频率/PNT候选,原子钟,0,0,0,1,量子计量/时间频率/PNT候选,量子传感,候选/待复核企业
支付宝(杭州)信息技术有限公司,浙江; 33,2021,2021,2,15,7.5,量子基础概念；量子计算,其他量子相关/待复核；量子计算系统,entanglement；叠加态；量子态；量子计算,1,0,1,0,其他量子相关/待复核,量子基础概念,较高相关企业
数字兵符(福州)科技有限公司,福建; 35,2021,2021,2,10,5.0,量子计算,量子计算系统,量子计算,0,2,0,0,量子计算系统,量子计算,较高相关企业
数据翼股份有限公司,美国; US,2020,2020,1,5,5.0,量子计算,量子计算系统,量子计算,0,1,0,0,量子计算系统,量子计算,候选/待复核企业
新华三信息安全技术有限公司,安徽; 34,2021,2021,1,5,5.0,量子通信与安全,量子通信与安全,量子密钥,0,1,0,0,量子通信与安全,量子通信与安全,候选/待复核企业
无锡中金鼎讯信通科技股份有限公司,江苏; 32,2019,2019,1,5,5.0,量子通信与安全,量子通信与安全,量子密钥,0,1,0,0,量子通信与安全,量子通信与安全,候选/待复核企业
无锡太湖学院,江苏; 32,2020,2020,1,6,6.0,量子通信与安全,量子通信与安全,laser；激光器；量子密钥；量子密钥分发,0,1,0,0,量子通信与安全,量子通信与安全,候选/待复核企业
无锡睿勤科技有限公司,江苏; 32,2020,2020,1,4,4.0,量子基础概念,其他量子相关/待复核,叠加态,0,0,1,0,其他量子相关/待复核,量子基础概念,候选/待复核企业
无锡量子感知技术有限公司,江苏; 32,2023,2023,1,5,5.0,量子传感,量子传感器/精密测量,NV色心,0,1,0,0,量子传感器/精密测量,量子传感,候选/待复核企业
日内瓦大学,瑞士; CH,2019,2019,1,5,5.0,量子通信与安全,量子通信与安全,量子密钥；量子密钥分配,0,1,0,0,量子通信与安全,量子通信与安全,候选/待复核企业
日晷科技(上海)有限公司,上海; 31,2022,2022,1,5,5.0,量子通信与安全,量子通信与安全,量子密钥,0,1,0,0,量子通信与安全,量子通信与安全,候选/待复核企业
日本电气株式会社,日本; JP,2019,2019,1,5,5.0,量子通信与安全,量子通信与安全,量子密钥；量子密钥分发,0,1,0,0,量子通信与安全,量子通信与安全,候选/待复核企业
日本航空电子工业株式会社,日本; JP,2021,2021,1,6,6.0,量子传感,量子传感器/精密测量,laser；原子干涉；原子干涉仪,0,1,0,0,量子传感器/精密测量,量子传感,候选/待复核企业
昆山禾信质谱技术有限公司,江苏; 32,2019,2019,1,5,5.0,量子计算硬件,量子计算硬件/量子芯片,离子阱,0,1,0,0,量子计算硬件/量子芯片,量子计算硬件,候选/待复核企业
昆山聂尔精密仪器有限公司,江苏; 32,2020,2020,1,5,5.0,量子计算硬件,量子计算硬件/量子芯片,离子阱,0,1,0,0,量子计算硬件/量子芯片,量子计算硬件,候选/待复核企业
昆明理工大学,云南; 53,2020,2020,1,4,4.0,量子基础概念,其他量子相关/待复核,叠加态,0,0,1,0,其他量子相关/待复核,量子基础概念,候选/待复核企业
易迅通科技有限公司,陕西; 61,2021,2023,7,68,9.714285714285714,量子通信与安全,量子通信与安全,QKD；fidelity；laser；保真度；单光子探测器；激光器；量子保密通信；量子信息；量子密钥；量子密钥分发；量子态；量子通信,4,3,0,0,量子通信与安全,量子通信与安全,核心量子企业
星汉时空科技(北京)有限公司,北京; 11,2022,2022,1,3,3.0,量子传感,量子计量/时间频率/PNT候选,原子钟；频率驾驭,0,0,0,1,量子计量/时间频率/PNT候选,量子传感,候选/待复核企业
星汉时空科技(长沙)有限公司,湖南; 43,2021,2021,1,3,3.0,量子传感,量子计量/时间频率/PNT候选,原子钟,0,0,0,1,量子计量/时间频率/PNT候选,量子传感,候选/待复核企业
晋商博创(北京)科技有限公司,北京; 11,2020,2020,1,5,5.0,量子计算,量子计算系统,量子计算,0,1,0,0,量子计算系统,量子计算,候选/待复核企业
晨越建设项目管理集团股份有限公司,四川; 51,2022,2023,2,10,5.0,量子计算,量子计算系统,量子计算,0,2,0,0,量子计算系统,量子计算,较高相关企业
普天信息技术有限公司,北京; 11,2020,2020,1,4,4.0,量子基础概念,其他量子相关/待复核,量子态,0,0,1,0,其他量子相关/待复核,量子基础概念,候选/待复核企业
普林斯顿大学,美国; US,2020,2020,1,20,20.0,量子通信与安全,量子通信与安全,量子中继；量子中继器；量子传感；量子信息；量子密钥；量子密钥分配,1,0,0,0,量子通信与安全,量子通信与安全,核心量子企业
普莱克斯技术有限公司,美国; US,2019,2019,1,5,5.0,量子传感,量子传感器/精密测量,MOT,0,1,0,0,量子传感器/精密测量,量子传感,候选/待复核企业
智慧谷(厦门)物联科技有限公司,福建; 35,2020,2020,1,9,9.0,量子计算,量子软件/算法/模拟,量子算法；量子计算,1,0,0,0,量子软件/算法/模拟,量子计算,较高相关企业
暗链科技(深圳)有限公司,广东; 44,2023,2023,1,4,4.0,量子计算,量子软件/算法/模拟,量子算法,0,0,1,0,量子软件/算法/模拟,量子计算,候选/待复核企业
暨南大学,广东; 44,2019,2021,8,47,5.875,量子传感；量子基础概念；量子计算；量子通信与安全,其他量子相关/待复核；量子计算系统；量子软件/算法/模拟；量子通信与安全,QKD；Shor算法；entanglement；superposition；量子信息；量子叠加；量子密钥；量子密钥分发；量子态；量子比特；量子线路；量子计算；量子门,2,4,2,0,量子计算系统,量子计算,核心量子企业
曲阜师范大学,山东; 37,2022,2022,2,15,7.5,量子传感；量子计算,量子传感器/精密测量；量子计算系统,量子传感；量子传感器；量子科技；量子计算；量子计算机,1,1,0,0,量子传感器/精密测量,量子传感,较高相关企业
本源科仪(成都)科技有限公司,四川; 51,2022,2023,4,20,5.0,量子计算,量子计算系统,量子比特；量子芯片,0,4,0,0,量子计算系统,量子计算,核心量子企业
本源量子计算科技(合肥)股份有限公司,安徽; 34,2023,2023,14,84,6.0,量子计算；量子计算硬件,量子计算硬件/量子芯片；量子计算系统,qubit；超导量子芯片；量子处理器；量子态；量子机器学习；量子比特；量子线路；量子芯片；量子计算；量子计算机,3,9,2,0,量子计算系统,量子计算,核心量子企业
本田技研工业株式会社,日本; JP,2020,2022,13,65,5.0,量子传感,量子传感器/精密测量,MOT,0,13,0,0,量子传感器/精密测量,量子传感,核心量子企业
材料科学姑苏实验室,江苏; 32,2021,2023,14,157,11.214285714285714,量子计算；量子计算硬件,量子计算硬件/量子芯片；量子计算系统,qubit；qubits；俘获离子；保真度；囚禁离子；离子阱；超导量子比特；超导量子电路；超导量子芯片；量子比特；量子电路；量子芯片；量子计算；量子计算机,13,1,0,0,量子计算硬件/量子芯片,量子计算硬件,核心量子企业
杜克大学,美国; US,2020,2020,1,5,5.0,量子计算硬件,量子计算硬件/量子芯片,离子阱,0,1,0,0,量子计算硬件/量子芯片,量子计算硬件,候选/待复核企业
杜塞尔多夫华为技术有限公司,德国; DE,2021,2021,6,45,7.5,量子通信与安全,量子通信与安全,QKD；laser；激光器；量子密钥；量子密钥分发；量子密钥分配；量子相干；量子通信,2,4,0,0,量子通信与安全,量子通信与安全,核心量子企业
杭州合众数据技术有限公司,浙江; 33,2023,2023,1,4,4.0,量子基础概念,其他量子相关/待复核,量子态；量子纠缠,0,0,1,0,其他量子相关/待复核,量子基础概念,候选/待复核企业
杭州图南电子股份有限公司,浙江; 33,2022,2022,1,10,10.0,量子通信与安全,量子通信与安全,量子保密通信；量子计算,1,0,0,0,量子通信与安全,量子通信与安全,较高相关企业
杭州姚生记食品有限公司,浙江; 33,2020,2020,1,5,5.0,量子传感,量子传感器/精密测量,MOT,0,1,0,0,量子传感器/精密测量,量子传感,候选/待复核企业
杭州希戈科技有限公司,浙江; 33,2020,2020,2,25,12.5,量子通信与安全,量子通信与安全,QKD；量子中继；量子密钥；量子密钥分发；量子通信,2,0,0,0,量子通信与安全,量子通信与安全,核心量子企业
杭州微伽量子科技有限公司,浙江; 33,2021,2021,3,27,9.0,量子传感,量子传感器/精密测量,laser；原子干涉；磁光阱；超高真空,2,1,0,0,量子传感器/精密测量,量子传感,核心量子企业
杭州慧明量子通信技术有限公司,浙江; 33,2022,2022,5,49,9.8,量子通信与安全,量子通信与安全,QKD；laser；单光子探测器；激光器；量子密钥；量子密钥分发；量子态,4,1,0,0,量子通信与安全,量子通信与安全,核心量子企业
杭州电子科技大学,浙江; 33,2019,2022,6,24,4.0,量子传感；量子计算,量子计算系统；量子计量/时间频率/PNT候选,原子钟；原子频标；量子态；量子计算；频率标准,0,2,0,4,量子计量/时间频率/PNT候选,量子传感,核心量子企业
杭州蔚领知谱检测技术有限公司,浙江; 33,2019,2019,1,5,5.0,量子计算硬件,量子计算硬件/量子芯片,离子阱,0,1,0,0,量子计算硬件/量子芯片,量子计算硬件,候选/待复核企业
杭州谱育科技发展有限公司,浙江; 33,2021,2021,1,5,5.0,量子计算硬件,量子计算硬件/量子芯片,离子阱,0,1,0,0,量子计算硬件/量子芯片,量子计算硬件,候选/待复核企业
杭州闪捷信息科技有限公司,浙江; 33,2020,2020,1,10,10.0,量子通信与安全,量子通信与安全,QKD；量子网络,1,0,0,0,量子通信与安全,量子通信与安全,较高相关企业
林和,北京; 11,2022,2022,1,5,5.0,量子计算,量子计算系统,量子计算,0,1,0,0,量子计算系统,量子计算,候选/待复核企业
标致雪铁龙汽车股份有限公司,法国; FR,2019,2020,2,10,5.0,量子传感,量子传感器/精密测量,MOT,0,2,0,0,量子传感器/精密测量,量子传感,较高相关企业
株式会社东芝,日本; JP,2019,2022,2,8,4.0,量子传感；量子通信与安全,量子计量/时间频率/PNT候选；量子通信与安全,国际原子时；量子密钥；量子密钥分发,0,1,0,1,量子计量/时间频率/PNT候选,量子传感,候选/待复核企业
株式会社岛津制作所,日本; JP,2019,2021,5,25,5.0,量子计算硬件,量子计算硬件/量子芯片,离子阱,0,5,0,0,量子计算硬件/量子芯片,量子计算硬件,核心量子企业
桂林电子科技大学,广西; 45,2021,2022,3,19,6.333333333333333,量子传感；量子通信与安全,量子传感器/精密测量；量子通信与安全,MOT；laser；单光子探测器；量子通信,0,3,0,0,量子通信与安全,量子通信与安全,较高相关企业
正则量子(北京)技术有限公司,北京; 11,2023,2023,3,21,7.0,量子计算；量子通信与安全,量子计算系统；量子通信与安全,量子密钥；量子密钥分发；量子测量；量子线路；量子计算；量子计算机；量子门,2,0,1,0,量子计算系统,量子计算,核心量子企业
正链科技(深圳)有限公司,广东; 44,2020,2020,1,5,5.0,量子计算,量子计算系统,量子计算；量子计算机,0,1,0,0,量子计算系统,量子计算,候选/待复核企业
武汉中科锐择光电科技有限公司,湖北; 42,2023,2023,1,6,6.0,量子计算,量子计算系统,laser；激光器；量子计算,0,1,0,0,量子计算系统,量子计算,候选/待复核企业
武汉亦芯微电子有限公司,湖北; 42,2023,2023,1,5,5.0,量子通信与安全,量子通信与安全,后量子密码,0,1,0,0,量子通信与安全,量子通信与安全,候选/待复核企业
武汉华中天纬测控有限公司,湖北; 42,2022,2022,1,3,3.0,量子传感,量子计量/时间频率/PNT候选,原子钟,0,0,0,1,量子计量/时间频率/PNT候选,量子传感,候选/待复核企业
武汉和悦数字科技有限公司,湖北; 42,2022,2022,1,5,5.0,量子通信与安全,量子通信与安全,量子密钥,0,1,0,0,量子通信与安全,量子通信与安全,候选/待复核企业
武汉大学,湖北; 42,2020,2022,6,48,8.0,量子传感；量子计算；量子通信与安全,量子计算系统；量子计量/时间频率/PNT候选；量子通信与安全,laser；原子钟；量子态；量子比特；量子电路；量子网络；量子计算；量子计算机；量子通信,1,4,0,1,量子通信与安全,量子通信与安全,核心量子企业
武汉大学深圳研究院,广东; 44,2021,2021,2,15,7.5,量子传感,量子传感器/精密测量,NV色心；量子传感；量子传感器,1,1,0,0,量子传感器/精密测量,量子传感,较高相关企业
武汉弘康医学检验实验室股份有限公司,湖北; 42,2021,2021,1,5,5.0,量子计算,量子计算系统,qubit,0,1,0,0,量子计算系统,量子计算,候选/待复核企业
武汉科技大学,湖北; 42,2022,2022,1,6,6.0,量子传感,量子传感器/精密测量,laser；激光器；磁光阱,0,1,0,0,量子传感器/精密测量,量子传感,候选/待复核企业
武汉耐维斯顿科技有限公司,湖北; 42,2021,2021,1,3,3.0,量子传感,量子计量/时间频率/PNT候选,原子钟；铷原子钟,0,0,0,1,量子计量/时间频率/PNT候选,量子传感,候选/待复核企业
武汉船舶通信研究所(中国船舶重工集团公司第七二二研究所),湖北; 42,2021,2021,3,24,8.0,量子通信与安全,量子通信与安全,单光子探测器；量子密钥；量子密钥分发,3,0,0,0,量子通信与安全,量子通信与安全,核心量子企业
武汉邮电科学研究院有限公司,湖北; 42,2019,2021,4,40,10.0,量子通信与安全,量子通信与安全,QKD；laser；激光器；量子信息；量子密钥；量子密钥分发；量子态；量子通信,3,1,0,0,量子通信与安全,量子通信与安全,核心量子企业
武汉量子技术研究院,湖北; 42,2023,2023,2,21,10.5,量子通信与安全,量子通信与安全,laser；量子保密通信；量子密钥；量子密钥分发；量子通信,2,0,0,0,量子通信与安全,量子通信与安全,核心量子企业
武汉隽龙科技股份有限公司,湖北; 42,2019,2019,1,3,3.0,量子传感,量子计量/时间频率/PNT候选,频率基准,0,0,0,1,量子计量/时间频率/PNT候选,量子传感,候选/待复核企业
江汉大学,湖北; 42,2021,2021,3,9,3.0,量子传感,量子计量/时间频率/PNT候选,原子钟,0,0,0,3,量子计量/时间频率/PNT候选,量子传感,候选/待复核企业
江苏亨通工控安全研究院有限公司,江苏; 32,2020,2020,1,5,5.0,量子通信与安全,量子通信与安全,量子密钥,0,1,0,0,量子通信与安全,量子通信与安全,候选/待复核企业
江苏亨通问天量子信息研究院有限公司,江苏; 32,2019,2022,10,75,7.5,量子通信与安全,量子通信与安全,单光子探测器；激光器；量子密钥；量子密钥分发；量子密钥分配；量子态；量子算法；量子计算,4,6,0,0,量子通信与安全,量子通信与安全,核心量子企业
江苏南工科技集团有限公司,江苏; 32,2019,2019,1,5,5.0,量子传感,其他量子相关/待复核,量子技术,0,1,0,0,其他量子相关/待复核,量子传感,候选/待复核企业
江苏国芯科技有限公司,江苏; 32,2023,2023,1,9,9.0,量子通信与安全,量子通信与安全,entanglement；量子纠缠；量子通信,1,0,0,0,量子通信与安全,量子通信与安全,较高相关企业
江苏宇太网智科技有限公司,江苏; 32,2019,2019,1,5,5.0,量子通信与安全,量子通信与安全,量子密钥,0,1,0,0,量子通信与安全,量子通信与安全,候选/待复核企业
江苏微知量子科技有限公司,江苏; 32,2023,2023,5,42,8.4,量子计算；量子通信与安全,量子计算系统；量子通信与安全,QKD；后量子密码；量子密钥；量子密钥分发；量子态；量子线路；量子计算；量子计算机；量子通信,4,1,0,0,量子通信与安全,量子通信与安全,核心量子企业
江苏思源赫兹互感器有限公司,江苏; 32,2021,2021,1,10,10.0,量子传感,量子传感器/精密测量,NV色心；量子传感；量子传感器；量子测量,1,0,0,0,量子传感器/精密测量,量子传感,较高相关企业
江苏恒德网络科技有限公司,江苏; 32,2023,2023,2,10,5.0,量子通信与安全,量子通信与安全,量子密钥,0,2,0,0,量子通信与安全,量子通信与安全,较高相关企业
江苏扬农化工集团有限公司,江苏; 32,2019,2019,1,5,5.0,量子计算硬件,量子计算硬件/量子芯片,离子阱,0,1,0,0,量子计算硬件/量子芯片,量子计算硬件,候选/待复核企业
江苏欧力特能源科技有限公司,江苏; 32,2023,2023,1,5,5.0,量子传感,量子传感器/精密测量,量子传感；量子传感器,0,1,0,0,量子传感器/精密测量,量子传感,候选/待复核企业
江苏省淡水水产研究所,江苏; 32,2022,2022,1,5,5.0,量子计算硬件,量子计算硬件/量子芯片,离子阱,0,1,0,0,量子计算硬件/量子芯片,量子计算硬件,候选/待复核企业
江苏科技大学,江苏; 32,2022,2022,1,5,5.0,量子计算,量子计算系统,量子计算,0,1,0,0,量子计算系统,量子计算,候选/待复核企业
江苏集萃微纳自动化系统与装备技术研究所有限公司,江苏; 32,2020,2020,1,3,3.0,量子传感,量子计量/时间频率/PNT候选,原子钟,0,0,0,1,量子计量/时间频率/PNT候选,量子传感,候选/待复核企业
江西中医药大学,江西; 36,2023,2023,1,5,5.0,量子计算硬件,量子计算硬件/量子芯片,离子阱,0,1,0,0,量子计算硬件/量子芯片,量子计算硬件,候选/待复核企业
江西理工大学,江西; 36,2020,2020,1,4,4.0,量子基础概念,其他量子相关/待复核,叠加态,0,0,1,0,其他量子相关/待复核,量子基础概念,候选/待复核企业
江西财经大学,江西; 36,2023,2023,1,5,5.0,量子通信与安全,量子通信与安全,抗量子攻击,0,1,0,0,量子通信与安全,量子通信与安全,候选/待复核企业
汶上县人民医院,山东; 37,2023,2023,1,11,11.0,量子计算,量子计算系统,entanglement；qubit；量子比特；量子纠缠,1,0,0,0,量子计算系统,量子计算,较高相关企业
沈阳出入境检验检疫局检验检疫综合技术中心,辽宁; 21,2019,2019,1,5,5.0,量子计算硬件,量子计算硬件/量子芯片,离子阱,0,1,0,0,量子计算硬件/量子芯片,量子计算硬件,候选/待复核企业
沈阳工业大学,辽宁; 21,2019,2020,3,22,7.333333333333333,量子传感；量子基础概念；量子计算,其他量子相关/待复核；量子计算系统,叠加态；量子信息；量子叠加；量子态；量子计算；量子计算机,2,0,1,0,其他量子相关/待复核,量子传感,核心量子企业
沈阳海关技术中心,辽宁; 21,2021,2021,1,5,5.0,量子计算硬件,量子计算硬件/量子芯片,离子阱,0,1,0,0,量子计算硬件/量子芯片,量子计算硬件,候选/待复核企业
沈阳防锈包装材料有限责任公司,辽宁; 21,2022,2022,1,5,5.0,量子计算硬件,量子计算硬件/量子芯片,离子阱,0,1,0,0,量子计算硬件/量子芯片,量子计算硬件,候选/待复核企业
河北医科大学,河北; 13,2019,2019,2,10,5.0,量子计算,量子计算系统,qubit,0,2,0,0,量子计算系统,量子计算,较高相关企业
河北医科大学第二医院,河北; 13,2021,2021,2,10,5.0,量子计算硬件,量子计算硬件/量子芯片,离子阱,0,2,0,0,量子计算硬件/量子芯片,量子计算硬件,较高相关企业
河北大学,河北; 13,2019,2019,1,5,5.0,量子传感,其他量子相关/待复核,量子信息,0,1,0,0,其他量子相关/待复核,量子传感,候选/待复核企业
河北远东通信系统工程有限公司,河北; 13,2019,2019,1,3,3.0,量子传感,量子计量/时间频率/PNT候选,原子钟；铷原子钟；频率标准,0,0,0,1,量子计量/时间频率/PNT候选,量子传感,候选/待复核企业
河南五方合创建筑设计有限公司,河南; 41,2021,2021,1,15,15.0,量子传感,量子传感器/精密测量,NV色心；entanglement；laser；单光子探测器；量子纠缠；金刚石NV色心,1,0,0,0,量子传感器/精密测量,量子传感,较高相关企业
河南国科量子通信技术应用研究院,河南; 41,2021,2021,1,10,10.0,量子通信与安全,量子通信与安全,QKD；量子密钥；量子网络,1,0,0,0,量子通信与安全,量子通信与安全,较高相关企业
河南国科量子通信网络有限公司,河南; 41,2021,2021,1,5,5.0,量子通信与安全,量子通信与安全,量子密钥,0,1,0,0,量子通信与安全,量子通信与安全,候选/待复核企业
河南工业大学,河南; 41,2021,2021,1,5,5.0,量子传感,量子传感器/精密测量,NV色心,0,1,0,0,量子传感器/精密测量,量子传感,候选/待复核企业
法国大陆汽车公司,法国; FR,2021,2021,1,5,5.0,量子传感,量子传感器/精密测量,MOT,0,1,0,0,量子传感器/精密测量,量子传感,候选/待复核企业
法国电力公司,法国; FR,2020,2020,1,5,5.0,量子传感,量子传感器/精密测量,MOT,0,1,0,0,量子传感器/精密测量,量子传感,候选/待复核企业
泰山医学院,山东; 37,2019,2019,2,13,6.5,量子计算,量子软件/算法/模拟,量子算法；量子计算,1,0,1,0,量子软件/算法/模拟,量子计算,较高相关企业
洛阳师范学院,河南; 41,2019,2019,1,4,4.0,量子基础概念,其他量子相关/待复核,量子态,0,0,1,0,其他量子相关/待复核,量子基础概念,候选/待复核企业
济南慧云量子科技有限公司,山东; 37,2020,2020,1,10,10.0,量子通信与安全,量子通信与安全,量子密钥；量子密钥分发；量子通信,1,0,0,0,量子通信与安全,量子通信与安全,较高相关企业
济南浪潮数据技术有限公司,山东; 37,2021,2021,1,10,10.0,量子通信与安全,量子通信与安全,量子密钥；量子密钥分发；量子网络,1,0,0,0,量子通信与安全,量子通信与安全,较高相关企业
济南浪潮高新科技投资发展有限公司,山东; 37,2019,2021,13,85,6.538461538461538,量子传感；量子计算,量子计算系统；量子计量/时间频率/PNT候选；量子软件/算法/模拟,entanglement；superposition；原子钟；叠加态；量子比特；量子算法；量子芯片；量子计算；量子计算机；量子门；铷原子钟,4,7,0,2,量子计算系统,量子计算,核心量子企业
济南量子技术研究院,山东; 37,2021,2023,21,138,6.571428571428571,量子传感；量子基础概念；量子通信与安全,其他量子相关/待复核；量子计量/时间频率/PNT候选；量子通信与安全,QKD；laser；光调制器；光频传递；单光子探测器；原子钟；激光器；量子信息；量子信息技术；量子密钥；量子密钥分发；量子态；量子纠缠；量子通信,7,12,1,1,量子通信与安全,量子通信与安全,核心量子企业
浙江三维通信科技有限公司,浙江; 33,2019,2019,1,3,3.0,量子传感,量子计量/时间频率/PNT候选,频率基准,0,0,0,1,量子计量/时间频率/PNT候选,量子传感,候选/待复核企业
浙江九州量子信息技术股份有限公司,浙江; 33,2019,2023,18,140,7.777777777777778,量子传感；量子通信与安全,其他量子相关/待复核；量子通信与安全,QKD；laser；lasers；单光子探测器；激光器；量子保密通信；量子信息；量子密钥；量子密钥分发；量子密钥分配；量子态；量子网络；量子通信；非对称密码,9,9,0,0,量子通信与安全,量子通信与安全,核心量子企业
浙江国正检测技术有限公司,浙江; 33,2021,2021,1,5,5.0,量子计算硬件,量子计算硬件/量子芯片,离子阱,0,1,0,0,量子计算硬件/量子芯片,量子计算硬件,候选/待复核企业
浙江国盾量子电力科技有限公司,浙江; 33,2022,2022,1,5,5.0,量子通信与安全,量子通信与安全,量子通信,0,1,0,0,量子通信与安全,量子通信与安全,候选/待复核企业
浙江大学,浙江; 33,2019,2023,6,74,12.333333333333334,量子传感；量子基础概念；量子计算硬件,其他量子相关/待复核；量子传感器/精密测量；量子计算硬件/量子芯片；量子计量/时间频率/PNT候选,原子钟；原子钟频率；超导量子比特；量子信息；量子态；量子比特；量子测量；量子相干；量子纠错；量子芯片；量子计算；频率基准,3,0,1,2,量子计量/时间频率/PNT候选,量子传感,核心量子企业
浙江大学杭州国际科创中心,浙江; 33,2022,2022,1,12,12.0,量子计算硬件,量子计算硬件/量子芯片,保真度；超导量子比特；量子比特,1,0,0,0,量子计算硬件/量子芯片,量子计算硬件,较高相关企业
浙江工业大学,浙江; 33,2019,2022,12,63,5.25,量子传感；量子计算；量子计算硬件,量子传感器/精密测量；量子计算硬件/量子芯片；量子计算系统；量子计量/时间频率/PNT候选；量子软件/算法/模拟,qubit；冷原子干涉；原子干涉；原子钟；磁光阱；离子阱；量子化学；量子模拟；频率基准,1,9,0,2,量子计算硬件/量子芯片,量子传感,核心量子企业
浙江工商大学,浙江; 33,2019,2021,14,128,9.142857142857142,量子传感；量子基础概念；量子计算；量子通信与安全,其他量子相关/待复核；量子计算系统；量子软件/算法/模拟；量子通信与安全,QKD；entanglement；抗量子攻击；逻辑量子比特；量子密钥；量子密钥分配；量子态；量子技术；量子比特；量子算法；量子纠缠；量子通信,10,0,4,0,量子计算系统,量子计算,核心量子企业
浙江工商大学杭州商学院,浙江; 33,2019,2019,2,50,25.0,量子通信与安全,量子通信与安全,entanglement；qubit；qubits；量子态；量子比特；量子测量；量子通信；量子门,2,0,0,0,量子通信与安全,量子通信与安全,核心量子企业
浙江师范大学,浙江; 33,2021,2021,1,4,4.0,量子基础概念,其他量子相关/待复核,量子态,0,0,1,0,其他量子相关/待复核,量子基础概念,候选/待复核企业
浙江广厦建设职业技术大学,浙江; 33,2022,2022,1,5,5.0,量子通信与安全,量子通信与安全,量子通信,0,1,0,0,量子通信与安全,量子通信与安全,候选/待复核企业
浙江法拉第激光科技有限公司,浙江; 33,2020,2022,4,17,4.25,量子传感,量子传感器/精密测量；量子计量/时间频率/PNT候选,MOT；光钟；原子钟；频率标准,0,1,0,3,量子计量/时间频率/PNT候选,量子传感,较高相关企业
浙江浙能技术研究院有限公司,浙江; 33,2021,2021,1,5,5.0,量子计算硬件,量子计算硬件/量子芯片,离子阱,0,1,0,0,量子计算硬件/量子芯片,量子计算硬件,候选/待复核企业
浙江理工大学,浙江; 33,2019,2020,3,11,3.6666666666666665,量子传感；量子计算,量子计算系统；量子计量/时间频率/PNT候选,原子钟；量子计算；量子计算机,0,1,0,2,量子计量/时间频率/PNT候选,量子传感,较高相关企业
浙江省立同德医院,浙江; 33,2020,2020,2,10,5.0,量子计算,量子计算系统,qubit,0,2,0,0,量子计算系统,量子计算,较高相关企业
浙江省血液中心,浙江; 33,2021,2023,2,10,5.0,量子计算,量子计算系统,qubit,0,2,0,0,量子计算系统,量子计算,较高相关企业
浙江省计量科学研究院,浙江; 33,2023,2023,1,5,5.0,量子传感,量子传感器/精密测量,磁光阱,0,1,0,0,量子传感器/精密测量,量子传感,候选/待复核企业
浙江赛思电子科技有限公司,浙江; 33,2022,2023,2,6,3.0,量子传感,量子计量/时间频率/PNT候选,原子钟；铷原子钟,0,0,0,2,量子计量/时间频率/PNT候选,量子传感,候选/待复核企业
浪潮(北京)电子信息产业有限公司,北京; 11,2023,2023,1,5,5.0,量子计算,量子计算系统,量子计算,0,1,0,0,量子计算系统,量子计算,候选/待复核企业
海思光电子有限公司,湖北; 42,2021,2021,1,3,3.0,量子传感,量子计量/时间频率/PNT候选,频率标准,0,0,0,1,量子计量/时间频率/PNT候选,量子传感,候选/待复核企业
深圳优仕康通信有限公司,广东; 44,2019,2019,1,5,5.0,量子通信与安全,量子通信与安全,量子密钥,0,1,0,0,量子通信与安全,量子通信与安全,候选/待复核企业
深圳供电局有限公司,广东; 44,2021,2021,1,3,3.0,量子传感,量子计量/时间频率/PNT候选,原子钟,0,0,0,1,量子计量/时间频率/PNT候选,量子传感,候选/待复核企业
深圳前海微众银行股份有限公司,广东; 44,2022,2022,1,16,16.0,量子通信与安全,量子通信与安全,entanglement；量子比特；量子纠缠；量子网络,1,0,0,0,量子通信与安全,量子通信与安全,较高相关企业
深圳华中科技大学研究院,广东; 44,2021,2021,1,6,6.0,量子计算,量子计算系统,superposition；量子机器学习；量子线路,0,1,0,0,量子计算系统,量子计算,候选/待复核企业
深圳大学,广东; 44,2019,2022,8,65,8.125,量子传感；量子计算；量子通信与安全,量子计算系统；量子计量/时间频率/PNT候选；量子软件/算法/模拟；量子通信与安全,superposition；原子时间尺度；叠加态；量子叠加；量子并行；量子态；量子比特；量子电路；量子线路；量子计算；量子通信；量子门,3,4,0,1,量子计算系统,量子计算,核心量子企业
深圳巴斯巴科技发展有限公司,广东; 44,2020,2020,1,5,5.0,量子传感,量子传感器/精密测量,MOT,0,1,0,0,量子传感器/精密测量,量子传感,候选/待复核企业
深圳市光为光通信科技有限公司,广东; 44,2023,2023,1,9,9.0,量子计算,量子计算系统,量子态；量子比特,1,0,0,0,量子计算系统,量子计算,较高相关企业
深圳市创互科技有限公司,广东; 44,2022,2022,1,5,5.0,量子通信与安全,量子通信与安全,量子通信,0,1,0,0,量子通信与安全,量子通信与安全,候选/待复核企业
深圳市国信量子科技有限公司,广东; 44,2021,2021,2,10,5.0,量子通信与安全,量子通信与安全,量子网络,0,2,0,0,量子通信与安全,量子通信与安全,较高相关企业
深圳市安瑞生物科技有限公司,广东; 44,2020,2020,1,5,5.0,量子传感,其他量子相关/待复核,量子信息,0,1,0,0,其他量子相关/待复核,量子传感,候选/待复核企业
深圳市新天泽消防工程有限公司,广东; 44,2022,2022,1,10,10.0,量子计算,量子软件/算法/模拟,laser；量子并行；量子比特,1,0,0,0,量子软件/算法/模拟,量子计算,较高相关企业
深圳市永达电子信息股份有限公司,广东; 44,2020,2022,5,55,11.0,量子传感；量子计算；量子计算硬件,量子计算硬件/量子芯片；量子计算系统；量子软件/算法/模拟,光量子比特；超导量子比特；量子信息；量子并行；量子态；量子比特；量子计算,4,1,0,0,量子计算系统,量子计算,核心量子企业
深圳市爱云信息科技有限公司,广东; 44,2023,2023,1,5,5.0,量子计算,量子计算系统,量子芯片,0,1,0,0,量子计算系统,量子计算,候选/待复核企业
深圳市福田区南科大量子技术与工程研究院,广东; 44,2021,2021,1,17,17.0,量子计算硬件,量子计算硬件/量子芯片,fidelity；保真度；超导量子芯片；量子比特；量子芯片；量子计算,1,0,0,0,量子计算硬件/量子芯片,量子计算硬件,较高相关企业
深圳市腾讯计算机系统有限公司,广东; 44,2021,2021,4,49,12.25,量子传感；量子计算,量子计算系统；量子软件/算法/模拟,物理量子比特；量子态；量子技术；量子比特；量子纠错；量子门,3,1,0,0,量子计算系统,量子传感,核心量子企业
深圳市航科量子科技有限公司,广东; 44,2022,2022,1,5,5.0,量子传感,其他量子相关/待复核,量子技术,0,1,0,0,其他量子相关/待复核,量子传感,候选/待复核企业
深圳市雄帝科技股份有限公司,广东; 44,2023,2023,1,5,5.0,量子通信与安全,量子通信与安全,量子密钥；量子密钥分发,0,1,0,0,量子通信与安全,量子通信与安全,候选/待复核企业
深圳市风云实业有限公司,广东; 44,2020,2020,1,3,3.0,量子传感,量子计量/时间频率/PNT候选,原子钟；铷原子钟,0,0,0,1,量子计量/时间频率/PNT候选,量子传感,候选/待复核企业
深圳技术大学,广东; 44,2022,2023,2,9,4.5,量子基础概念；量子通信与安全,其他量子相关/待复核；量子通信与安全,叠加态；量子通信,0,1,1,0,其他量子相关/待复核,量子基础概念,候选/待复核企业
深圳瀚光科技有限公司,广东; 44,2020,2020,1,9,9.0,量子计算硬件,量子计算硬件/量子芯片,光量子计算；量子计算,1,0,0,0,量子计算硬件/量子芯片,量子计算硬件,较高相关企业
深圳科盾量子信息科技有限公司,广东; 44,2021,2023,6,40,6.666666666666667,量子通信与安全,量子通信与安全,qubit；qubits；量子密钥；量子密钥分发；量子比特；量子通信,2,4,0,0,量子通信与安全,量子通信与安全,核心量子企业
深圳职业技术学院,广东; 44,2019,2023,7,65,9.285714285714286,量子传感；量子计算；量子通信与安全,其他量子相关/待复核；量子计算系统；量子通信与安全,entanglement；qubits；后量子加密；后量子密码；量子信息；量子密钥；量子态；量子比特；量子纠缠；量子计算；量子计算机,5,2,0,0,量子通信与安全,量子通信与安全,核心量子企业
深圳联合医学科技有限公司,广东; 44,2022,2022,1,5,5.0,量子计算,量子计算系统,qubit,0,1,0,0,量子计算系统,量子计算,候选/待复核企业
深圳聚创致远科技有限公司,广东; 44,2021,2021,1,5,5.0,量子计算,量子计算系统,量子计算,0,1,0,0,量子计算系统,量子计算,候选/待复核企业
深圳量旋科技有限公司,广东; 44,2020,2023,8,68,8.5,量子基础概念；量子计算；量子计算硬件,其他量子相关/待复核；量子计算硬件/量子芯片；量子计算系统,fidelity；qubit；qubits；保真度；超导量子比特；量子态；量子比特；量子线路；量子芯片；量子计算,4,3,1,0,量子计算系统,量子计算,核心量子企业
深港产学研基地(北京大学香港科技大学深圳研修院),广东; 44,2020,2021,3,13,4.333333333333333,量子传感,量子计量/时间频率/PNT候选,光钟；冷原子钟；原子钟；原子频标；量子态；铷原子钟,0,1,0,2,量子计量/时间频率/PNT候选,量子传感,较高相关企业
清华四川能源互联网研究院,四川; 51,2020,2020,1,4,4.0,量子基础概念,其他量子相关/待复核,叠加态,0,0,1,0,其他量子相关/待复核,量子基础概念,候选/待复核企业
清华大学,北京; 11,2019,2023,58,482,8.310344827586206,量子传感；量子基础概念；量子计算；量子计算硬件；量子通信与安全,上游材料与核心部件；其他量子相关/待复核；量子传感器/精密测量；量子计算硬件/量子芯片；量子计算系统；量子计量/时间频率/PNT候选；量子通信与安全,entanglement；fidelity；laser；lasers；qubit；qubits；保真度；光调制器；光量子比特；冷原子干涉；单光子探测器；原子干涉；原子钟；激光器；离子阱；超导量子比特；逻辑量子比特；量子信息；量子密钥；量子密钥分发；量子态；量子技术；量子比特；量子精密测量；量子纠缠；量子纠错；量子线路；量子网络；量子芯片；量子计算；量子计算机；量子通信；频率基准,21,32,3,2,量子计算系统,量子计算,核心量子企业
清华大学深圳国际研究生院,广东; 44,2021,2022,2,10,5.0,量子计算硬件,量子计算硬件/量子芯片,离子阱,0,2,0,0,量子计算硬件/量子芯片,量子计算硬件,较高相关企业
清华大学深圳研究生院,广东; 44,2019,2019,2,10,5.0,量子计算硬件,量子计算硬件/量子芯片,离子阱,0,2,0,0,量子计算硬件/量子芯片,量子计算硬件,较高相关企业
清谱科技(苏州)有限公司,江苏; 32,2023,2023,1,5,5.0,量子计算硬件,量子计算硬件/量子芯片,离子阱,0,1,0,0,量子计算硬件/量子芯片,量子计算硬件,候选/待复核企业
清远市天之衡量子科技有限公司,广东; 44,2021,2021,1,5,5.0,量子传感,量子传感器/精密测量,量子测量,0,1,0,0,量子传感器/精密测量,量子传感,候选/待复核企业
温州大学,浙江; 33,2019,2019,2,40,20.0,量子计算,量子计算系统,fidelity；qubit；qubits；保真度；量子处理器；量子态；量子比特；量子计算；量子计算机；量子门,2,0,0,0,量子计算系统,量子计算,核心量子企业
温州激光与光电子协同创新中心,北京; 11,2019,2019,1,3,3.0,量子传感,量子计量/时间频率/PNT候选,光钟；原子钟,0,0,0,1,量子计量/时间频率/PNT候选,量子传感,候选/待复核企业
温州激光与光电子协同创新中心,浙江; 33,2019,2021,10,30,3.0,量子传感,量子计量/时间频率/PNT候选,光钟；原子钟；铷原子钟；频率标准,0,0,0,10,量子计量/时间频率/PNT候选,量子传感,核心量子企业
港湾之星健康生物(深圳)有限公司,广东; 44,2023,2023,1,4,4.0,量子基础概念,其他量子相关/待复核,量子态,0,0,1,0,其他量子相关/待复核,量子基础概念,候选/待复核企业
湖北凯乐量子通信光电科技有限公司,湖北; 42,2019,2019,2,10,5.0,量子通信与安全,量子通信与安全,量子密钥,0,2,0,0,量子通信与安全,量子通信与安全,较高相关企业
湖北大学,湖北; 42,2021,2021,1,6,6.0,量子计算,量子计算系统,量子优化；量子比特,0,1,0,0,量子计算系统,量子计算,候选/待复核企业
湖北工业大学,湖北; 42,2019,2019,2,35,17.5,量子通信与安全,量子通信与安全,Shor算法；qubit；叠加态；大数分解；抗量子攻击；量子态；量子比特；量子电路；量子算法；量子计算；量子计算机；量子通信,1,1,0,0,量子通信与安全,量子通信与安全,核心量子企业
湖北省疾病预防控制中心(湖北省预防医学科学院),湖北; 42,2021,2021,1,5,5.0,量子计算,量子计算系统,qubit,0,1,0,0,量子计算系统,量子计算,候选/待复核企业
湖北科技学院,湖北; 42,2021,2022,3,10,3.3333333333333335,量子传感；量子基础概念,其他量子相关/待复核；量子计量/时间频率/PNT候选,原子钟；量子态,0,0,1,2,量子计量/时间频率/PNT候选,量子传感,较高相关企业
湖南三湘银行股份有限公司,湖南; 43,2023,2023,1,4,4.0,量子基础概念,其他量子相关/待复核,量子态,0,0,1,0,其他量子相关/待复核,量子基础概念,候选/待复核企业
湖南卫导信息科技有限公司,湖南; 43,2020,2020,1,3,3.0,量子传感,量子计量/时间频率/PNT候选,频率基准,0,0,0,1,量子计量/时间频率/PNT候选,量子传感,候选/待复核企业
湖南大学,湖南; 43,2019,2022,5,38,7.6,量子计算；量子通信与安全,量子计算系统；量子通信与安全,量子保密通信；量子密钥；量子密钥分发；量子态；量子计算,3,2,0,0,量子通信与安全,量子通信与安全,核心量子企业
湖南尚医康医疗科技有限公司,湖南; 43,2023,2023,1,11,11.0,量子通信与安全,量子通信与安全,保真度；量子密钥；量子密钥分发；量子态,1,0,0,0,量子通信与安全,量子通信与安全,较高相关企业
湖南工程学院,湖南; 43,2022,2022,1,13,13.0,量子计算硬件,量子计算硬件/量子芯片,超导量子比特；超高真空；量子比特,1,0,0,0,量子计算硬件/量子芯片,量子计算硬件,较高相关企业
湖南师范大学,湖南; 43,2021,2022,10,65,6.5,量子传感；量子计算；量子通信与安全,量子计算系统；量子计量/时间频率/PNT候选；量子通信与安全,QKD；entanglement；原子钟；原子频标；量子密钥；量子密钥分发；量子态；量子比特；量子纠缠；量子通信；量子门；铷原子钟；频率标准,4,2,0,4,量子通信与安全,量子通信与安全,核心量子企业
湖南时空信安科技有限公司,湖南; 43,2023,2023,3,9,3.0,量子传感,量子计量/时间频率/PNT候选,原子钟；频率驾驭,0,0,0,3,量子计量/时间频率/PNT候选,量子传感,候选/待复核企业
湖南省时空基准科技有限公司,湖南; 43,2020,2020,2,6,3.0,量子传感,量子计量/时间频率/PNT候选,原子钟,0,0,0,2,量子计量/时间频率/PNT候选,量子传感,候选/待复核企业
湖南遥昇通信技术有限公司,湖南; 43,2022,2022,1,4,4.0,量子计算,量子软件/算法/模拟,量子并行,0,0,1,0,量子软件/算法/模拟,量子计算,候选/待复核企业
湖州中芯半导体科技有限公司,浙江; 33,2020,2020,1,6,6.0,量子传感,量子传感器/精密测量,NV色心；laser；激光器,0,1,0,0,量子传感器/精密测量,量子传感,候选/待复核企业
湘潭大学,湖南; 43,2021,2022,2,6,3.0,量子传感,量子计量/时间频率/PNT候选,原子钟；频率标准,0,0,0,2,量子计量/时间频率/PNT候选,量子传感,候选/待复核企业
焦少波,河南; 41,2019,2019,1,10,10.0,量子通信与安全,量子通信与安全,抗量子攻击；量子计算；量子计算机,1,0,0,0,量子通信与安全,量子通信与安全,较高相关企业
燕山大学,河北; 13,2019,2020,2,8,4.0,量子传感；量子通信与安全,量子计量/时间频率/PNT候选；量子通信与安全,QKD；频率标准,0,1,0,1,量子计量/时间频率/PNT候选,量子传感,候选/待复核企业
爱奥尼克公司,美国; US,2020,2021,5,51,10.2,量子传感；量子计算,其他量子相关/待复核；量子计算系统,qubit；qubits；量子信息；量子化学；量子处理器；量子态；量子比特；量子电路；量子计算；量子计算机；量子门,4,1,0,0,量子计算系统,量子计算,核心量子企业
特拉量子股份公司,瑞士; CH,2021,2021,1,4,4.0,量子基础概念,其他量子相关/待复核,叠加态,0,0,1,0,其他量子相关/待复核,量子基础概念,候选/待复核企业
王超,山东; 37,2020,2020,1,4,4.0,量子基础概念,其他量子相关/待复核,叠加态；量子叠加,0,0,1,0,其他量子相关/待复核,量子基础概念,候选/待复核企业
珠海澳大科技研究院,广东; 44,2022,2022,1,3,3.0,量子传感,量子计量/时间频率/PNT候选,频率基准,0,0,0,1,量子计量/时间频率/PNT候选,量子传感,候选/待复核企业
电子科技大学,四川; 51,2019,2023,30,231,7.7,量子传感；量子基础概念；量子计算；量子计算硬件；量子通信与安全,上游材料与核心部件；其他量子相关/待复核；量子传感器/精密测量；量子计算硬件/量子芯片；量子计算系统；量子计量/时间频率/PNT候选；量子软件/算法/模拟；量子通信与安全,MOT；NV色心；entanglement；fidelity；laser；qubit；superposition；保真度；光调制器；单光子探测器；原子钟；叠加态；激光器；自旋量子比特；量子中继；量子中继器；量子互联网；量子传感；量子信息；量子信息技术；量子态；量子比特；量子电路；量子算法；量子纠缠；量子网络；量子芯片；量子计算；量子计算机；量子通信；金刚石NV色心；铯原子钟,13,11,3,3,量子计算系统,量子传感,核心量子企业
矩阵时光数字科技有限公司,江苏; 32,2021,2022,9,86,9.555555555555555,量子基础概念；量子通信与安全,其他量子相关/待复核；量子通信与安全,QKD；激光器；量子信息；量子信息技术；量子密钥；量子密钥分发；量子态；量子算法；量子网络；量子计算；量子计算机；量子通信；非对称密码,5,3,1,0,量子通信与安全,量子通信与安全,核心量子企业
确信信息股份有限公司,山东; 37,2022,2022,1,10,10.0,量子通信与安全,量子通信与安全,后量子密码；量子计算；量子计算机,1,0,0,0,量子通信与安全,量子通信与安全,较高相关企业
福州大学,福建; 35,2019,2019,2,15,7.5,量子计算,量子计算系统,qubits；量子比特；量子计算；量子门,1,1,0,0,量子计算系统,量子计算,较高相关企业
福建北峰通信科技股份有限公司,福建; 35,2020,2020,1,16,16.0,量子通信与安全,量子通信与安全,entanglement；量子密钥；量子密钥分发；量子密钥分配；量子纠缠；量子通信,1,0,0,0,量子通信与安全,量子通信与安全,较高相关企业
科大国盾量子技术股份有限公司,安徽; 34,2019,2023,106,682,6.433962264150943,量子基础概念；量子通信与安全,其他量子相关/待复核；量子通信与安全,QKD；laser；单光子探测器；激光器；电光晶体；量子保密通信；量子信息；量子密钥；量子密钥分发；量子密钥分配；量子态；量子测量；量子网络；量子通信,26,76,4,0,量子通信与安全,量子通信与安全,核心量子企业
章越新,福建; 35,2020,2020,1,4,4.0,量子基础概念,其他量子相关/待复核,量子态,0,0,1,0,其他量子相关/待复核,量子基础概念,候选/待复核企业
粒芯科技(厦门)股份有限公司,福建; 35,2023,2023,1,3,3.0,量子通信与安全,量子通信与安全,量子密钥；量子密钥分配,0,0,1,0,量子通信与安全,量子通信与安全,候选/待复核企业
索尤若驱动有限及两合公司,德国; DE,2021,2021,1,5,5.0,量子传感,量子传感器/精密测量,MOT,0,1,0,0,量子传感器/精密测量,量子传感,候选/待复核企业
绍兴市食品药品检验研究院,浙江; 33,2022,2022,1,5,5.0,量子计算硬件,量子计算硬件/量子芯片,离子阱,0,1,0,0,量子计算硬件/量子芯片,量子计算硬件,候选/待复核企业
绿生生电子科技(广州)有限公司,广东; 44,2020,2020,1,11,11.0,量子计算,量子计算系统,entanglement；量子比特；量子纠缠,1,0,0,0,量子计算系统,量子计算,较高相关企业
耶鲁大学,美国; US,2020,2020,1,7,7.0,量子传感,量子计算系统,保真度；量子信息,0,1,0,0,量子计算系统,量子传感,候选/待复核企业
联华电子股份有限公司,台湾; TW,2019,2019,1,5,5.0,量子计算硬件,量子计算硬件/量子芯片,离子阱,0,1,0,0,量子计算硬件/量子芯片,量子计算硬件,候选/待复核企业
聚光科技(杭州)股份有限公司,浙江; 33,2019,2019,1,5,5.0,量子计算硬件,量子计算硬件/量子芯片,离子阱,0,1,0,0,量子计算硬件/量子芯片,量子计算硬件,候选/待复核企业
肇庆高峰机械科技有限公司,广东; 44,2023,2023,1,3,3.0,量子传感,量子计量/时间频率/PNT候选,频率标准,0,0,0,1,量子计量/时间频率/PNT候选,量子传感,候选/待复核企业
腾讯科技(深圳)有限公司,广东; 44,2019,2022,24,356,14.833333333333334,量子传感；量子计算；量子计算硬件；量子通信与安全,其他量子相关/待复核；量子传感器/精密测量；量子计算硬件/量子芯片；量子计算系统；量子软件/算法/模拟；量子通信与安全,NV色心；fidelity；superposition；保真度；物理量子比特；超导量子比特；超导量子芯片；量子信息；量子处理器；量子态；量子技术；量子模拟；量子比特；量子电路；量子算法；量子纠错；量子线路；量子网络；量子芯片；量子计算；量子计算机；量子门,18,5,1,0,量子计算系统,量子传感,核心量子企业
臻悦生物科技江苏有限公司,江苏; 32,2020,2020,1,5,5.0,量子计算,量子计算系统,qubit,0,1,0,0,量子计算系统,量子计算,候选/待复核企业
舍弗勒技术股份两合公司,德国; DE,2021,2021,1,5,5.0,量子传感,量子传感器/精密测量,MOT,0,1,0,0,量子传感器/精密测量,量子传感,候选/待复核企业
航天科工防御技术研究试验中心,北京; 11,2020,2020,1,3,3.0,量子传感,量子计量/时间频率/PNT候选,原子钟；铷原子钟,0,0,0,1,量子计量/时间频率/PNT候选,量子传感,候选/待复核企业
芯恩(青岛)集成电路有限公司,山东; 37,2021,2021,1,4,4.0,量子基础概念,其他量子相关/待复核,叠加态；量子叠加,0,0,1,0,其他量子相关/待复核,量子基础概念,候选/待复核企业
苏州京脉生物科技有限公司,江苏; 32,2020,2021,2,10,5.0,量子计算,量子计算系统,qubit,0,2,0,0,量子计算系统,量子计算,较高相关企业
苏州元脑智能科技有限公司,江苏; 32,2023,2023,7,67,9.571428571428571,量子传感；量子基础概念；量子计算；量子计算硬件,其他量子相关/待复核；量子计算硬件/量子芯片；量子计算系统；量子软件/算法/模拟,qubit；qubits；超导量子芯片；量子信息；量子处理器；量子态；量子模拟；量子比特；量子芯片；量子计算；量子计算机,5,1,1,0,量子计算系统,量子计算,核心量子企业
苏州六幺四信息科技有限责任公司,江苏; 32,2022,2022,2,12,6.0,量子通信与安全,量子通信与安全,laser；光调制器；量子通信,0,2,0,0,量子通信与安全,量子通信与安全,较高相关企业
苏州大学,江苏; 32,2019,2022,28,233,8.321428571428571,量子传感；量子基础概念；量子计算；量子计算硬件；量子通信与安全,其他量子相关/待复核；量子计算硬件/量子芯片；量子计算系统；量子通信与安全,entanglement；qubit；qubits；离子阱；量子信息；量子密钥；量子密钥分发；量子态；量子比特；量子纠缠；量子网络；量子计算；量子通信；量子门,14,8,6,0,量子通信与安全,量子通信与安全,核心量子企业
苏州大学张家港工业技术研究院,江苏; 32,2019,2019,5,59,11.8,量子通信与安全,量子通信与安全,entanglement；qubit；量子态；量子纠缠；量子通信,5,0,0,0,量子通信与安全,量子通信与安全,核心量子企业
苏州市药品检验检测研究中心,江苏; 32,2020,2020,1,5,5.0,量子计算硬件,量子计算硬件/量子芯片,离子阱,0,1,0,0,量子计算硬件/量子芯片,量子计算硬件,候选/待复核企业
苏州新海宜电子技术有限公司,江苏; 32,2019,2019,3,26,8.666666666666666,量子通信与安全,量子通信与安全,QKD；量子保密通信；量子密钥；量子密钥分发；量子态；量子通信；非对称密码,1,2,0,0,量子通信与安全,量子通信与安全,核心量子企业
苏州曼德克光电有限公司,江苏; 32,2019,2019,1,5,5.0,量子传感,量子传感器/精密测量,MOT,0,1,0,0,量子传感器/精密测量,量子传感,候选/待复核企业
苏州浪潮智能科技有限公司,江苏; 32,2020,2023,25,258,10.32,量子传感；量子基础概念；量子计算；量子计算硬件；量子通信与安全,其他量子相关/待复核；量子计算硬件/量子芯片；量子计算系统；量子计量/时间频率/PNT候选；量子软件/算法/模拟；量子通信与安全,laser；qubit；qubits；superposition；叠加态；稀释制冷机；自旋量子比特；超导量子比特；超导量子芯片；量子信息；量子密钥；量子密钥分发；量子态；量子技术；量子比特；量子电路；量子相干；量子算法；量子纠缠；量子纠错；量子线路；量子网络；量子芯片；量子计算；量子计算机；量子门；频率基准,14,8,2,1,量子计算系统,量子计算,核心量子企业
苏州皇宫绣量子科技有限公司,江苏; 32,2019,2019,1,5,5.0,量子传感,量子传感器/精密测量,量子传感；量子传感器,0,1,0,0,量子传感器/精密测量,量子传感,候选/待复核企业
苏州科达科技股份有限公司,江苏; 32,2019,2019,2,10,5.0,量子通信与安全,量子通信与安全,量子密钥,0,2,0,0,量子通信与安全,量子通信与安全,较高相关企业
苏州西热节能环保技术有限公司,江苏; 32,2019,2021,4,20,5.0,量子传感,量子传感器/精密测量,MOT,0,4,0,0,量子传感器/精密测量,量子传感,核心量子企业
苏摩逻辑公司,美国; US,2020,2020,1,5,5.0,量子传感,量子传感器/精密测量,量子传感；量子传感器,0,1,0,0,量子传感器/精密测量,量子传感,候选/待复核企业
英国电讯有限公司,英国; GB,2019,2021,2,10,5.0,量子通信与安全,量子通信与安全,QKD；量子密钥；量子密钥分发,0,2,0,0,量子通信与安全,量子通信与安全,较高相关企业
英国质谱公司,英国; GB,2019,2020,4,20,5.0,量子计算硬件,量子计算硬件/量子芯片,俘获离子；离子阱,0,4,0,0,量子计算硬件/量子芯片,量子计算硬件,核心量子企业
英特尔公司,美国; US,2019,2019,7,35,5.0,量子传感；量子计算,量子传感器/精密测量；量子计算系统,MOT；qubit；qubits；量子态；量子计算,2,2,3,0,量子计算系统,量子计算,核心量子企业
莆田市烛火信息技术有限公司,福建; 35,2020,2020,1,11,11.0,量子传感,其他量子相关/待复核,entanglement；量子信息；量子纠缠,1,0,0,0,其他量子相关/待复核,量子传感,较高相关企业
莱克公司,美国; US,2021,2021,1,5,5.0,量子计算硬件,量子计算硬件/量子芯片,离子阱,0,1,0,0,量子计算硬件/量子芯片,量子计算硬件,候选/待复核企业
萨默费尼根有限公司,美国; US,2019,2021,3,15,5.0,量子计算硬件,量子计算硬件/量子芯片,离子阱,0,3,0,0,量子计算硬件/量子芯片,量子计算硬件,较高相关企业
蚌埠百事通信息科技有限公司,安徽; 34,2022,2022,1,5,5.0,量子计算,量子计算系统,量子芯片,0,1,0,0,量子计算系统,量子计算,候选/待复核企业
西北大学,陕西; 61,2019,2023,11,94,8.545454545454545,量子传感；量子计算；量子通信与安全,量子传感器/精密测量；量子计算系统；量子计量/时间频率/PNT候选；量子通信与安全,NV色心；QKD；entanglement；fidelity；保真度；量子保密通信；量子信息；量子处理器；量子密钥；量子密钥分发；量子态；量子机器学习；量子比特；量子计算；量子计算机；量子门；频率标准,7,3,0,1,量子计算系统,量子计算,核心量子企业
西北工业大学,陕西; 61,2019,2022,5,23,4.6,量子传感；量子基础概念,其他量子相关/待复核；量子传感器/精密测量；量子计量/时间频率/PNT候选,MOT；laser；superposition；原子钟；原子钟授时；激光器；量子传感；量子传感器；量子态；频率基准,1,1,1,2,量子计量/时间频率/PNT候选,量子传感,核心量子企业
西南交通大学,四川; 51,2021,2021,1,3,3.0,量子传感,量子计量/时间频率/PNT候选,频率标准,0,0,0,1,量子计量/时间频率/PNT候选,量子传感,候选/待复核企业
西南大学,重庆; 85,2020,2022,6,99,16.5,量子计算；量子通信与安全,量子计算系统；量子通信与安全,entanglement；qubits；量子信息；量子安全通信；量子密钥；量子密钥分发；量子密钥分配；量子态；量子比特；量子纠缠；量子网络；量子计算；量子通信,5,1,0,0,量子通信与安全,量子通信与安全,核心量子企业
西南林业大学,云南; 53,2019,2019,1,5,5.0,量子计算,量子计算系统,量子计算,0,1,0,0,量子计算系统,量子计算,候选/待复核企业
西南石油大学,四川; 51,2019,2022,2,10,5.0,量子计算,量子计算系统,量子计算；量子计算机,0,2,0,0,量子计算系统,量子计算,较高相关企业
西安交通大学,陕西; 61,2019,2021,8,39,4.875,量子传感；量子基础概念；量子计算；量子通信与安全,其他量子相关/待复核；量子传感器/精密测量；量子软件/算法/模拟；量子通信与安全,NV色心；laser；单光子探测器；叠加态；激光器；量子并行；量子态；量子技术；量子精密测量；量子网络；金刚石NV色心,1,3,4,0,其他量子相关/待复核,量子传感,核心量子企业
西安工程大学,陕西; 61,2020,2020,1,8,8.0,量子计算,量子计算系统,单光子探测器；量子比特,0,1,0,0,量子计算系统,量子计算,候选/待复核企业
西安微电子技术研究所,陕西; 61,2021,2021,1,14,14.0,量子计算,量子计算系统,叠加态；量子叠加；量子比特；量子计算；量子计算机,1,0,0,0,量子计算系统,量子计算,较高相关企业
西安理工大学,陕西; 61,2020,2020,1,3,3.0,量子传感,量子计量/时间频率/PNT候选,频率基准,0,0,0,1,量子计量/时间频率/PNT候选,量子传感,候选/待复核企业
西安电子科技大学,陕西; 61,2019,2022,24,229,9.541666666666666,量子传感；量子计算；量子通信与安全,量子计算系统；量子计量/时间频率/PNT候选；量子软件/算法/模拟；量子通信与安全,QKD；entanglement；fidelity；laser；qubit；qubits；superposition；保真度；单光子探测器；叠加态；抗量子攻击；时间频率比对；激光器；物理量子比特；逻辑量子比特；量子中继；量子中继器；量子保密通信；量子叠加；量子密钥；量子密钥分发；量子态；量子比特；量子算法；量子纠缠；量子纠错；量子线路；量子网络；量子计算；量子计算机；量子通信；量子门；频率基准,15,7,0,2,量子通信与安全,量子通信与安全,核心量子企业
西安空间无线电技术研究所,陕西; 61,2019,2022,22,106,4.818181818181818,量子传感；量子计算硬件；量子通信与安全,上游材料与核心部件；量子传感器/精密测量；量子计算硬件/量子芯片；量子计量/时间频率/PNT候选；量子通信与安全,NV色心；entanglement；fidelity；laser；原子钟；原子频标；囚禁离子；氢原子钟；离子阱；量子传感；量子信息；量子密钥；量子密钥分发；量子通信；铷原子钟；频率基准,3,5,0,14,量子计量/时间频率/PNT候选,量子传感,核心量子企业
西安航天动力试验技术研究所,陕西; 61,2021,2021,1,3,3.0,量子传感,量子计量/时间频率/PNT候选,频率标准,0,0,0,1,量子计量/时间频率/PNT候选,量子传感,候选/待复核企业
西安艾科特声学科技有限公司,陕西; 61,2020,2020,1,3,3.0,量子传感,量子计量/时间频率/PNT候选,频率基准,0,0,0,1,量子计量/时间频率/PNT候选,量子传感,候选/待复核企业
西安邮电大学,陕西; 61,2019,2023,7,39,5.571428571428571,量子计算；量子通信与安全,量子计算系统；量子通信与安全,qubit；qubits；抗量子攻击；量子态；量子比特；量子计算,1,6,0,0,量子计算系统,量子计算,核心量子企业
西藏大学,西藏; 54,2022,2022,1,5,5.0,量子计算,量子计算系统,量子计算；量子计算机,0,1,0,0,量子计算系统,量子计算,候选/待复核企业
西藏民族大学,陕西; 61,2020,2023,3,25,8.333333333333334,量子通信与安全,量子通信与安全,entanglement；量子安全通信；量子态；量子通信,2,1,0,0,量子通信与安全,量子通信与安全,核心量子企业
西部超导材料科技股份有限公司,陕西; 61,2022,2022,3,16,5.333333333333333,量子计算,量子计算系统,laser；量子计算；量子计算机,0,3,0,0,量子计算系统,量子计算,较高相关企业
诸暨市德宏轴承有限公司,浙江; 33,2021,2021,1,4,4.0,量子基础概念,其他量子相关/待复核,叠加态,0,0,1,0,其他量子相关/待复核,量子基础概念,候选/待复核企业
谱光仪器股份有限公司,台湾; TW,2020,2020,1,5,5.0,量子计算硬件,量子计算硬件/量子芯片,离子阱,0,1,0,0,量子计算硬件/量子芯片,量子计算硬件,候选/待复核企业
谷歌有限责任公司,美国; US,2019,2023,46,441,9.58695652173913,量子传感；量子计算；量子计算硬件,其他量子相关/待复核；量子计算硬件/量子芯片；量子计算系统；量子软件/算法/模拟,entanglement；fidelity；qubit；qubits；保真度；物理量子比特；稀释制冷机；药物发现；超导量子比特；量子仿真；量子信息；量子处理器；量子态；量子模拟；量子比特；量子电路；量子算法；量子计算；量子计算机；量子误差校正；量子门,30,16,0,0,量子计算系统,量子计算,核心量子企业
贵州大学,贵州; 52,2021,2022,3,31,10.333333333333334,量子通信与安全,量子通信与安全,entanglement；抗量子攻击；量子密钥；量子密钥分发；量子态；量子网络；量子通信,1,2,0,0,量子通信与安全,量子通信与安全,核心量子企业
贵州射电天文台,贵州; 52,2021,2021,1,3,3.0,量子传感,量子计量/时间频率/PNT候选,原子钟；频率基准；频率标准,0,0,0,1,量子计量/时间频率/PNT候选,量子传感,候选/待复核企业
贵州省人民医院,贵州; 52,2019,2019,1,4,4.0,量子基础概念,其他量子相关/待复核,量子态,0,0,1,0,其他量子相关/待复核,量子基础概念,候选/待复核企业
贵州省计量测试院,贵州; 52,2021,2021,1,3,3.0,量子传感,量子计量/时间频率/PNT候选,原子时标,0,0,0,1,量子计量/时间频率/PNT候选,量子传感,候选/待复核企业
赛义德·卡姆兰·哈桑,美国; US,2019,2019,1,5,5.0,量子传感,其他量子相关/待复核,量子信息,0,1,0,0,其他量子相关/待复核,量子传感,候选/待复核企业
赫尔德·西尔维斯特·佩瓦·菲盖拉,英国; GB,2019,2019,1,5,5.0,量子计算,量子计算系统,量子计算,0,1,0,0,量子计算系统,量子计算,候选/待复核企业
赵义博,浙江; 33,2019,2019,1,8,8.0,量子通信与安全,量子通信与安全,单光子探测器；量子密钥；量子密钥分发,1,0,0,0,量子通信与安全,量子通信与安全,较高相关企业
赵仕嘉,广东; 44,2021,2021,1,10,10.0,量子通信与安全,量子通信与安全,量子密钥；量子通信,1,0,0,0,量子通信与安全,量子通信与安全,较高相关企业
迈杰转化医学研究(苏州)有限公司,江苏; 32,2021,2021,1,5,5.0,量子计算,量子计算系统,qubit,0,1,0,0,量子计算系统,量子计算,候选/待复核企业
连云港问鼎环保科技有限公司,江苏; 32,2022,2022,1,10,10.0,量子传感,量子传感器/精密测量,量子比特；量子测量,1,0,0,0,量子传感器/精密测量,量子传感,较高相关企业
通用电气公司,美国; US,2020,2020,1,3,3.0,量子传感,量子计量/时间频率/PNT候选,频率标准,0,0,0,1,量子计量/时间频率/PNT候选,量子传感,候选/待复核企业
邵阳学院,湖南; 43,2022,2022,1,4,4.0,量子基础概念,其他量子相关/待复核,量子态,0,0,1,0,其他量子相关/待复核,量子基础概念,候选/待复核企业
郑州信大先进技术研究院,河南; 41,2022,2022,1,4,4.0,量子计算,量子软件/算法/模拟,量子算法,0,0,1,0,量子软件/算法/模拟,量子计算,候选/待复核企业
郑州信大捷安信息技术股份有限公司,河南; 41,2022,2022,2,28,14.0,量子通信与安全,量子通信与安全,量子密钥；量子密钥分配；量子态；量子技术；量子通信,2,0,0,0,量子通信与安全,量子通信与安全,核心量子企业
郑州威科姆华大北斗导航科技有限公司,河南; 41,2019,2019,1,3,3.0,量子传感,量子计量/时间频率/PNT候选,频率基准,0,0,0,1,量子计量/时间频率/PNT候选,量子传感,候选/待复核企业
郑州桑林生物科技有限公司,河南; 41,2020,2020,1,5,5.0,量子计算,量子计算系统,qubit,0,1,0,0,量子计算系统,量子计算,候选/待复核企业
郑州轻大产业技术研究院有限公司,河南; 41,2021,2021,1,3,3.0,量子传感,量子计量/时间频率/PNT候选,原子钟；原子钟频率；原子频标；铷原子钟,0,0,0,1,量子计量/时间频率/PNT候选,量子传感,候选/待复核企业
郑州轻工业大学,河南; 41,2021,2023,3,13,4.333333333333333,量子传感；量子计算,其他量子相关/待复核；量子计算系统；量子计量/时间频率/PNT候选,量子信息；量子计算；频率基准,0,2,0,1,其他量子相关/待复核,量子传感,较高相关企业
郑州轻工业学院,河南; 41,2020,2020,1,5,5.0,量子传感,其他量子相关/待复核,量子信息,0,1,0,0,其他量子相关/待复核,量子传感,候选/待复核企业
重庆大学,重庆; 85,2022,2022,1,5,5.0,量子传感,量子传感器/精密测量,MOT,0,1,0,0,量子传感器/精密测量,量子传感,候选/待复核企业
重庆工程职业技术学院,重庆; 85,2019,2021,3,13,4.333333333333333,量子基础概念；量子计算,其他量子相关/待复核；量子计算系统,量子相干；量子芯片,0,1,2,0,其他量子相关/待复核,量子基础概念,较高相关企业
重庆市计量质量检测研究院,重庆; 85,2022,2022,1,3,3.0,量子传感,量子计量/时间频率/PNT候选,原子钟；频率标准,0,0,0,1,量子计量/时间频率/PNT候选,量子传感,候选/待复核企业
重庆师范大学,重庆; 85,2020,2023,2,10,5.0,量子计算,量子计算系统,量子比特；量子电路,0,2,0,0,量子计算系统,量子计算,较高相关企业
重庆斯铂电气自动化设备有限公司,重庆; 85,2021,2021,1,3,3.0,量子传感,量子计量/时间频率/PNT候选,频率标准,0,0,0,1,量子计量/时间频率/PNT候选,量子传感,候选/待复核企业
重庆理工大学,重庆; 85,2021,2021,3,12,4.0,量子基础概念,其他量子相关/待复核,叠加态；量子态,0,0,3,0,其他量子相关/待复核,量子基础概念,较高相关企业
重庆邮电大学,重庆; 85,2019,2022,21,235,11.19047619047619,量子传感；量子基础概念；量子计算；量子通信与安全,其他量子相关/待复核；量子计算系统；量子软件/算法/模拟；量子通信与安全,QKD；entanglement；laser；qubits；单光子探测器；叠加态；抗量子攻击；激光器；量子信息；量子密钥；量子密钥分配；量子态；量子机器学习；量子模拟；量子模拟器；量子比特；量子纠缠；量子线路；量子计算；量子通信；量子门,14,4,3,0,量子通信与安全,量子通信与安全,核心量子企业
重庆长安新能源汽车科技有限公司,重庆; 85,2019,2019,2,10,5.0,量子传感,量子传感器/精密测量,MOT,0,2,0,0,量子传感器/精密测量,量子传感,较高相关企业
量子技术UG(极限)公司,德国; DE,2022,2022,1,5,5.0,量子计算,量子计算系统,量子计算；量子计算机,0,1,0,0,量子计算系统,量子计算,候选/待复核企业
量子机械公司,以色列; IL,2021,2021,2,9,4.5,量子计算,量子计算系统；量子软件/算法/模拟,量子处理器；量子算法,0,1,1,0,量子计算系统,量子计算,候选/待复核企业
量子科技长三角产业创新中心,江苏; 32,2022,2023,15,133,8.866666666666667,量子传感；量子计算；量子计算硬件,其他量子相关/待复核；量子计算硬件/量子芯片；量子计算系统,qubit；qubits；超导量子电路；超导量子芯片；量子信息；量子信息技术；量子技术；量子比特；量子电路；量子线路；量子芯片；量子计算；量子计算机；量子门,9,6,0,0,量子计算系统,量子计算,核心量子企业
金华伏安光电科技有限公司,浙江; 33,2019,2019,2,8,4.0,量子基础概念,其他量子相关/待复核,量子态,0,0,2,0,其他量子相关/待复核,量子基础概念,候选/待复核企业
金华职业技术学院,浙江; 33,2019,2019,7,41,5.857142857142857,量子计算硬件,量子计算硬件/量子芯片,laser；囚禁离子；激光器；离子阱,0,7,0,0,量子计算硬件/量子芯片,量子计算硬件,核心量子企业
银联商务股份有限公司,上海; 31,2021,2021,1,5,5.0,量子计算,量子计算系统,量子计算,0,1,0,0,量子计算系统,量子计算,候选/待复核企业
长安大学,陕西; 61,2019,2019,1,5,5.0,量子计算,量子计算系统,量子门,0,1,0,0,量子计算系统,量子计算,候选/待复核企业
长春中医药大学,吉林; 22,2022,2022,1,5,5.0,量子计算硬件,量子计算硬件/量子芯片,离子阱,0,1,0,0,量子计算硬件/量子芯片,量子计算硬件,候选/待复核企业
长春吉大正元信息技术股份有限公司,吉林; 22,2022,2023,2,10,5.0,量子计算；量子通信与安全,量子计算系统；量子通信与安全,量子密钥；量子密钥分发；量子计算,0,2,0,0,量子计算系统,量子计算,较高相关企业
长春大学,吉林; 22,2019,2022,6,46,7.666666666666667,量子通信与安全,量子通信与安全,QKD；laser；光调制器；激光器；量子保密通信；量子密钥；量子密钥分发,3,3,0,0,量子通信与安全,量子通信与安全,核心量子企业
长春理工大学,吉林; 22,2019,2022,6,34,5.666666666666667,量子基础概念；量子通信与安全,其他量子相关/待复核；量子通信与安全,laser；激光器；量子密钥；量子密钥分配；量子态,0,5,1,0,量子通信与安全,量子通信与安全,核心量子企业
长江存储科技有限责任公司,湖北; 42,2019,2020,2,10,5.0,量子计算硬件,量子计算硬件/量子芯片,离子阱,0,2,0,0,量子计算硬件/量子芯片,量子计算硬件,较高相关企业
长江量子(武汉)科技有限公司,湖北; 42,2022,2023,6,30,5.0,量子通信与安全,量子通信与安全,量子密钥；量子密钥分发,0,6,0,0,量子通信与安全,量子通信与安全,核心量子企业
长沙北斗产业安全技术研究院有限公司,湖南; 43,2020,2020,1,3,3.0,量子传感,量子计量/时间频率/PNT候选,频率基准,0,0,0,1,量子计量/时间频率/PNT候选,量子传感,候选/待复核企业
问天鼎讯量子科技(无锡)有限公司,江苏; 32,2022,2022,1,5,5.0,量子通信与安全,量子通信与安全,量子密钥,0,1,0,0,量子通信与安全,量子通信与安全,候选/待复核企业
阿瓦亚管理有限合伙公司,美国; US,2022,2022,1,5,5.0,量子计算,量子计算系统,量子计算；量子计算机,0,1,0,0,量子计算系统,量子计算,候选/待复核企业
阿米华晟数据科技(江苏)有限公司,江苏; 32,2021,2021,1,10,10.0,量子通信与安全,量子通信与安全,量子保密通信；量子密钥；量子密钥分发,1,0,0,0,量子通信与安全,量子通信与安全,较高相关企业
阿里云计算有限公司,浙江; 33,2021,2021,1,5,5.0,量子通信与安全,量子通信与安全,量子密钥,0,1,0,0,量子通信与安全,量子通信与安全,候选/待复核企业
阿里巴巴新加坡控股有限公司,新加坡; SG,2021,2021,1,5,5.0,量子通信与安全,量子通信与安全,抗量子攻击,0,1,0,0,量子通信与安全,量子通信与安全,候选/待复核企业
阿里巴巴达摩院(杭州)科技有限公司,浙江; 33,2021,2022,4,25,6.25,量子计算,量子计算系统,量子比特；量子芯片；量子计算；量子计算机,1,3,0,0,量子计算系统,量子计算,核心量子企业
阿里巴巴集团控股有限公司,开曼群岛; KY,2020,2022,16,126,7.875,量子计算；量子计算硬件；量子通信与安全,量子计算硬件/量子芯片；量子计算系统；量子软件/算法/模拟；量子通信与安全,稀释制冷机；超导量子比特；量子处理器；量子密钥；量子密钥分发；量子态；量子比特；量子算法；量子芯片；量子计算；量子计算机；量子通信,8,8,0,0,量子通信与安全,量子计算,核心量子企业
陕西师范大学,陕西; 61,2019,2020,3,13,4.333333333333333,量子传感；量子基础概念,其他量子相关/待复核；量子传感器/精密测量,MOT；量子态；量子相干,0,1,2,0,其他量子相关/待复核,量子基础概念,较高相关企业
陕西科技大学,陕西; 61,2021,2022,4,20,5.0,量子计算硬件,量子计算硬件/量子芯片,离子阱,0,4,0,0,量子计算硬件/量子芯片,量子计算硬件,核心量子企业
陕西聚力思创通信科技有限公司,陕西; 61,2019,2019,1,3,3.0,量子传感,量子计量/时间频率/PNT候选,原子钟,0,0,0,1,量子计量/时间频率/PNT候选,量子传感,候选/待复核企业
陕西铭拓机电技术有限公司,陕西; 61,2019,2019,1,3,3.0,量子传感,量子计量/时间频率/PNT候选,频率基准,0,0,0,1,量子计量/时间频率/PNT候选,量子传感,候选/待复核企业
集美大学,福建; 35,2021,2021,1,5,5.0,量子计算,量子计算系统,量子比特,0,1,0,0,量子计算系统,量子计算,候选/待复核企业
雷诺股份公司,法国; FR,2021,2021,1,5,5.0,量子传感,量子传感器/精密测量,MOT,0,1,0,0,量子传感器/精密测量,量子传感,候选/待复核企业
霍尼韦尔国际公司,美国; US,2019,2019,1,3,3.0,量子传感,量子计量/时间频率/PNT候选,原子钟,0,0,0,1,量子计量/时间频率/PNT候选,量子传感,候选/待复核企业
青岛中企英才集团教育科技有限公司,山东; 37,2023,2023,1,5,5.0,量子通信与安全,量子通信与安全,QKD,0,1,0,0,量子通信与安全,量子通信与安全,候选/待复核企业
青岛大学,山东; 37,2022,2023,2,8,4.0,量子传感,其他量子相关/待复核,量子信息,0,1,1,0,其他量子相关/待复核,量子传感,候选/待复核企业
青岛海尔科技有限公司,山东; 37,2021,2021,1,5,5.0,量子通信与安全,量子通信与安全,量子密钥,0,1,0,0,量子通信与安全,量子通信与安全,候选/待复核企业
青岛海洋地质研究所,山东; 37,2022,2022,1,3,3.0,量子传感,量子计量/时间频率/PNT候选,原子钟,0,0,0,1,量子计量/时间频率/PNT候选,量子传感,候选/待复核企业
青岛理工大学,山东; 37,2019,2022,6,107,17.833333333333332,量子传感；量子通信与安全,量子软件/算法/模拟；量子通信与安全,entanglement；量子信息；量子密钥；量子密钥分配；量子态；量子比特；量子纠错；量子网络；量子计算；量子计算机；量子通信,5,1,0,0,量子通信与安全,量子通信与安全,核心量子企业
顺天乡大学校产学协力团,韩国; KR,2019,2019,1,5,5.0,量子计算,量子计算系统,量子计算；量子计算机,0,1,0,0,量子计算系统,量子计算,候选/待复核企业
顾中建,北京; 11,2022,2022,2,25,12.5,量子计算硬件,量子计算硬件/量子芯片,超导量子比特；超导量子芯片；量子比特；量子芯片；量子计算；量子计算机,2,0,0,0,量子计算硬件/量子芯片,量子计算硬件,核心量子企业
香港中文大学(深圳),广东; 44,2021,2021,1,14,14.0,量子计算,量子计算系统,量子态；量子比特；量子计算；量子计算机,1,0,0,0,量子计算系统,量子计算,较高相关企业
香港应用科技研究院有限公司,香港; HK,2021,2021,1,14,14.0,量子计算,量子计算系统,qubit；量子处理器；量子态；量子计算；量子计算机,1,0,0,0,量子计算系统,量子计算,较高相关企业
马里兰大学帕克分校,美国; US,2020,2021,2,34,17.0,量子传感；量子计算,量子计算硬件/量子芯片；量子软件/算法/模拟,囚禁离子；量子信息；量子模拟；量子电路；量子算法；量子计算；量子门,2,0,0,0,量子软件/算法/模拟,量子计算,核心量子企业
黑莓有限公司,加拿大; CA,2020,2020,1,5,5.0,量子计算,量子计算系统,量子计算；量子计算机,0,1,0,0,量子计算系统,量子计算,候选/待复核企业
黑龙江八一农垦大学,黑龙江; 23,2020,2020,1,9,9.0,量子计算,量子计算系统,qubit；量子态；量子比特,1,0,0,0,量子计算系统,量子计算,较高相关企业
龙图腾网科技(合肥)股份有限公司,安徽; 34,2022,2022,1,5,5.0,量子传感,其他量子相关/待复核,量子信息,0,1,0,0,其他量子相关/待复核,量子传感,候选/待复核企业
