关键词,技术领域,细分方向,产业板块,核心程度得分,匹配类型,上下文要求,来源类型,来源说明,来源链接,说明
具身智能,具身智能基础,核心概念,技术服务,5,core,无需上下文,报告直接词,用户提供的两份具身智能报告,,
具身人工智能,具身智能基础,核心概念,技术服务,5,core,无需上下文,报告直接词,用户提供的两份具身智能报告,,
具身智能体,具身智能基础,核心概念,技术服务,5,core,无需上下文,报告直接词,用户提供的两份具身智能报告,,
具身AI,具身智能基础,核心概念,技术服务,5,core,无需上下文,报告直接词,用户提供的两份具身智能报告,,
物理智能,具身智能基础,核心概念,技术服务,5,core,无需上下文,报告直接词,用户提供的两份具身智能报告,,
具身系统,具身智能基础,核心概念,技术服务,5,core,无需上下文,报告直接词,用户提供的两份具身智能报告,,
感知-认知-决策-执行,具身智能基础,智能闭环,技术服务,5,core,无需上下文,报告直接词/支持扩展,用户提供的两份具身智能报告,,
感知—认知—决策—执行,具身智能基础,智能闭环,技术服务,5,core,无需上下文,报告直接词/支持扩展,用户提供的两份具身智能报告,,
感知认知决策执行,具身智能基础,智能闭环,技术服务,5,core,无需上下文,报告直接词/支持扩展,用户提供的两份具身智能报告,,
智能闭环,具身智能基础,智能闭环,技术服务,5,core,无需上下文,报告直接词/支持扩展,用户提供的两份具身智能报告,,
知行合一,具身智能基础,智能闭环,技术服务,5,core,无需上下文,报告直接词/支持扩展,用户提供的两份具身智能报告,,
身体交互,具身智能基础,智能闭环,技术服务,5,core,无需上下文,报告直接词/支持扩展,用户提供的两份具身智能报告,,
物理实体性,具身智能基础,智能闭环,技术服务,5,core,无需上下文,报告直接词/支持扩展,用户提供的两份具身智能报告,,
环境交互性,具身智能基础,智能闭环,技术服务,5,core,无需上下文,报告直接词/支持扩展,用户提供的两份具身智能报告,,
物理本体与环境交互,具身智能基础,智能闭环,技术服务,5,core,无需上下文,报告直接词/支持扩展,用户提供的两份具身智能报告,,
具身基础模型,具身智能基础,具身基础模型,技术服务,5,core,无需上下文,报告直接词/支持扩展,用户提供的两份具身智能报告,,
通用具身基础模型,具身智能基础,具身基础模型,技术服务,5,core,无需上下文,报告直接词/支持扩展,用户提供的两份具身智能报告,,
具身大模型,具身智能基础,具身基础模型,技术服务,5,core,无需上下文,报告直接词/支持扩展,用户提供的两份具身智能报告,,
机器人基础模型,具身智能基础,具身基础模型,技术服务,5,core,无需上下文,报告直接词/支持扩展,用户提供的两份具身智能报告,,
机器人通用大脑,具身智能基础,具身基础模型,技术服务,5,core,无需上下文,报告直接词/支持扩展,用户提供的两份具身智能报告,,
通用机器人基础模型,具身智能基础,具身基础模型,技术服务,5,core,无需上下文,报告直接词/支持扩展,用户提供的两份具身智能报告,,
大行为模型,具身智能基础,具身基础模型,技术服务,5,core,无需上下文,报告直接词/支持扩展,用户提供的两份具身智能报告,,
具身认知,具身智能基础,具身认知与操作,技术服务,4,core,无需上下文,公开科研白皮书补充,中国人工智能学会《具身智能（2026修订版）》及十五大方向,https://www.caai.cn/site/content/7747.html,
具身感知,具身智能基础,具身认知与操作,技术服务,4,core,无需上下文,公开科研白皮书补充,中国人工智能学会《具身智能（2026修订版）》及十五大方向,https://www.caai.cn/site/content/7747.html,
具身操作,具身智能基础,具身认知与操作,技术服务,4,core,无需上下文,公开科研白皮书补充,中国人工智能学会《具身智能（2026修订版）》及十五大方向,https://www.caai.cn/site/content/7747.html,
具身决策规划,具身智能基础,具身认知与操作,技术服务,4,core,无需上下文,公开科研白皮书补充,中国人工智能学会《具身智能（2026修订版）》及十五大方向,https://www.caai.cn/site/content/7747.html,
具身空间推理,具身智能基础,具身认知与操作,技术服务,4,core,无需上下文,公开科研白皮书补充,中国人工智能学会《具身智能（2026修订版）》及十五大方向,https://www.caai.cn/site/content/7747.html,
具身大小脑协同,具身智能基础,具身认知与操作,技术服务,4,core,无需上下文,公开科研白皮书补充,中国人工智能学会《具身智能（2026修订版）》及十五大方向,https://www.caai.cn/site/content/7747.html,
模块化分层,模型与算法,模块化分层路线,技术服务,4,contextual,需机器人/物理本体上下文,报告直接词/支持扩展,用户提供的两份具身智能报告,,
分层控制,模型与算法,模块化分层路线,技术服务,4,contextual,需机器人/物理本体上下文,报告直接词/支持扩展,用户提供的两份具身智能报告,,
模块化控制,模型与算法,模块化分层路线,技术服务,4,contextual,需机器人/物理本体上下文,报告直接词/支持扩展,用户提供的两份具身智能报告,,
任务规划与运动控制,模型与算法,模块化分层路线,技术服务,4,contextual,需机器人/物理本体上下文,报告直接词/支持扩展,用户提供的两份具身智能报告,,
感知算法集成,模型与算法,模块化分层路线,技术服务,4,contextual,需机器人/物理本体上下文,报告直接词/支持扩展,用户提供的两份具身智能报告,,
人工编程控制,模型与算法,模块化分层路线,技术服务,4,contextual,需机器人/物理本体上下文,报告直接词/支持扩展,用户提供的两份具身智能报告,,
组合式运控,模型与算法,模块化分层路线,技术服务,4,contextual,需机器人/物理本体上下文,报告直接词/支持扩展,用户提供的两份具身智能报告,,
分层大模型,模型与算法,分层大模型路线,技术服务,4,contextual,需机器人/物理本体上下文,报告直接词/支持扩展,用户提供的两份具身智能报告,,
大模型+机器人,模型与算法,分层大模型路线,技术服务,4,contextual,需机器人/物理本体上下文,报告直接词/支持扩展,用户提供的两份具身智能报告,,
大模型机器人,模型与算法,分层大模型路线,技术服务,4,contextual,需机器人/物理本体上下文,报告直接词/支持扩展,用户提供的两份具身智能报告,,
模型在环,模型与算法,分层大模型路线,技术服务,4,contextual,需机器人/物理本体上下文,报告直接词/支持扩展,用户提供的两份具身智能报告,,
规划器,模型与算法,分层大模型路线,技术服务,4,contextual,需机器人/物理本体上下文,报告直接词/支持扩展,用户提供的两份具身智能报告,,
任务推理,模型与算法,分层大模型路线,技术服务,4,contextual,需机器人/物理本体上下文,报告直接词/支持扩展,用户提供的两份具身智能报告,,
任务规划,模型与算法,分层大模型路线,技术服务,4,contextual,需机器人/物理本体上下文,报告直接词/支持扩展,用户提供的两份具身智能报告,,
规划推理,模型与算法,分层大模型路线,技术服务,4,contextual,需机器人/物理本体上下文,报告直接词/支持扩展,用户提供的两份具身智能报告,,
复杂任务拆解,模型与算法,分层大模型路线,技术服务,4,contextual,需机器人/物理本体上下文,报告直接词/支持扩展,用户提供的两份具身智能报告,,
函数调用,模型与算法,分层大模型路线,技术服务,4,contextual,需机器人/物理本体上下文,报告直接词/支持扩展,用户提供的两份具身智能报告,,
API调用,模型与算法,分层大模型路线,技术服务,4,contextual,需机器人/物理本体上下文,报告直接词/支持扩展,用户提供的两份具身智能报告,,
大小脑协同,模型与算法,分层大模型路线,技术服务,4,contextual,需机器人/物理本体上下文,报告直接词/支持扩展,用户提供的两份具身智能报告,,
大小脑一体化,模型与算法,分层大模型路线,技术服务,4,contextual,需机器人/物理本体上下文,报告直接词/支持扩展,用户提供的两份具身智能报告,,
视觉语言模型,模型与算法,视觉语言模型,技术服务,4,contextual,需机器人/物理本体上下文,报告直接词/支持扩展,用户提供的两份具身智能报告,,
VLM,模型与算法,视觉语言模型,技术服务,4,contextual,需机器人/物理本体上下文,报告直接词/支持扩展,用户提供的两份具身智能报告,,
多模态大模型,模型与算法,视觉语言模型,技术服务,4,contextual,需机器人/物理本体上下文,报告直接词/支持扩展,用户提供的两份具身智能报告,,
多模态认知,模型与算法,视觉语言模型,技术服务,4,contextual,需机器人/物理本体上下文,报告直接词/支持扩展,用户提供的两份具身智能报告,,
视觉语言理解,模型与算法,视觉语言模型,技术服务,4,contextual,需机器人/物理本体上下文,报告直接词/支持扩展,用户提供的两份具身智能报告,,
空间关系图,模型与算法,视觉语言模型,技术服务,4,contextual,需机器人/物理本体上下文,报告直接词/支持扩展,用户提供的两份具身智能报告,,
空间感知,模型与算法,视觉语言模型,技术服务,4,contextual,需机器人/物理本体上下文,报告直接词/支持扩展,用户提供的两份具身智能报告,,
可供性,模型与算法,视觉语言模型,技术服务,4,contextual,需机器人/物理本体上下文,报告直接词/支持扩展,用户提供的两份具身智能报告,,
链式思考,模型与算法,视觉语言模型,技术服务,4,contextual,需机器人/物理本体上下文,报告直接词/支持扩展,用户提供的两份具身智能报告,,
思维链,模型与算法,视觉语言模型,技术服务,4,contextual,需机器人/物理本体上下文,报告直接词/支持扩展,用户提供的两份具身智能报告,,
视觉语言动作模型,模型与算法,端到端VLA路线,技术服务,5,core,无需上下文,报告直接词/支持扩展,用户提供的两份具身智能报告,,
语言动作模型,模型与算法,端到端VLA路线,技术服务,5,core,无需上下文,报告直接词/支持扩展,用户提供的两份具身智能报告,,
VLA,模型与算法,端到端VLA路线,技术服务,5,core,无需上下文,报告直接词/支持扩展,用户提供的两份具身智能报告,,
端到端VLA,模型与算法,端到端VLA路线,技术服务,5,core,无需上下文,报告直接词/支持扩展,用户提供的两份具身智能报告,,
多感官语言动作模型,模型与算法,端到端VLA路线,技术服务,5,core,无需上下文,报告直接词/支持扩展,用户提供的两份具身智能报告,,
触觉-语言-动作模型,模型与算法,端到端VLA路线,技术服务,5,core,无需上下文,报告直接词/支持扩展,用户提供的两份具身智能报告,,
触觉－语言－动作模型,模型与算法,端到端VLA路线,技术服务,5,core,无需上下文,报告直接词/支持扩展,用户提供的两份具身智能报告,,
动作令牌,模型与算法,端到端VLA路线,技术服务,5,core,无需上下文,报告直接词/支持扩展,用户提供的两份具身智能报告,,
动作生成模型,模型与算法,端到端VLA路线,技术服务,5,core,无需上下文,报告直接词/支持扩展,用户提供的两份具身智能报告,,
通用动作空间,模型与算法,端到端VLA路线,技术服务,5,core,无需上下文,报告直接词/支持扩展,用户提供的两份具身智能报告,,
跨本体迁移,模型与算法,端到端VLA路线,技术服务,5,core,无需上下文,报告直接词/支持扩展,用户提供的两份具身智能报告,,
单系统VLA,模型与算法,VLA架构,技术服务,4,contextual,需机器人/物理本体上下文,报告直接词/支持扩展,用户提供的两份具身智能报告,,
双系统VLA,模型与算法,VLA架构,技术服务,4,contextual,需机器人/物理本体上下文,报告直接词/支持扩展,用户提供的两份具身智能报告,,
VLA+VLM,模型与算法,VLA架构,技术服务,4,contextual,需机器人/物理本体上下文,报告直接词/支持扩展,用户提供的两份具身智能报告,,
混合专家,模型与算法,VLA架构,技术服务,4,contextual,需机器人/物理本体上下文,报告直接词/支持扩展,用户提供的两份具身智能报告,,
MOE,模型与算法,VLA架构,技术服务,4,contextual,需机器人/物理本体上下文,报告直接词/支持扩展,用户提供的两份具身智能报告,,
多模态Token,模型与算法,VLA架构,技术服务,4,contextual,需机器人/物理本体上下文,报告直接词/支持扩展,用户提供的两份具身智能报告,,
跨模态路由,模型与算法,VLA架构,技术服务,4,contextual,需机器人/物理本体上下文,报告直接词/支持扩展,用户提供的两份具身智能报告,,
异步时间处理,模型与算法,VLA架构,技术服务,4,contextual,需机器人/物理本体上下文,报告直接词/支持扩展,用户提供的两份具身智能报告,,
快慢系统,模型与算法,VLA架构,技术服务,4,contextual,需机器人/物理本体上下文,报告直接词/支持扩展,用户提供的两份具身智能报告,,
推理与控制协同,模型与算法,VLA架构,技术服务,4,contextual,需机器人/物理本体上下文,报告直接词/支持扩展,用户提供的两份具身智能报告,,
机器人世界模型,模型与算法,世界模型路线,技术服务,5,core,无需上下文,报告直接词/支持扩展,用户提供的两份具身智能报告,,
具身世界模型,模型与算法,世界模型路线,技术服务,5,core,无需上下文,报告直接词/支持扩展,用户提供的两份具身智能报告,,
可控世界模型,模型与算法,世界模型路线,技术服务,5,core,无需上下文,报告直接词/支持扩展,用户提供的两份具身智能报告,,
世界模型,模型与算法,世界模型路线,技术服务,5,contextual,需机器人/物理本体上下文,报告直接词/支持扩展,用户提供的两份具身智能报告,,通用词；与机器人/本体上下文共现后按核心路线计5分
动力学建模,模型与算法,世界模型路线,技术服务,5,contextual,需机器人/物理本体上下文,报告直接词/支持扩展,用户提供的两份具身智能报告,,通用词；与机器人/本体上下文共现后按核心路线计5分
未来观察,模型与算法,世界模型路线,技术服务,5,contextual,需机器人/物理本体上下文,报告直接词/支持扩展,用户提供的两份具身智能报告,,通用词；与机器人/本体上下文共现后按核心路线计5分
未来状态预测,模型与算法,世界模型路线,技术服务,5,contextual,需机器人/物理本体上下文,报告直接词/支持扩展,用户提供的两份具身智能报告,,通用词；与机器人/本体上下文共现后按核心路线计5分
行为预演,模型与算法,世界模型路线,技术服务,5,contextual,需机器人/物理本体上下文,报告直接词/支持扩展,用户提供的两份具身智能报告,,通用词；与机器人/本体上下文共现后按核心路线计5分
任务预演,模型与算法,世界模型路线,技术服务,5,contextual,需机器人/物理本体上下文,报告直接词/支持扩展,用户提供的两份具身智能报告,,通用词；与机器人/本体上下文共现后按核心路线计5分
动作预测,模型与算法,世界模型路线,技术服务,5,contextual,需机器人/物理本体上下文,报告直接词/支持扩展,用户提供的两份具身智能报告,,通用词；与机器人/本体上下文共现后按核心路线计5分
虚拟策略,模型与算法,世界模型路线,技术服务,5,contextual,需机器人/物理本体上下文,报告直接词/支持扩展,用户提供的两份具身智能报告,,通用词；与机器人/本体上下文共现后按核心路线计5分
物理规律建模,模型与算法,世界模型路线,技术服务,5,contextual,需机器人/物理本体上下文,报告直接词/支持扩展,用户提供的两份具身智能报告,,通用词；与机器人/本体上下文共现后按核心路线计5分
模型预测控制,模型与算法,运动控制,技术服务,4,contextual,需机器人/物理本体上下文,报告直接词/支持扩展,用户提供的两份具身智能报告,,
MPC,模型与算法,运动控制,技术服务,4,contextual,需机器人/物理本体上下文,报告直接词/支持扩展,用户提供的两份具身智能报告,,
全身控制,模型与算法,运动控制,技术服务,4,contextual,需机器人/物理本体上下文,报告直接词/支持扩展,用户提供的两份具身智能报告,,
WBC,模型与算法,运动控制,技术服务,4,contextual,需机器人/物理本体上下文,报告直接词/支持扩展,用户提供的两份具身智能报告,,
运动学模型,模型与算法,运动控制,技术服务,4,contextual,需机器人/物理本体上下文,报告直接词/支持扩展,用户提供的两份具身智能报告,,
动力学模型,模型与算法,运动控制,技术服务,4,contextual,需机器人/物理本体上下文,报告直接词/支持扩展,用户提供的两份具身智能报告,,
轨迹规划,模型与算法,运动控制,技术服务,4,contextual,需机器人/物理本体上下文,报告直接词/支持扩展,用户提供的两份具身智能报告,,
平衡控制,模型与算法,运动控制,技术服务,4,contextual,需机器人/物理本体上下文,报告直接词/支持扩展,用户提供的两份具身智能报告,,
全身协调控制,模型与算法,运动控制,技术服务,4,contextual,需机器人/物理本体上下文,报告直接词/支持扩展,用户提供的两份具身智能报告,,
高动态运动控制,模型与算法,运动控制,技术服务,4,contextual,需机器人/物理本体上下文,报告直接词/支持扩展,用户提供的两份具身智能报告,,
反应式控制,模型与算法,运动控制,技术服务,4,contextual,需机器人/物理本体上下文,报告直接词/支持扩展,用户提供的两份具身智能报告,,
机器人学习,模型与算法,机器人学习,技术服务,4,contextual,需机器人/物理本体上下文,报告直接词/支持扩展,用户提供的两份具身智能报告,,
具身学习,模型与算法,机器人学习,技术服务,4,contextual,需机器人/物理本体上下文,报告直接词/支持扩展,用户提供的两份具身智能报告,,
技能学习,模型与算法,机器人学习,技术服务,4,contextual,需机器人/物理本体上下文,报告直接词/支持扩展,用户提供的两份具身智能报告,,
运动技能学习,模型与算法,机器人学习,技术服务,4,contextual,需机器人/物理本体上下文,报告直接词/支持扩展,用户提供的两份具身智能报告,,
动作策略学习,模型与算法,机器人学习,技术服务,4,contextual,需机器人/物理本体上下文,报告直接词/支持扩展,用户提供的两份具身智能报告,,
行为学习,模型与算法,机器人学习,技术服务,4,contextual,需机器人/物理本体上下文,报告直接词/支持扩展,用户提供的两份具身智能报告,,
策略学习,模型与算法,机器人学习,技术服务,4,contextual,需机器人/物理本体上下文,报告直接词/支持扩展,用户提供的两份具身智能报告,,
强化学习,模型与算法,机器人学习,技术服务,4,contextual,需机器人/物理本体上下文,报告直接词/支持扩展,用户提供的两份具身智能报告,,
模仿学习,模型与算法,机器人学习,技术服务,4,contextual,需机器人/物理本体上下文,报告直接词/支持扩展,用户提供的两份具身智能报告,,
深度强化学习,模型与算法,机器人学习,技术服务,4,contextual,需机器人/物理本体上下文,报告直接词/支持扩展,用户提供的两份具身智能报告,,
自监督学习,模型与算法,机器人学习,技术服务,4,contextual,需机器人/物理本体上下文,报告直接词/支持扩展,用户提供的两份具身智能报告,,
监督微调,模型与算法,机器人学习,技术服务,4,contextual,需机器人/物理本体上下文,报告直接词/支持扩展,用户提供的两份具身智能报告,,
SFT,模型与算法,机器人学习,技术服务,4,contextual,需机器人/物理本体上下文,报告直接词/支持扩展,用户提供的两份具身智能报告,,
扩散策略,模型与算法,操作策略学习,技术服务,4,contextual,需机器人/物理本体上下文,公开科研/资本研报补充,中国人工智能学会《具身智能（2026修订版）》；海通国际EAI行业研究,https://ceai.caai.cn/static/upload/file/20260412/1775977669687642.pdf,
Diffusion Policy,模型与算法,操作策略学习,技术服务,4,contextual,需机器人/物理本体上下文,公开科研/资本研报补充,中国人工智能学会《具身智能（2026修订版）》；海通国际EAI行业研究,https://ceai.caai.cn/static/upload/file/20260412/1775977669687642.pdf,
行为克隆,模型与算法,操作策略学习,技术服务,4,contextual,需机器人/物理本体上下文,公开科研/资本研报补充,中国人工智能学会《具身智能（2026修订版）》；海通国际EAI行业研究,https://ceai.caai.cn/static/upload/file/20260412/1775977669687642.pdf,
生成对抗模仿学习,模型与算法,操作策略学习,技术服务,4,contextual,需机器人/物理本体上下文,公开科研/资本研报补充,中国人工智能学会《具身智能（2026修订版）》；海通国际EAI行业研究,https://ceai.caai.cn/static/upload/file/20260412/1775977669687642.pdf,
GAIL,模型与算法,操作策略学习,技术服务,4,contextual,需机器人/物理本体上下文,公开科研/资本研报补充,中国人工智能学会《具身智能（2026修订版）》；海通国际EAI行业研究,https://ceai.caai.cn/static/upload/file/20260412/1775977669687642.pdf,
近端策略优化,模型与算法,操作策略学习,技术服务,4,contextual,需机器人/物理本体上下文,公开科研/资本研报补充,中国人工智能学会《具身智能（2026修订版）》；海通国际EAI行业研究,https://ceai.caai.cn/static/upload/file/20260412/1775977669687642.pdf,
PPO,模型与算法,操作策略学习,技术服务,4,contextual,需机器人/物理本体上下文,公开科研/资本研报补充,中国人工智能学会《具身智能（2026修订版）》；海通国际EAI行业研究,https://ceai.caai.cn/static/upload/file/20260412/1775977669687642.pdf,
动作分块Transformer,模型与算法,操作策略学习,技术服务,4,contextual,需机器人/物理本体上下文,公开科研/资本研报补充,中国人工智能学会《具身智能（2026修订版）》；海通国际EAI行业研究,https://ceai.caai.cn/static/upload/file/20260412/1775977669687642.pdf,
Action Chunking Transformer,模型与算法,操作策略学习,技术服务,4,contextual,需机器人/物理本体上下文,公开科研/资本研报补充,中国人工智能学会《具身智能（2026修订版）》；海通国际EAI行业研究,https://ceai.caai.cn/static/upload/file/20260412/1775977669687642.pdf,
ALOHA-ACT,模型与算法,操作策略学习,技术服务,4,contextual,需机器人/物理本体上下文,公开科研/资本研报补充,中国人工智能学会《具身智能（2026修订版）》；海通国际EAI行业研究,https://ceai.caai.cn/static/upload/file/20260412/1775977669687642.pdf,
控制序列生成,模型与算法,操作策略学习,技术服务,4,contextual,需机器人/物理本体上下文,公开科研/资本研报补充,中国人工智能学会《具身智能（2026修订版）》；海通国际EAI行业研究,https://ceai.caai.cn/static/upload/file/20260412/1775977669687642.pdf,
离散化动作,模型与算法,操作策略学习,技术服务,4,contextual,需机器人/物理本体上下文,公开科研/资本研报补充,中国人工智能学会《具身智能（2026修订版）》；海通国际EAI行业研究,https://ceai.caai.cn/static/upload/file/20260412/1775977669687642.pdf,
动作序列标记,模型与算法,操作策略学习,技术服务,4,contextual,需机器人/物理本体上下文,公开科研/资本研报补充,中国人工智能学会《具身智能（2026修订版）》；海通国际EAI行业研究,https://ceai.caai.cn/static/upload/file/20260412/1775977669687642.pdf,
机器人Transformer,模型与算法,机器人Transformer,技术服务,4,contextual,需机器人/物理本体上下文,公开科研/资本研报补充,中国人工智能学会《具身智能（2026修订版）》；海通国际EAI行业研究,https://ceai.caai.cn/static/upload/file/20260412/1775977669687642.pdf,
RT-1,模型与算法,机器人Transformer,技术服务,4,contextual,需机器人/物理本体上下文,公开科研/资本研报补充,中国人工智能学会《具身智能（2026修订版）》；海通国际EAI行业研究,https://ceai.caai.cn/static/upload/file/20260412/1775977669687642.pdf,
RT-2,模型与算法,机器人Transformer,技术服务,4,contextual,需机器人/物理本体上下文,公开科研/资本研报补充,中国人工智能学会《具身智能（2026修订版）》；海通国际EAI行业研究,https://ceai.caai.cn/static/upload/file/20260412/1775977669687642.pdf,
RT-X,模型与算法,机器人Transformer,技术服务,4,contextual,需机器人/物理本体上下文,公开科研/资本研报补充,中国人工智能学会《具身智能（2026修订版）》；海通国际EAI行业研究,https://ceai.caai.cn/static/upload/file/20260412/1775977669687642.pdf,
OpenVLA,模型与算法,机器人Transformer,技术服务,4,contextual,需机器人/物理本体上下文,公开科研/资本研报补充,中国人工智能学会《具身智能（2026修订版）》；海通国际EAI行业研究,https://ceai.caai.cn/static/upload/file/20260412/1775977669687642.pdf,
PaLM-E,模型与算法,机器人Transformer,技术服务,4,contextual,需机器人/物理本体上下文,公开科研/资本研报补充,中国人工智能学会《具身智能（2026修订版）》；海通国际EAI行业研究,https://ceai.caai.cn/static/upload/file/20260412/1775977669687642.pdf,
机器人操作网络,模型与算法,机器人Transformer,技术服务,4,contextual,需机器人/物理本体上下文,公开科研/资本研报补充,中国人工智能学会《具身智能（2026修订版）》；海通国际EAI行业研究,https://ceai.caai.cn/static/upload/file/20260412/1775977669687642.pdf,
ROMAN,模型与算法,机器人Transformer,技术服务,4,contextual,需机器人/物理本体上下文,公开科研/资本研报补充,中国人工智能学会《具身智能（2026修订版）》；海通国际EAI行业研究,https://ceai.caai.cn/static/upload/file/20260412/1775977669687642.pdf,
技能可扩展学习,模型与算法,可扩展与持续学习,技术服务,4,contextual,需机器人/物理本体上下文,报告直接词/支持扩展,用户提供的两份具身智能报告,,
可扩展学习,模型与算法,可扩展与持续学习,技术服务,4,contextual,需机器人/物理本体上下文,报告直接词/支持扩展,用户提供的两份具身智能报告,,
持续学习,模型与算法,可扩展与持续学习,技术服务,4,contextual,需机器人/物理本体上下文,报告直接词/支持扩展,用户提供的两份具身智能报告,,
终身学习,模型与算法,可扩展与持续学习,技术服务,4,contextual,需机器人/物理本体上下文,报告直接词/支持扩展,用户提供的两份具身智能报告,,
自我改进,模型与算法,可扩展与持续学习,技术服务,4,contextual,需机器人/物理本体上下文,报告直接词/支持扩展,用户提供的两份具身智能报告,,
自主探索,模型与算法,可扩展与持续学习,技术服务,4,contextual,需机器人/物理本体上下文,报告直接词/支持扩展,用户提供的两份具身智能报告,,
好奇心驱动,模型与算法,可扩展与持续学习,技术服务,4,contextual,需机器人/物理本体上下文,报告直接词/支持扩展,用户提供的两份具身智能报告,,
奖励函数学习,模型与算法,可扩展与持续学习,技术服务,4,contextual,需机器人/物理本体上下文,报告直接词/支持扩展,用户提供的两份具身智能报告,,
人在环,模型与算法,可扩展与持续学习,技术服务,4,contextual,需机器人/物理本体上下文,报告直接词/支持扩展,用户提供的两份具身智能报告,,
交互式后训练,模型与算法,可扩展与持续学习,技术服务,4,contextual,需机器人/物理本体上下文,报告直接词/支持扩展,用户提供的两份具身智能报告,,
专家纠正,模型与算法,可扩展与持续学习,技术服务,4,contextual,需机器人/物理本体上下文,报告直接词/支持扩展,用户提供的两份具身智能报告,,
闭环训练,模型与算法,可扩展与持续学习,技术服务,4,contextual,需机器人/物理本体上下文,报告直接词/支持扩展,用户提供的两份具身智能报告,,
全模态感知,模型与算法,多模态感知,技术服务,4,contextual,需机器人/物理本体上下文,报告直接词/支持扩展,用户提供的两份具身智能报告,,
多感官感知,模型与算法,多模态感知,技术服务,4,contextual,需机器人/物理本体上下文,报告直接词/支持扩展,用户提供的两份具身智能报告,,
多模态融合,模型与算法,多模态感知,技术服务,4,contextual,需机器人/物理本体上下文,报告直接词/支持扩展,用户提供的两份具身智能报告,,
视觉语言触觉,模型与算法,多模态感知,技术服务,4,contextual,需机器人/物理本体上下文,报告直接词/支持扩展,用户提供的两份具身智能报告,,
视觉触觉融合,模型与算法,多模态感知,技术服务,4,contextual,需机器人/物理本体上下文,报告直接词/支持扩展,用户提供的两份具身智能报告,,
视触觉融合,模型与算法,多模态感知,技术服务,4,contextual,需机器人/物理本体上下文,报告直接词/支持扩展,用户提供的两份具身智能报告,,
力觉融合,模型与算法,多模态感知,技术服务,4,contextual,需机器人/物理本体上下文,报告直接词/支持扩展,用户提供的两份具身智能报告,,
听觉融合,模型与算法,多模态感知,技术服务,4,contextual,需机器人/物理本体上下文,报告直接词/支持扩展,用户提供的两份具身智能报告,,
RGB-D,模型与算法,多模态感知,技术服务,4,contextual,需机器人/物理本体上下文,报告直接词/支持扩展,用户提供的两份具身智能报告,,
点云感知,模型与算法,多模态感知,技术服务,4,contextual,需机器人/物理本体上下文,报告直接词/支持扩展,用户提供的两份具身智能报告,,
3D空间结构,模型与算法,多模态感知,技术服务,4,contextual,需机器人/物理本体上下文,报告直接词/支持扩展,用户提供的两份具身智能报告,,
3D检测框,模型与算法,多模态感知,技术服务,4,contextual,需机器人/物理本体上下文,报告直接词/支持扩展,用户提供的两份具身智能报告,,
主动感知,模型与算法,主动与交互式感知,技术服务,4,contextual,需机器人/物理本体上下文,公开科研白皮书补充,中国人工智能学会2026具身智能十五大方向,https://www.caai.cn/site/content/7747.html,
交互式感知,模型与算法,主动与交互式感知,技术服务,4,contextual,需机器人/物理本体上下文,公开科研白皮书补充,中国人工智能学会2026具身智能十五大方向,https://www.caai.cn/site/content/7747.html,
感知动作耦合,模型与算法,主动与交互式感知,技术服务,4,contextual,需机器人/物理本体上下文,公开科研白皮书补充,中国人工智能学会2026具身智能十五大方向,https://www.caai.cn/site/content/7747.html,
视点规划,模型与算法,主动与交互式感知,技术服务,4,contextual,需机器人/物理本体上下文,公开科研白皮书补充,中国人工智能学会2026具身智能十五大方向,https://www.caai.cn/site/content/7747.html,
主动视觉,模型与算法,主动与交互式感知,技术服务,4,contextual,需机器人/物理本体上下文,公开科研白皮书补充,中国人工智能学会2026具身智能十五大方向,https://www.caai.cn/site/content/7747.html,
交互感知,模型与算法,主动与交互式感知,技术服务,4,contextual,需机器人/物理本体上下文,公开科研白皮书补充,中国人工智能学会2026具身智能十五大方向,https://www.caai.cn/site/content/7747.html,
空间推理,模型与算法,空间推理,技术服务,4,contextual,需机器人/物理本体上下文,公开科研/资本研报补充,中国人工智能学会2026具身智能十五大方向；华源证券VLA与世界模型报告,https://www.caai.cn/site/content/7747.html,
三维空间推理,模型与算法,空间推理,技术服务,4,contextual,需机器人/物理本体上下文,公开科研/资本研报补充,中国人工智能学会2026具身智能十五大方向；华源证券VLA与世界模型报告,https://www.caai.cn/site/content/7747.html,
3D空间推理,模型与算法,空间推理,技术服务,4,contextual,需机器人/物理本体上下文,公开科研/资本研报补充,中国人工智能学会2026具身智能十五大方向；华源证券VLA与世界模型报告,https://www.caai.cn/site/content/7747.html,
空间智能,模型与算法,空间推理,技术服务,4,contextual,需机器人/物理本体上下文,公开科研/资本研报补充,中国人工智能学会2026具身智能十五大方向；华源证券VLA与世界模型报告,https://www.caai.cn/site/content/7747.html,
空间语义推理,模型与算法,空间推理,技术服务,4,contextual,需机器人/物理本体上下文,公开科研/资本研报补充,中国人工智能学会2026具身智能十五大方向；华源证券VLA与世界模型报告,https://www.caai.cn/site/content/7747.html,
语义地图,模型与算法,空间推理,技术服务,4,contextual,需机器人/物理本体上下文,公开科研/资本研报补充,中国人工智能学会2026具身智能十五大方向；华源证券VLA与世界模型报告,https://www.caai.cn/site/content/7747.html,
拓扑地图,模型与算法,空间推理,技术服务,4,contextual,需机器人/物理本体上下文,公开科研/资本研报补充,中国人工智能学会2026具身智能十五大方向；华源证券VLA与世界模型报告,https://www.caai.cn/site/content/7747.html,
群体具身智能,模型与算法,群体具身智能,技术服务,4,core,无需上下文,公开科研白皮书补充,中国人工智能学会2026具身智能十五大方向,https://www.caai.cn/site/content/7747.html,
具身群体智能,模型与算法,群体具身智能,技术服务,4,core,无需上下文,公开科研白皮书补充,中国人工智能学会2026具身智能十五大方向,https://www.caai.cn/site/content/7747.html,
具身集群智能,模型与算法,群体具身智能,技术服务,4,core,无需上下文,公开科研白皮书补充,中国人工智能学会2026具身智能十五大方向,https://www.caai.cn/site/content/7747.html,
自主导航,模型与算法,自主任务能力,技术服务,4,contextual,需机器人/物理本体上下文,报告直接词/支持扩展,用户提供的两份具身智能报告,,
自主定位,模型与算法,自主任务能力,技术服务,4,contextual,需机器人/物理本体上下文,报告直接词/支持扩展,用户提供的两份具身智能报告,,
自主避障,模型与算法,自主任务能力,技术服务,4,contextual,需机器人/物理本体上下文,报告直接词/支持扩展,用户提供的两份具身智能报告,,
自主决策,模型与算法,自主任务能力,技术服务,4,contextual,需机器人/物理本体上下文,报告直接词/支持扩展,用户提供的两份具身智能报告,,
自主作业,模型与算法,自主任务能力,技术服务,4,contextual,需机器人/物理本体上下文,报告直接词/支持扩展,用户提供的两份具身智能报告,,
自主控制,模型与算法,自主任务能力,技术服务,4,contextual,需机器人/物理本体上下文,报告直接词/支持扩展,用户提供的两份具身智能报告,,
自主航行,模型与算法,自主任务能力,技术服务,4,contextual,需机器人/物理本体上下文,报告直接词/支持扩展,用户提供的两份具身智能报告,,
路径规划,模型与算法,自主任务能力,技术服务,4,contextual,需机器人/物理本体上下文,报告直接词/支持扩展,用户提供的两份具身智能报告,,
任务分配,模型与算法,自主任务能力,技术服务,4,contextual,需机器人/物理本体上下文,报告直接词/支持扩展,用户提供的两份具身智能报告,,
多机协同,模型与算法,自主任务能力,技术服务,4,contextual,需机器人/物理本体上下文,报告直接词/支持扩展,用户提供的两份具身智能报告,,
多智能体协同,模型与算法,自主任务能力,技术服务,4,contextual,需机器人/物理本体上下文,报告直接词/支持扩展,用户提供的两份具身智能报告,,
抓取规划,模型与算法,自主任务能力,技术服务,4,contextual,需机器人/物理本体上下文,报告直接词/支持扩展,用户提供的两份具身智能报告,,
操作规划,模型与算法,自主任务能力,技术服务,4,contextual,需机器人/物理本体上下文,报告直接词/支持扩展,用户提供的两份具身智能报告,,
长程任务,模型与算法,自主任务能力,技术服务,4,contextual,需机器人/物理本体上下文,报告直接词/支持扩展,用户提供的两份具身智能报告,,
泛化能力,模型与算法,自主任务能力,技术服务,4,contextual,需机器人/物理本体上下文,报告直接词/支持扩展,用户提供的两份具身智能报告,,
跨场景泛化,模型与算法,自主任务能力,技术服务,4,contextual,需机器人/物理本体上下文,报告直接词/支持扩展,用户提供的两份具身智能报告,,
跨任务泛化,模型与算法,自主任务能力,技术服务,4,contextual,需机器人/物理本体上下文,报告直接词/支持扩展,用户提供的两份具身智能报告,,
具身智能数据,数据与训练,具身数据,技术服务,4,data,需机器人/物理本体上下文,报告直接词/支持扩展,用户提供的两份具身智能报告,,
具身数据,数据与训练,具身数据,技术服务,4,data,需机器人/物理本体上下文,报告直接词/支持扩展,用户提供的两份具身智能报告,,
机器人操作数据,数据与训练,具身数据,技术服务,4,data,需机器人/物理本体上下文,报告直接词/支持扩展,用户提供的两份具身智能报告,,
机器人行为数据,数据与训练,具身数据,技术服务,4,data,需机器人/物理本体上下文,报告直接词/支持扩展,用户提供的两份具身智能报告,,
真实行为互动数据,数据与训练,具身数据,技术服务,4,data,需机器人/物理本体上下文,报告直接词/支持扩展,用户提供的两份具身智能报告,,
本体轨迹,数据与训练,具身数据,技术服务,4,data,需机器人/物理本体上下文,报告直接词/支持扩展,用户提供的两份具身智能报告,,
动作轨迹,数据与训练,具身数据,技术服务,4,data,需机器人/物理本体上下文,报告直接词/支持扩展,用户提供的两份具身智能报告,,
动作视频,数据与训练,具身数据,技术服务,4,data,需机器人/物理本体上下文,报告直接词/支持扩展,用户提供的两份具身智能报告,,
互联网多模态数据,数据与训练,具身数据,技术服务,4,data,需机器人/物理本体上下文,报告直接词/支持扩展,用户提供的两份具身智能报告,,
仿真合成数据,数据与训练,仿真合成数据,技术服务,3,data,需机器人/物理本体上下文,报告直接词/支持扩展,用户提供的两份具身智能报告,,
合成数据管线,数据与训练,仿真合成数据,技术服务,3,data,需机器人/物理本体上下文,报告直接词/支持扩展,用户提供的两份具身智能报告,,
物理模拟引擎,数据与训练,仿真合成数据,技术服务,3,data,需机器人/物理本体上下文,报告直接词/支持扩展,用户提供的两份具身智能报告,,
物理仿真引擎,数据与训练,仿真合成数据,技术服务,3,data,需机器人/物理本体上下文,报告直接词/支持扩展,用户提供的两份具身智能报告,,
仿真平台,数据与训练,仿真合成数据,技术服务,3,data,需机器人/物理本体上下文,报告直接词/支持扩展,用户提供的两份具身智能报告,,
仿真环境,数据与训练,仿真合成数据,技术服务,3,data,需机器人/物理本体上下文,报告直接词/支持扩展,用户提供的两份具身智能报告,,
3D物体资产,数据与训练,仿真合成数据,技术服务,3,data,需机器人/物理本体上下文,报告直接词/支持扩展,用户提供的两份具身智能报告,,
3D场景,数据与训练,仿真合成数据,技术服务,3,data,需机器人/物理本体上下文,报告直接词/支持扩展,用户提供的两份具身智能报告,,
生成式模型合成,数据与训练,仿真合成数据,技术服务,3,data,需机器人/物理本体上下文,报告直接词/支持扩展,用户提供的两份具身智能报告,,
仿真数据生成,数据与训练,仿真合成数据,技术服务,3,data,需机器人/物理本体上下文,报告直接词/支持扩展,用户提供的两份具身智能报告,,
具身仿真引擎,数据与训练,具身仿真引擎,技术服务,4,core,无需上下文,公开科研白皮书补充,中国人工智能学会2026具身智能十五大方向,https://www.caai.cn/site/content/7747.html,
具身智能仿真引擎,数据与训练,具身仿真引擎,技术服务,4,core,无需上下文,公开科研白皮书补充,中国人工智能学会2026具身智能十五大方向,https://www.caai.cn/site/content/7747.html,
机器人仿真引擎,数据与训练,具身仿真引擎,技术服务,4,core,无需上下文,公开科研白皮书补充,中国人工智能学会2026具身智能十五大方向,https://www.caai.cn/site/content/7747.html,
真机数据,数据与训练,真实数据采集,技术服务,4,data,需机器人/物理本体上下文,报告直接词/支持扩展,用户提供的两份具身智能报告,,
真实数据采集,数据与训练,真实数据采集,技术服务,4,data,需机器人/物理本体上下文,报告直接词/支持扩展,用户提供的两份具身智能报告,,
遥操作数据采集,数据与训练,真实数据采集,技术服务,4,data,需机器人/物理本体上下文,报告直接词/支持扩展,用户提供的两份具身智能报告,,
开放环境采集,数据与训练,真实数据采集,技术服务,4,data,需机器人/物理本体上下文,报告直接词/支持扩展,用户提供的两份具身智能报告,,
动作捕捉,数据与训练,真实数据采集,技术服务,4,data,需机器人/物理本体上下文,报告直接词/支持扩展,用户提供的两份具身智能报告,,
光学捕捉,数据与训练,真实数据采集,技术服务,4,data,需机器人/物理本体上下文,报告直接词/支持扩展,用户提供的两份具身智能报告,,
惯性捕捉,数据与训练,真实数据采集,技术服务,4,data,需机器人/物理本体上下文,报告直接词/支持扩展,用户提供的两份具身智能报告,,
专家示教,数据与训练,真实数据采集,技术服务,4,data,需机器人/物理本体上下文,报告直接词/支持扩展,用户提供的两份具身智能报告,,
手把手教学,数据与训练,真实数据采集,技术服务,4,data,需机器人/物理本体上下文,报告直接词/支持扩展,用户提供的两份具身智能报告,,
VR遥操,数据与训练,真实数据采集,技术服务,4,data,需机器人/物理本体上下文,报告直接词/支持扩展,用户提供的两份具身智能报告,,
同构遥操,数据与训练,真实数据采集,技术服务,4,data,需机器人/物理本体上下文,报告直接词/支持扩展,用户提供的两份具身智能报告,,
外骨骼采集,数据与训练,真实数据采集,技术服务,4,data,需机器人/物理本体上下文,报告直接词/支持扩展,用户提供的两份具身智能报告,,
动捕服,数据与训练,真实数据采集,技术服务,4,data,需机器人/物理本体上下文,报告直接词/支持扩展,用户提供的两份具身智能报告,,
手持操纵杆,数据与训练,真实数据采集,技术服务,4,data,需机器人/物理本体上下文,报告直接词/支持扩展,用户提供的两份具身智能报告,,
仿真到真实,数据与训练,迁移与训练策略,技术服务,3,data,需机器人/物理本体上下文,报告直接词/支持扩展,用户提供的两份具身智能报告,,
真实到仿真,数据与训练,迁移与训练策略,技术服务,3,data,需机器人/物理本体上下文,报告直接词/支持扩展,用户提供的两份具身智能报告,,
真机后训练,数据与训练,迁移与训练策略,技术服务,3,data,需机器人/物理本体上下文,报告直接词/支持扩展,用户提供的两份具身智能报告,,
仿真预训练,数据与训练,迁移与训练策略,技术服务,3,data,需机器人/物理本体上下文,报告直接词/支持扩展,用户提供的两份具身智能报告,,
预训练,数据与训练,迁移与训练策略,技术服务,3,data,需机器人/物理本体上下文,报告直接词/支持扩展,用户提供的两份具身智能报告,,
后训练,数据与训练,迁移与训练策略,技术服务,3,data,需机器人/物理本体上下文,报告直接词/支持扩展,用户提供的两份具身智能报告,,
Sim2Real,数据与训练,迁移与训练策略,技术服务,3,data,需机器人/物理本体上下文,报告直接词/支持扩展,用户提供的两份具身智能报告,,
数字孪生训练,数据与训练,迁移与训练策略,技术服务,3,data,需机器人/物理本体上下文,报告直接词/支持扩展,用户提供的两份具身智能报告,,
域随机化,数据与训练,迁移与训练策略,技术服务,3,data,需机器人/物理本体上下文,报告直接词/支持扩展,用户提供的两份具身智能报告,,
策略迁移,数据与训练,迁移与训练策略,技术服务,3,data,需机器人/物理本体上下文,报告直接词/支持扩展,用户提供的两份具身智能报告,,
数据回流,数据与训练,迁移与训练策略,技术服务,3,data,需机器人/物理本体上下文,报告直接词/支持扩展,用户提供的两份具身智能报告,,
具身智能训练场,数据与训练,训练基础设施,技术服务,3,data,需机器人/物理本体上下文,报告直接词/支持扩展,用户提供的两份具身智能报告,,
机器人训练场,数据与训练,训练基础设施,技术服务,3,data,需机器人/物理本体上下文,报告直接词/支持扩展,用户提供的两份具身智能报告,,
数据训练中心,数据与训练,训练基础设施,技术服务,3,data,需机器人/物理本体上下文,报告直接词/支持扩展,用户提供的两份具身智能报告,,
数据采集工厂,数据与训练,训练基础设施,技术服务,3,data,需机器人/物理本体上下文,报告直接词/支持扩展,用户提供的两份具身智能报告,,
超级数据工厂,数据与训练,训练基础设施,技术服务,3,data,需机器人/物理本体上下文,报告直接词/支持扩展,用户提供的两份具身智能报告,,
异构机器人训练,数据与训练,训练基础设施,技术服务,3,data,需机器人/物理本体上下文,报告直接词/支持扩展,用户提供的两份具身智能报告,,
异构群智,数据与训练,训练基础设施,技术服务,3,data,需机器人/物理本体上下文,报告直接词/支持扩展,用户提供的两份具身智能报告,,
数据集构建,数据与训练,训练基础设施,技术服务,3,data,需机器人/物理本体上下文,报告直接词/支持扩展,用户提供的两份具身智能报告,,
数据标注,数据与训练,训练基础设施,技术服务,3,data,需机器人/物理本体上下文,报告直接词/支持扩展,用户提供的两份具身智能报告,,
数据质量评估,数据与训练,训练基础设施,技术服务,3,data,需机器人/物理本体上下文,报告直接词/支持扩展,用户提供的两份具身智能报告,,
具身数据飞轮,数据与训练,数据飞轮,技术服务,4,data,需机器人/物理本体上下文,公开资本研报补充,东吴证券《机器人大模型深度报告》,https://pdf.dfcfw.com/pdf/H3_AP202508091724252221_1.pdf,
机器人数据飞轮,数据与训练,数据飞轮,技术服务,4,data,需机器人/物理本体上下文,公开资本研报补充,东吴证券《机器人大模型深度报告》,https://pdf.dfcfw.com/pdf/H3_AP202508091724252221_1.pdf,
数据飞轮,数据与训练,数据飞轮,技术服务,4,data,需机器人/物理本体上下文,公开资本研报补充,东吴证券《机器人大模型深度报告》,https://pdf.dfcfw.com/pdf/H3_AP202508091724252221_1.pdf,
任务反馈数据,数据与训练,数据飞轮,技术服务,4,data,需机器人/物理本体上下文,公开资本研报补充,东吴证券《机器人大模型深度报告》,https://pdf.dfcfw.com/pdf/H3_AP202508091724252221_1.pdf,
失败案例回流,数据与训练,数据飞轮,技术服务,4,data,需机器人/物理本体上下文,公开资本研报补充,东吴证券《机器人大模型深度报告》,https://pdf.dfcfw.com/pdf/H3_AP202508091724252221_1.pdf,
模型迭代闭环,数据与训练,数据飞轮,技术服务,4,data,需机器人/物理本体上下文,公开资本研报补充,东吴证券《机器人大模型深度报告》,https://pdf.dfcfw.com/pdf/H3_AP202508091724252221_1.pdf,
人形机器人,本体与产品,人形机器人,产品服务,4,carrier,无需上下文,两报告直接词,用户提供的两份具身智能报告,,
双足人形机器人,本体与产品,人形机器人,产品服务,4,carrier,无需上下文,两报告直接词,用户提供的两份具身智能报告,,
轮式人形机器人,本体与产品,人形机器人,产品服务,4,carrier,无需上下文,两报告直接词,用户提供的两份具身智能报告,,
双足机器人,本体与产品,人形机器人,产品服务,4,carrier,无需上下文,两报告直接词,用户提供的两份具身智能报告,,
仿人机器人,本体与产品,人形机器人,产品服务,4,carrier,无需上下文,两报告直接词,用户提供的两份具身智能报告,,
人形本体,本体与产品,人形机器人,产品服务,4,carrier,无需上下文,两报告直接词,用户提供的两份具身智能报告,,
轮臂机器人,本体与产品,轮臂与移动操作,产品服务,4,carrier,无需上下文,报告直接词/支持扩展,用户提供的两份具身智能报告,,
轮臂式机器人,本体与产品,轮臂与移动操作,产品服务,4,carrier,无需上下文,报告直接词/支持扩展,用户提供的两份具身智能报告,,
复合轮臂机器人,本体与产品,轮臂与移动操作,产品服务,4,carrier,无需上下文,报告直接词/支持扩展,用户提供的两份具身智能报告,,
复合轮臂式机器人,本体与产品,轮臂与移动操作,产品服务,4,carrier,无需上下文,报告直接词/支持扩展,用户提供的两份具身智能报告,,
轮式机器人+机械臂,本体与产品,轮臂与移动操作,产品服务,4,carrier,无需上下文,报告直接词/支持扩展,用户提供的两份具身智能报告,,
移动操作机器人,本体与产品,轮臂与移动操作,产品服务,4,carrier,无需上下文,报告直接词/支持扩展,用户提供的两份具身智能报告,,
移动机械臂,本体与产品,轮臂与移动操作,产品服务,4,carrier,无需上下文,报告直接词/支持扩展,用户提供的两份具身智能报告,,
四足机器人,本体与产品,足式机器人,产品服务,4,carrier,无需上下文,两报告直接词/支持扩展,用户提供的两份具身智能报告,,
四足机器狗,本体与产品,足式机器人,产品服务,4,carrier,无需上下文,两报告直接词/支持扩展,用户提供的两份具身智能报告,,
机器狗,本体与产品,足式机器人,产品服务,4,carrier,无需上下文,两报告直接词/支持扩展,用户提供的两份具身智能报告,,
多足机器人,本体与产品,足式机器人,产品服务,4,carrier,无需上下文,两报告直接词/支持扩展,用户提供的两份具身智能报告,,
六足机器人,本体与产品,足式机器人,产品服务,4,carrier,无需上下文,两报告直接词/支持扩展,用户提供的两份具身智能报告,,
轮足机器人,本体与产品,足式机器人,产品服务,4,carrier,无需上下文,两报告直接词/支持扩展,用户提供的两份具身智能报告,,
轮足机器狗,本体与产品,足式机器人,产品服务,4,carrier,无需上下文,两报告直接词/支持扩展,用户提供的两份具身智能报告,,
足式机器人,本体与产品,足式机器人,产品服务,4,carrier,无需上下文,两报告直接词/支持扩展,用户提供的两份具身智能报告,,
轮足复合机器人,本体与产品,足式机器人,产品服务,4,carrier,无需上下文,两报告直接词/支持扩展,用户提供的两份具身智能报告,,
协作机器人,本体与产品,机械臂与协作机器人,产品服务,3,carrier,无需上下文,报告直接词/支持扩展,用户提供的两份具身智能报告,,
协作机械臂,本体与产品,机械臂与协作机器人,产品服务,3,carrier,无需上下文,报告直接词/支持扩展,用户提供的两份具身智能报告,,
智能机械臂,本体与产品,机械臂与协作机器人,产品服务,3,carrier,无需上下文,报告直接词/支持扩展,用户提供的两份具身智能报告,,
双臂机器人,本体与产品,机械臂与协作机器人,产品服务,3,carrier,无需上下文,报告直接词/支持扩展,用户提供的两份具身智能报告,,
双臂操作平台,本体与产品,机械臂与协作机器人,产品服务,3,carrier,无需上下文,报告直接词/支持扩展,用户提供的两份具身智能报告,,
柔性机器人,本体与产品,机械臂与协作机器人,产品服务,3,carrier,无需上下文,报告直接词/支持扩展,用户提供的两份具身智能报告,,
自主移动机器人,本体与产品,自主移动机器人,产品服务,3,carrier,无需上下文,两报告直接词/支持扩展,用户提供的两份具身智能报告,,
AMR,本体与产品,自主移动机器人,产品服务,3,carrier,无需上下文,两报告直接词/支持扩展,用户提供的两份具身智能报告,,
自主移动小车,本体与产品,自主移动机器人,产品服务,3,carrier,无需上下文,两报告直接词/支持扩展,用户提供的两份具身智能报告,,
无人配送车,本体与产品,自主移动机器人,产品服务,3,carrier,无需上下文,两报告直接词/支持扩展,用户提供的两份具身智能报告,,
无人环卫车,本体与产品,自主移动机器人,产品服务,3,carrier,无需上下文,两报告直接词/支持扩展,用户提供的两份具身智能报告,,
无人公交,本体与产品,自主移动机器人,产品服务,3,carrier,无需上下文,两报告直接词/支持扩展,用户提供的两份具身智能报告,,
飞行机器人,本体与产品,自主移动机器人,产品服务,3,carrier,无需上下文,两报告直接词/支持扩展,用户提供的两份具身智能报告,,
仿生机器人,本体与产品,仿生与特种机器人,产品服务,3,carrier,无需上下文,报告直接词/支持扩展,用户提供的两份具身智能报告,,
软体机器人,本体与产品,仿生与特种机器人,产品服务,3,carrier,无需上下文,报告直接词/支持扩展,用户提供的两份具身智能报告,,
蛇形机器人,本体与产品,仿生与特种机器人,产品服务,3,carrier,无需上下文,报告直接词/支持扩展,用户提供的两份具身智能报告,,
仿生机器狗,本体与产品,仿生与特种机器人,产品服务,3,carrier,无需上下文,报告直接词/支持扩展,用户提供的两份具身智能报告,,
水下机器人,本体与产品,仿生与特种机器人,产品服务,3,carrier,无需上下文,报告直接词/支持扩展,用户提供的两份具身智能报告,,
巡检机器人,本体与产品,仿生与特种机器人,产品服务,3,carrier,无需上下文,报告直接词/支持扩展,用户提供的两份具身智能报告,,
搜救机器人,本体与产品,仿生与特种机器人,产品服务,3,carrier,无需上下文,报告直接词/支持扩展,用户提供的两份具身智能报告,,
防爆机器人,本体与产品,仿生与特种机器人,产品服务,3,carrier,无需上下文,报告直接词/支持扩展,用户提供的两份具身智能报告,,
特种机器人,本体与产品,仿生与特种机器人,产品服务,3,carrier,无需上下文,报告直接词/支持扩展,用户提供的两份具身智能报告,,
微型机器人集群,本体与产品,微型与集群机器人,产品服务,3,carrier,无需上下文,报告直接词/支持扩展,用户提供的两份具身智能报告,,
集群式微型智能机器人,本体与产品,微型与集群机器人,产品服务,3,carrier,无需上下文,报告直接词/支持扩展,用户提供的两份具身智能报告,,
微型智能机器人,本体与产品,微型与集群机器人,产品服务,3,carrier,无需上下文,报告直接词/支持扩展,用户提供的两份具身智能报告,,
机器人集群,本体与产品,微型与集群机器人,产品服务,3,carrier,无需上下文,报告直接词/支持扩展,用户提供的两份具身智能报告,,
群体机器人,本体与产品,微型与集群机器人,产品服务,3,carrier,无需上下文,报告直接词/支持扩展,用户提供的两份具身智能报告,,
自动驾驶汽车,本体与产品,智能运载装备,产品服务,3,carrier,无需上下文,报告直接词/支持扩展,用户提供的两份具身智能报告,,报告列为具身智能载体，但与既有产业交叉，得分低于核心模型词
无人驾驶汽车,本体与产品,智能运载装备,产品服务,3,carrier,无需上下文,报告直接词/支持扩展,用户提供的两份具身智能报告,,报告列为具身智能载体，但与既有产业交叉，得分低于核心模型词
自动驾驶车辆,本体与产品,智能运载装备,产品服务,3,carrier,无需上下文,报告直接词/支持扩展,用户提供的两份具身智能报告,,报告列为具身智能载体，但与既有产业交叉，得分低于核心模型词
无人驾驶小车,本体与产品,智能运载装备,产品服务,3,carrier,无需上下文,报告直接词/支持扩展,用户提供的两份具身智能报告,,报告列为具身智能载体，但与既有产业交叉，得分低于核心模型词
Robotaxi,本体与产品,智能运载装备,产品服务,3,carrier,无需上下文,报告直接词/支持扩展,用户提供的两份具身智能报告,,报告列为具身智能载体，但与既有产业交叉，得分低于核心模型词
无人驾驶航空器,本体与产品,智能运载装备,产品服务,3,carrier,无需上下文,报告直接词/支持扩展,用户提供的两份具身智能报告,,报告列为具身智能载体，但与既有产业交叉，得分低于核心模型词
eVTOL,本体与产品,智能运载装备,产品服务,3,carrier,无需上下文,报告直接词/支持扩展,用户提供的两份具身智能报告,,报告列为具身智能载体，但与既有产业交叉，得分低于核心模型词
无人船,本体与产品,智能运载装备,产品服务,3,carrier,无需上下文,报告直接词/支持扩展,用户提供的两份具身智能报告,,报告列为具身智能载体，但与既有产业交叉，得分低于核心模型词
自主航行船,本体与产品,智能运载装备,产品服务,3,carrier,无需上下文,报告直接词/支持扩展,用户提供的两份具身智能报告,,报告列为具身智能载体，但与既有产业交叉，得分低于核心模型词
无人机,本体与产品,广义运载载体,产品服务,2,contextual,intelligence,报告直接词,用户提供的两份具身智能报告,,需同时出现自主感知、决策、导航、学习等智能上下文
多旋翼飞行器,本体与产品,广义运载载体,产品服务,2,contextual,intelligence,报告直接词,用户提供的两份具身智能报告,,需同时出现自主感知、决策、导航、学习等智能上下文
无人车,本体与产品,广义运载载体,产品服务,2,contextual,intelligence,报告直接词,用户提供的两份具身智能报告,,需同时出现自主感知、决策、导航、学习等智能上下文
变形移动装置,本体与产品,新型智能产品,产品服务,3,carrier,无需上下文,报告直接词/支持扩展,用户提供的两份具身智能报告,,
自适应变形装置,本体与产品,新型智能产品,产品服务,3,carrier,无需上下文,报告直接词/支持扩展,用户提供的两份具身智能报告,,
智能可穿戴设备,本体与产品,新型智能产品,产品服务,3,carrier,无需上下文,报告直接词/支持扩展,用户提供的两份具身智能报告,,
智能外骨骼,本体与产品,新型智能产品,产品服务,3,carrier,无需上下文,报告直接词/支持扩展,用户提供的两份具身智能报告,,
外骨骼机器人,本体与产品,新型智能产品,产品服务,3,carrier,无需上下文,报告直接词/支持扩展,用户提供的两份具身智能报告,,
上肢外骨骼,本体与产品,新型智能产品,产品服务,3,carrier,无需上下文,报告直接词/支持扩展,用户提供的两份具身智能报告,,
下肢外骨骼,本体与产品,新型智能产品,产品服务,3,carrier,无需上下文,报告直接词/支持扩展,用户提供的两份具身智能报告,,
全身外骨骼,本体与产品,新型智能产品,产品服务,3,carrier,无需上下文,报告直接词/支持扩展,用户提供的两份具身智能报告,,
康复外骨骼,本体与产品,新型智能产品,产品服务,3,carrier,无需上下文,报告直接词/支持扩展,用户提供的两份具身智能报告,,
增强外骨骼,本体与产品,新型智能产品,产品服务,3,carrier,无需上下文,报告直接词/支持扩展,用户提供的两份具身智能报告,,
灵巧手,核心部件与本体,灵巧手与末端执行,基础设施,4,carrier,无需上下文,两报告直接词/支持扩展,用户提供的两份具身智能报告,,
仿生灵巧手,核心部件与本体,灵巧手与末端执行,基础设施,4,carrier,无需上下文,两报告直接词/支持扩展,用户提供的两份具身智能报告,,
视触觉灵巧手,核心部件与本体,灵巧手与末端执行,基础设施,4,carrier,无需上下文,两报告直接词/支持扩展,用户提供的两份具身智能报告,,
多指灵巧手,核心部件与本体,灵巧手与末端执行,基础设施,4,carrier,无需上下文,两报告直接词/支持扩展,用户提供的两份具身智能报告,,
末端执行器,核心部件与本体,灵巧手与末端执行,基础设施,4,carrier,无需上下文,两报告直接词/支持扩展,用户提供的两份具身智能报告,,
机器人夹爪,核心部件与本体,灵巧手与末端执行,基础设施,4,carrier,无需上下文,两报告直接词/支持扩展,用户提供的两份具身智能报告,,
智能夹爪,核心部件与本体,灵巧手与末端执行,基础设施,4,carrier,无需上下文,两报告直接词/支持扩展,用户提供的两份具身智能报告,,
机械夹爪,核心部件与本体,灵巧手与末端执行,基础设施,4,carrier,无需上下文,两报告直接词/支持扩展,用户提供的两份具身智能报告,,
力触觉传感器,核心部件与本体,力触觉感知,基础设施,4,component,需机器人/物理本体上下文,两报告直接词/公开资本研报补充,民生证券《智能具身创启未来纪元》,https://pdf.dfcfw.com/pdf/H3_AP202505181675062375_1.pdf,
六维力传感器,核心部件与本体,力触觉感知,基础设施,4,component,需机器人/物理本体上下文,两报告直接词/公开资本研报补充,民生证券《智能具身创启未来纪元》,https://pdf.dfcfw.com/pdf/H3_AP202505181675062375_1.pdf,
六维力矩传感器,核心部件与本体,力触觉感知,基础设施,4,component,需机器人/物理本体上下文,两报告直接词/公开资本研报补充,民生证券《智能具身创启未来纪元》,https://pdf.dfcfw.com/pdf/H3_AP202505181675062375_1.pdf,
六维力触觉传感器,核心部件与本体,力触觉感知,基础设施,4,component,需机器人/物理本体上下文,两报告直接词/公开资本研报补充,民生证券《智能具身创启未来纪元》,https://pdf.dfcfw.com/pdf/H3_AP202505181675062375_1.pdf,
多维触觉传感器,核心部件与本体,力触觉感知,基础设施,4,component,需机器人/物理本体上下文,两报告直接词/公开资本研报补充,民生证券《智能具身创启未来纪元》,https://pdf.dfcfw.com/pdf/H3_AP202505181675062375_1.pdf,
触觉传感器,核心部件与本体,力触觉感知,基础设施,4,component,需机器人/物理本体上下文,两报告直接词/公开资本研报补充,民生证券《智能具身创启未来纪元》,https://pdf.dfcfw.com/pdf/H3_AP202505181675062375_1.pdf,
柔性触觉传感器,核心部件与本体,力触觉感知,基础设施,4,component,需机器人/物理本体上下文,两报告直接词/公开资本研报补充,民生证券《智能具身创启未来纪元》,https://pdf.dfcfw.com/pdf/H3_AP202505181675062375_1.pdf,
MEMS触觉传感器,核心部件与本体,力触觉感知,基础设施,4,component,需机器人/物理本体上下文,两报告直接词/公开资本研报补充,民生证券《智能具身创启未来纪元》,https://pdf.dfcfw.com/pdf/H3_AP202505181675062375_1.pdf,
力矩传感器,核心部件与本体,力触觉感知,基础设施,4,component,需机器人/物理本体上下文,两报告直接词/公开资本研报补充,民生证券《智能具身创启未来纪元》,https://pdf.dfcfw.com/pdf/H3_AP202505181675062375_1.pdf,
压力传感器,核心部件与本体,力触觉感知,基础设施,4,component,需机器人/物理本体上下文,两报告直接词/公开资本研报补充,民生证券《智能具身创启未来纪元》,https://pdf.dfcfw.com/pdf/H3_AP202505181675062375_1.pdf,
视触觉传感器,核心部件与本体,力触觉感知,基础设施,4,component,需机器人/物理本体上下文,两报告直接词/公开资本研报补充,民生证券《智能具身创启未来纪元》,https://pdf.dfcfw.com/pdf/H3_AP202505181675062375_1.pdf,
电子皮肤,核心部件与本体,力触觉感知,基础设施,4,component,需机器人/物理本体上下文,两报告直接词/公开资本研报补充,民生证券《智能具身创启未来纪元》,https://pdf.dfcfw.com/pdf/H3_AP202505181675062375_1.pdf,
柔性电子皮肤,核心部件与本体,力触觉感知,基础设施,4,component,需机器人/物理本体上下文,两报告直接词/公开资本研报补充,民生证券《智能具身创启未来纪元》,https://pdf.dfcfw.com/pdf/H3_AP202505181675062375_1.pdf,
接近觉,核心部件与本体,力触觉感知,基础设施,4,component,需机器人/物理本体上下文,两报告直接词/公开资本研报补充,民生证券《智能具身创启未来纪元》,https://pdf.dfcfw.com/pdf/H3_AP202505181675062375_1.pdf,
触觉编码器,核心部件与本体,力触觉感知,基础设施,4,component,需机器人/物理本体上下文,两报告直接词/公开资本研报补充,民生证券《智能具身创启未来纪元》,https://pdf.dfcfw.com/pdf/H3_AP202505181675062375_1.pdf,
感知系统,核心部件与本体,视觉与环境感知,基础设施,3,component,需机器人/物理本体上下文,报告直接词/公开资本研报补充,用户提供的两份具身智能报告,,
视觉系统,核心部件与本体,视觉与环境感知,基础设施,3,component,需机器人/物理本体上下文,报告直接词/公开资本研报补充,用户提供的两份具身智能报告,,
机器视觉,核心部件与本体,视觉与环境感知,基础设施,3,component,需机器人/物理本体上下文,报告直接词/公开资本研报补充,用户提供的两份具身智能报告,,
深度相机,核心部件与本体,视觉与环境感知,基础设施,3,component,需机器人/物理本体上下文,报告直接词/公开资本研报补充,用户提供的两份具身智能报告,,
RGB-D相机,核心部件与本体,视觉与环境感知,基础设施,3,component,需机器人/物理本体上下文,报告直接词/公开资本研报补充,用户提供的两份具身智能报告,,
TOF深度相机,核心部件与本体,视觉与环境感知,基础设施,3,component,需机器人/物理本体上下文,报告直接词/公开资本研报补充,用户提供的两份具身智能报告,,
3D视觉,核心部件与本体,视觉与环境感知,基础设施,3,component,需机器人/物理本体上下文,报告直接词/公开资本研报补充,用户提供的两份具身智能报告,,
激光雷达,核心部件与本体,视觉与环境感知,基础设施,3,component,需机器人/物理本体上下文,报告直接词/公开资本研报补充,用户提供的两份具身智能报告,,
毫米波雷达,核心部件与本体,视觉与环境感知,基础设施,3,component,需机器人/物理本体上下文,报告直接词/公开资本研报补充,用户提供的两份具身智能报告,,
点云,核心部件与本体,视觉与环境感知,基础设施,3,component,需机器人/物理本体上下文,报告直接词/公开资本研报补充,用户提供的两份具身智能报告,,
SLAM,核心部件与本体,视觉与环境感知,基础设施,3,component,需机器人/物理本体上下文,报告直接词/公开资本研报补充,用户提供的两份具身智能报告,,
视觉定位,核心部件与本体,视觉与环境感知,基础设施,3,component,需机器人/物理本体上下文,报告直接词/公开资本研报补充,用户提供的两份具身智能报告,,
多传感器融合,核心部件与本体,视觉与环境感知,基础设施,3,component,需机器人/物理本体上下文,报告直接词/公开资本研报补充,用户提供的两份具身智能报告,,
惯性测量单元,核心部件与本体,惯性与姿态感知,基础设施,2,component,需机器人/物理本体上下文,公开资本研报补充,浙商证券人形机器人报告及公开产业研究,https://pdf.dfcfw.com/pdf/H301_AP202307031591987350_1.pdf,
惯性传感器,核心部件与本体,惯性与姿态感知,基础设施,2,component,需机器人/物理本体上下文,公开资本研报补充,浙商证券人形机器人报告及公开产业研究,https://pdf.dfcfw.com/pdf/H301_AP202307031591987350_1.pdf,
惯性导航单元,核心部件与本体,惯性与姿态感知,基础设施,2,component,需机器人/物理本体上下文,公开资本研报补充,浙商证券人形机器人报告及公开产业研究,https://pdf.dfcfw.com/pdf/H301_AP202307031591987350_1.pdf,
IMU,核心部件与本体,惯性与姿态感知,基础设施,2,component,需机器人/物理本体上下文,公开资本研报补充,浙商证券人形机器人报告及公开产业研究,https://pdf.dfcfw.com/pdf/H301_AP202307031591987350_1.pdf,
惯导IMU,核心部件与本体,惯性与姿态感知,基础设施,2,component,需机器人/物理本体上下文,公开资本研报补充,浙商证券人形机器人报告及公开产业研究,https://pdf.dfcfw.com/pdf/H301_AP202307031591987350_1.pdf,
机器人陀螺仪,核心部件与本体,惯性与姿态感知,基础设施,2,component,需机器人/物理本体上下文,公开资本研报补充,浙商证券人形机器人报告及公开产业研究,https://pdf.dfcfw.com/pdf/H301_AP202307031591987350_1.pdf,
机器人加速度计,核心部件与本体,惯性与姿态感知,基础设施,2,component,需机器人/物理本体上下文,公开资本研报补充,浙商证券人形机器人报告及公开产业研究,https://pdf.dfcfw.com/pdf/H301_AP202307031591987350_1.pdf,
姿态传感器,核心部件与本体,惯性与姿态感知,基础设施,2,component,需机器人/物理本体上下文,公开资本研报补充,浙商证券人形机器人报告及公开产业研究,https://pdf.dfcfw.com/pdf/H301_AP202307031591987350_1.pdf,
一体化关节,核心部件与本体,一体化关节,基础设施,4,component,需机器人/物理本体上下文,两报告直接词/支持扩展,用户提供的两份具身智能报告,,
电驱动一体化关节,核心部件与本体,一体化关节,基础设施,4,component,需机器人/物理本体上下文,两报告直接词/支持扩展,用户提供的两份具身智能报告,,
关节模组,核心部件与本体,一体化关节,基础设施,4,component,需机器人/物理本体上下文,两报告直接词/支持扩展,用户提供的两份具身智能报告,,
机器人关节模组,核心部件与本体,一体化关节,基础设施,4,component,需机器人/物理本体上下文,两报告直接词/支持扩展,用户提供的两份具身智能报告,,
无框力矩电机,核心部件与本体,一体化关节,基础设施,4,component,需机器人/物理本体上下文,两报告直接词/支持扩展,用户提供的两份具身智能报告,,
关节控制器,核心部件与本体,一体化关节,基础设施,4,component,需机器人/物理本体上下文,两报告直接词/支持扩展,用户提供的两份具身智能报告,,
关节热管理,核心部件与本体,一体化关节,基础设施,4,component,需机器人/物理本体上下文,两报告直接词/支持扩展,用户提供的两份具身智能报告,,
高扭矩关节,核心部件与本体,一体化关节,基础设施,4,component,需机器人/物理本体上下文,两报告直接词/支持扩展,用户提供的两份具身智能报告,,
高自由度关节,核心部件与本体,一体化关节,基础设施,4,component,需机器人/物理本体上下文,两报告直接词/支持扩展,用户提供的两份具身智能报告,,
谐波减速器,核心部件与本体,驱动与传动,基础设施,2,component,需机器人/物理本体上下文,两报告直接词/公开资本研报补充,用户提供的两份具身智能报告,,
行星减速器,核心部件与本体,驱动与传动,基础设施,2,component,需机器人/物理本体上下文,两报告直接词/公开资本研报补充,用户提供的两份具身智能报告,,
RV减速器,核心部件与本体,驱动与传动,基础设施,2,component,需机器人/物理本体上下文,两报告直接词/公开资本研报补充,用户提供的两份具身智能报告,,
精密减速器,核心部件与本体,驱动与传动,基础设施,2,component,需机器人/物理本体上下文,两报告直接词/公开资本研报补充,用户提供的两份具身智能报告,,
减速器,核心部件与本体,驱动与传动,基础设施,2,component,需机器人/物理本体上下文,两报告直接词/公开资本研报补充,用户提供的两份具身智能报告,,
伺服驱动器,核心部件与本体,驱动与传动,基础设施,2,component,需机器人/物理本体上下文,两报告直接词/公开资本研报补充,用户提供的两份具身智能报告,,
关节驱动器,核心部件与本体,驱动与传动,基础设施,2,component,需机器人/物理本体上下文,两报告直接词/公开资本研报补充,用户提供的两份具身智能报告,,
驱动器,核心部件与本体,驱动与传动,基础设施,2,component,需机器人/物理本体上下文,两报告直接词/公开资本研报补充,用户提供的两份具身智能报告,,
滚柱丝杠,核心部件与本体,驱动与传动,基础设施,2,component,需机器人/物理本体上下文,两报告直接词/公开资本研报补充,用户提供的两份具身智能报告,,
行星滚柱丝杠,核心部件与本体,驱动与传动,基础设施,2,component,需机器人/物理本体上下文,两报告直接词/公开资本研报补充,用户提供的两份具身智能报告,,
反向式行星滚柱丝杠,核心部件与本体,驱动与传动,基础设施,2,component,需机器人/物理本体上下文,两报告直接词/公开资本研报补充,用户提供的两份具身智能报告,,
滚珠丝杠,核心部件与本体,驱动与传动,基础设施,2,component,需机器人/物理本体上下文,两报告直接词/公开资本研报补充,用户提供的两份具身智能报告,,
梯形丝杠,核心部件与本体,驱动与传动,基础设施,2,component,需机器人/物理本体上下文,两报告直接词/公开资本研报补充,用户提供的两份具身智能报告,,
丝杠,核心部件与本体,驱动与传动,基础设施,2,component,需机器人/物理本体上下文,两报告直接词/公开资本研报补充,用户提供的两份具身智能报告,,
传动系统,核心部件与本体,驱动与传动,基础设施,2,component,需机器人/物理本体上下文,两报告直接词/公开资本研报补充,用户提供的两份具身智能报告,,
传动齿轮,核心部件与本体,驱动与传动,基础设施,2,component,需机器人/物理本体上下文,两报告直接词/公开资本研报补充,用户提供的两份具身智能报告,,
旋转执行器,核心部件与本体,关节执行器路线,基础设施,3,component,需机器人/物理本体上下文,公开资本研报补充,国金证券、民生证券等公开人形机器人产业链报告,https://pdf.dfcfw.com/pdf/H3_AP202401241617985089_1.pdf,
线性执行器,核心部件与本体,关节执行器路线,基础设施,3,component,需机器人/物理本体上下文,公开资本研报补充,国金证券、民生证券等公开人形机器人产业链报告,https://pdf.dfcfw.com/pdf/H3_AP202401241617985089_1.pdf,
串联弹性驱动器,核心部件与本体,关节执行器路线,基础设施,3,component,需机器人/物理本体上下文,公开资本研报补充,国金证券、民生证券等公开人形机器人产业链报告,https://pdf.dfcfw.com/pdf/H3_AP202401241617985089_1.pdf,
弹性驱动器,核心部件与本体,关节执行器路线,基础设施,3,component,需机器人/物理本体上下文,公开资本研报补充,国金证券、民生证券等公开人形机器人产业链报告,https://pdf.dfcfw.com/pdf/H3_AP202401241617985089_1.pdf,
SEA,核心部件与本体,关节执行器路线,基础设施,3,component,需机器人/物理本体上下文,公开资本研报补充,国金证券、民生证券等公开人形机器人产业链报告,https://pdf.dfcfw.com/pdf/H3_AP202401241617985089_1.pdf,
准直驱驱动器,核心部件与本体,关节执行器路线,基础设施,3,component,需机器人/物理本体上下文,公开资本研报补充,国金证券、民生证券等公开人形机器人产业链报告,https://pdf.dfcfw.com/pdf/H3_AP202401241617985089_1.pdf,
准直驱关节,核心部件与本体,关节执行器路线,基础设施,3,component,需机器人/物理本体上下文,公开资本研报补充,国金证券、民生证券等公开人形机器人产业链报告,https://pdf.dfcfw.com/pdf/H3_AP202401241617985089_1.pdf,
准直驱,核心部件与本体,关节执行器路线,基础设施,3,component,需机器人/物理本体上下文,公开资本研报补充,国金证券、民生证券等公开人形机器人产业链报告,https://pdf.dfcfw.com/pdf/H3_AP202401241617985089_1.pdf,
QDD,核心部件与本体,关节执行器路线,基础设施,3,component,需机器人/物理本体上下文,公开资本研报补充,国金证券、民生证券等公开人形机器人产业链报告,https://pdf.dfcfw.com/pdf/H3_AP202401241617985089_1.pdf,
半直驱,核心部件与本体,关节执行器路线,基础设施,3,component,需机器人/物理本体上下文,公开资本研报补充,国金证券、民生证券等公开人形机器人产业链报告,https://pdf.dfcfw.com/pdf/H3_AP202401241617985089_1.pdf,
本体驱动器,核心部件与本体,关节执行器路线,基础设施,3,component,需机器人/物理本体上下文,公开资本研报补充,国金证券、民生证券等公开人形机器人产业链报告,https://pdf.dfcfw.com/pdf/H3_AP202401241617985089_1.pdf,
力矩电机,核心部件与本体,电机与基础机械件,基础设施,1,component,需机器人/物理本体上下文,两报告直接词/支持扩展,用户提供的两份具身智能报告,,通用性强，仅在机器人/本体上下文中记录低分
空心杯电机,核心部件与本体,电机与基础机械件,基础设施,1,component,需机器人/物理本体上下文,两报告直接词/支持扩展,用户提供的两份具身智能报告,,通用性强，仅在机器人/本体上下文中记录低分
无框电机,核心部件与本体,电机与基础机械件,基础设施,1,component,需机器人/物理本体上下文,两报告直接词/支持扩展,用户提供的两份具身智能报告,,通用性强，仅在机器人/本体上下文中记录低分
伺服电机,核心部件与本体,电机与基础机械件,基础设施,1,component,需机器人/物理本体上下文,两报告直接词/支持扩展,用户提供的两份具身智能报告,,通用性强，仅在机器人/本体上下文中记录低分
电机控制器,核心部件与本体,电机与基础机械件,基础设施,1,component,需机器人/物理本体上下文,两报告直接词/支持扩展,用户提供的两份具身智能报告,,通用性强，仅在机器人/本体上下文中记录低分
精密轴承,核心部件与本体,电机与基础机械件,基础设施,1,component,需机器人/物理本体上下文,两报告直接词/支持扩展,用户提供的两份具身智能报告,,通用性强，仅在机器人/本体上下文中记录低分
交叉滚子轴承,核心部件与本体,电机与基础机械件,基础设施,1,component,需机器人/物理本体上下文,两报告直接词/支持扩展,用户提供的两份具身智能报告,,通用性强，仅在机器人/本体上下文中记录低分
轴承,核心部件与本体,电机与基础机械件,基础设施,1,component,需机器人/物理本体上下文,两报告直接词/支持扩展,用户提供的两份具身智能报告,,通用性强，仅在机器人/本体上下文中记录低分
绝对值编码器,核心部件与本体,位置与运动反馈,基础设施,1,component,需机器人/物理本体上下文,公开资本研报补充,浙商证券、国金证券人形机器人产业链报告,https://pdf.dfcfw.com/pdf/H301_AP202307031591987350_1.pdf,
双编码器,核心部件与本体,位置与运动反馈,基础设施,1,component,需机器人/物理本体上下文,公开资本研报补充,浙商证券、国金证券人形机器人产业链报告,https://pdf.dfcfw.com/pdf/H301_AP202307031591987350_1.pdf,
磁编码器,核心部件与本体,位置与运动反馈,基础设施,1,component,需机器人/物理本体上下文,公开资本研报补充,浙商证券、国金证券人形机器人产业链报告,https://pdf.dfcfw.com/pdf/H301_AP202307031591987350_1.pdf,
光电编码器,核心部件与本体,位置与运动反馈,基础设施,1,component,需机器人/物理本体上下文,公开资本研报补充,浙商证券、国金证券人形机器人产业链报告,https://pdf.dfcfw.com/pdf/H301_AP202307031591987350_1.pdf,
角度编码器,核心部件与本体,位置与运动反馈,基础设施,1,component,需机器人/物理本体上下文,公开资本研报补充,浙商证券、国金证券人形机器人产业链报告,https://pdf.dfcfw.com/pdf/H301_AP202307031591987350_1.pdf,
位置编码器,核心部件与本体,位置与运动反馈,基础设施,1,component,需机器人/物理本体上下文,公开资本研报补充,浙商证券、国金证券人形机器人产业链报告,https://pdf.dfcfw.com/pdf/H301_AP202307031591987350_1.pdf,
机器人编码器,核心部件与本体,位置与运动反馈,基础设施,1,component,需机器人/物理本体上下文,公开资本研报补充,浙商证券、国金证券人形机器人产业链报告,https://pdf.dfcfw.com/pdf/H301_AP202307031591987350_1.pdf,
执行系统,核心部件与本体,执行与移动系统,基础设施,2,component,需机器人/物理本体上下文,报告直接词/支持扩展,用户提供的两份具身智能报告,,
移动底盘,核心部件与本体,执行与移动系统,基础设施,2,component,需机器人/物理本体上下文,报告直接词/支持扩展,用户提供的两份具身智能报告,,
轮式底盘,核心部件与本体,执行与移动系统,基础设施,2,component,需机器人/物理本体上下文,报告直接词/支持扩展,用户提供的两份具身智能报告,,
线控底盘,核心部件与本体,执行与移动系统,基础设施,2,component,需机器人/物理本体上下文,报告直接词/支持扩展,用户提供的两份具身智能报告,,
舵机,核心部件与本体,执行与移动系统,基础设施,2,component,需机器人/物理本体上下文,报告直接词/支持扩展,用户提供的两份具身智能报告,,
运动执行器,核心部件与本体,执行与移动系统,基础设施,2,component,需机器人/物理本体上下文,报告直接词/支持扩展,用户提供的两份具身智能报告,,
抓取机构,核心部件与本体,执行与移动系统,基础设施,2,component,需机器人/物理本体上下文,报告直接词/支持扩展,用户提供的两份具身智能报告,,
操作机构,核心部件与本体,执行与移动系统,基础设施,2,component,需机器人/物理本体上下文,报告直接词/支持扩展,用户提供的两份具身智能报告,,
机器人能源系统,核心部件与本体,能源系统,基础设施,1,component,需机器人/物理本体上下文,两报告直接词/支持扩展,用户提供的两份具身智能报告,,
固态电池,核心部件与本体,能源系统,基础设施,1,component,需机器人/物理本体上下文,两报告直接词/支持扩展,用户提供的两份具身智能报告,,
高能量密度电池,核心部件与本体,能源系统,基础设施,1,component,需机器人/物理本体上下文,两报告直接词/支持扩展,用户提供的两份具身智能报告,,
高倍率电池,核心部件与本体,能源系统,基础设施,1,component,需机器人/物理本体上下文,两报告直接词/支持扩展,用户提供的两份具身智能报告,,
氢燃料电池,核心部件与本体,能源系统,基础设施,1,component,需机器人/物理本体上下文,两报告直接词/支持扩展,用户提供的两份具身智能报告,,
氢动力机器人,核心部件与本体,能源系统,基础设施,1,component,需机器人/物理本体上下文,两报告直接词/支持扩展,用户提供的两份具身智能报告,,
高性能材料结构件,核心部件与本体,高性能材料结构件,基础设施,1,component,需机器人/物理本体上下文,报告直接词/支持扩展,用户提供的两份具身智能报告,,
轻量化结构件,核心部件与本体,高性能材料结构件,基础设施,1,component,需机器人/物理本体上下文,报告直接词/支持扩展,用户提供的两份具身智能报告,,
铝合金结构件,核心部件与本体,高性能材料结构件,基础设施,1,component,需机器人/物理本体上下文,报告直接词/支持扩展,用户提供的两份具身智能报告,,
碳纤维复合材料,核心部件与本体,高性能材料结构件,基础设施,1,component,需机器人/物理本体上下文,报告直接词/支持扩展,用户提供的两份具身智能报告,,
聚醚醚酮,核心部件与本体,高性能材料结构件,基础设施,1,component,需机器人/物理本体上下文,报告直接词/支持扩展,用户提供的两份具身智能报告,,
PEEK,核心部件与本体,高性能材料结构件,基础设施,1,component,需机器人/物理本体上下文,报告直接词/支持扩展,用户提供的两份具身智能报告,,
端侧计算芯片,云边端与平台,端侧计算,基础设施,3,platform,需机器人/物理本体上下文,两报告直接词/支持扩展,用户提供的两份具身智能报告,,
机器人计算芯片,云边端与平台,端侧计算,基础设施,3,platform,需机器人/物理本体上下文,两报告直接词/支持扩展,用户提供的两份具身智能报告,,
端侧推理,云边端与平台,端侧计算,基础设施,3,platform,需机器人/物理本体上下文,两报告直接词/支持扩展,用户提供的两份具身智能报告,,
模型端侧部署,云边端与平台,端侧计算,基础设施,3,platform,需机器人/物理本体上下文,两报告直接词/支持扩展,用户提供的两份具身智能报告,,
高算力控制器,云边端与平台,端侧计算,基础设施,3,platform,需机器人/物理本体上下文,两报告直接词/支持扩展,用户提供的两份具身智能报告,,
算控一体,云边端与平台,端侧计算,基础设施,3,platform,需机器人/物理本体上下文,两报告直接词/支持扩展,用户提供的两份具身智能报告,,
算控一体化,云边端与平台,端侧计算,基础设施,3,platform,需机器人/物理本体上下文,两报告直接词/支持扩展,用户提供的两份具身智能报告,,
端侧大算力,云边端与平台,端侧计算,基础设施,3,platform,需机器人/物理本体上下文,两报告直接词/支持扩展,用户提供的两份具身智能报告,,
边缘端推理,云边端与平台,端侧计算,基础设施,3,platform,需机器人/物理本体上下文,两报告直接词/支持扩展,用户提供的两份具身智能报告,,
云边端协同,云边端与平台,云边端协同,基础设施,3,platform,需机器人/物理本体上下文,报告直接词/支持扩展,用户提供的两份具身智能报告,,
云-边-端,云边端与平台,云边端协同,基础设施,3,platform,需机器人/物理本体上下文,报告直接词/支持扩展,用户提供的两份具身智能报告,,
云－边－端,云边端与平台,云边端协同,基础设施,3,platform,需机器人/物理本体上下文,报告直接词/支持扩展,用户提供的两份具身智能报告,,
端边云协同,云边端与平台,云边端协同,基础设施,3,platform,需机器人/物理本体上下文,报告直接词/支持扩展,用户提供的两份具身智能报告,,
边云协同,云边端与平台,云边端协同,基础设施,3,platform,需机器人/物理本体上下文,报告直接词/支持扩展,用户提供的两份具身智能报告,,
云端训练,云边端与平台,云边端协同,基础设施,3,platform,需机器人/物理本体上下文,报告直接词/支持扩展,用户提供的两份具身智能报告,,
分布式计算,云边端与平台,云边端协同,基础设施,3,platform,需机器人/物理本体上下文,报告直接词/支持扩展,用户提供的两份具身智能报告,,
跨本体管理,云边端与平台,云边端协同,基础设施,3,platform,需机器人/物理本体上下文,报告直接词/支持扩展,用户提供的两份具身智能报告,,
端云适配,云边端与平台,云边端协同,基础设施,3,platform,需机器人/物理本体上下文,报告直接词/支持扩展,用户提供的两份具身智能报告,,
数据上传,云边端与平台,云边端协同,基础设施,3,platform,需机器人/物理本体上下文,报告直接词/支持扩展,用户提供的两份具身智能报告,,
模型部署,云边端与平台,云边端协同,基础设施,3,platform,需机器人/物理本体上下文,报告直接词/支持扩展,用户提供的两份具身智能报告,,
具身智能开放平台,云边端与平台,云侧服务,基础设施,3,platform,需机器人/物理本体上下文,报告直接词/支持扩展,用户提供的两份具身智能报告,,
机器人云平台,云边端与平台,云侧服务,基础设施,3,platform,需机器人/物理本体上下文,报告直接词/支持扩展,用户提供的两份具身智能报告,,
数据服务,云边端与平台,云侧服务,基础设施,3,platform,需机器人/物理本体上下文,报告直接词/支持扩展,用户提供的两份具身智能报告,,
模型服务,云边端与平台,云侧服务,基础设施,3,platform,需机器人/物理本体上下文,报告直接词/支持扩展,用户提供的两份具身智能报告,,
仿真服务,云边端与平台,云侧服务,基础设施,3,platform,需机器人/物理本体上下文,报告直接词/支持扩展,用户提供的两份具身智能报告,,
仿真训练平台,云边端与平台,云侧服务,基础设施,3,platform,需机器人/物理本体上下文,报告直接词/支持扩展,用户提供的两份具身智能报告,,
开发工具链,云边端与平台,云侧服务,基础设施,3,platform,需机器人/物理本体上下文,报告直接词/支持扩展,用户提供的两份具身智能报告,,
机器人上下文协议,云边端与平台,云侧服务,基础设施,3,platform,需机器人/物理本体上下文,报告直接词/支持扩展,用户提供的两份具身智能报告,,
机器人操作系统,云边端与平台,操作系统与中间件,基础设施,3,platform,需机器人/物理本体上下文,报告直接词/支持扩展,用户提供的两份具身智能报告,,
ROS,云边端与平台,操作系统与中间件,基础设施,3,platform,需机器人/物理本体上下文,报告直接词/支持扩展,用户提供的两份具身智能报告,,
ROS 2,云边端与平台,操作系统与中间件,基础设施,3,platform,需机器人/物理本体上下文,报告直接词/支持扩展,用户提供的两份具身智能报告,,
中间件,云边端与平台,操作系统与中间件,基础设施,3,platform,需机器人/物理本体上下文,报告直接词/支持扩展,用户提供的两份具身智能报告,,
数据分发服务,云边端与平台,操作系统与中间件,基础设施,3,platform,需机器人/物理本体上下文,报告直接词/支持扩展,用户提供的两份具身智能报告,,
DDS,云边端与平台,操作系统与中间件,基础设施,3,platform,需机器人/物理本体上下文,报告直接词/支持扩展,用户提供的两份具身智能报告,,
具身操作系统,云边端与平台,操作系统与中间件,基础设施,3,platform,需机器人/物理本体上下文,报告直接词/支持扩展,用户提供的两份具身智能报告,,
跨本体开发,云边端与平台,操作系统与中间件,基础设施,3,platform,需机器人/物理本体上下文,报告直接词/支持扩展,用户提供的两份具身智能报告,,
模型调度,云边端与平台,操作系统与中间件,基础设施,3,platform,需机器人/物理本体上下文,报告直接词/支持扩展,用户提供的两份具身智能报告,,
异构算力整合,云边端与平台,操作系统与中间件,基础设施,3,platform,需机器人/物理本体上下文,报告直接词/支持扩展,用户提供的两份具身智能报告,,
端侧芯片,云边端与平台,底座支撑,基础设施,1,platform,需机器人/物理本体上下文,两报告直接词/支持扩展,用户提供的两份具身智能报告,,
通信模组,云边端与平台,底座支撑,基础设施,1,platform,需机器人/物理本体上下文,两报告直接词/支持扩展,用户提供的两份具身智能报告,,
机器人通信模组,云边端与平台,底座支撑,基础设施,1,platform,需机器人/物理本体上下文,两报告直接词/支持扩展,用户提供的两份具身智能报告,,
机器人存储,云边端与平台,底座支撑,基础设施,1,platform,需机器人/物理本体上下文,两报告直接词/支持扩展,用户提供的两份具身智能报告,,
大内存带宽,云边端与平台,底座支撑,基础设施,1,platform,需机器人/物理本体上下文,两报告直接词/支持扩展,用户提供的两份具身智能报告,,
低功耗计算,云边端与平台,底座支撑,基础设施,1,platform,需机器人/物理本体上下文,两报告直接词/支持扩展,用户提供的两份具身智能报告,,
热管理系统,云边端与平台,底座支撑,基础设施,1,platform,需机器人/物理本体上下文,两报告直接词/支持扩展,用户提供的两份具身智能报告,,
具身智能真实世界评测,评测安全与工程化,真实世界评测,技术服务,3,core,无需上下文,公开科研白皮书补充,中国人工智能学会2026具身智能十五大方向,https://www.caai.cn/site/content/7747.html,
机器人真实世界评测,评测安全与工程化,真实世界评测,技术服务,3,core,无需上下文,公开科研白皮书补充,中国人工智能学会2026具身智能十五大方向,https://www.caai.cn/site/content/7747.html,
具身智能评测体系,评测安全与工程化,真实世界评测,技术服务,3,core,无需上下文,公开科研白皮书补充,中国人工智能学会2026具身智能十五大方向,https://www.caai.cn/site/content/7747.html,
具身任务评测,评测安全与工程化,真实世界评测,技术服务,3,core,无需上下文,公开科研白皮书补充,中国人工智能学会2026具身智能十五大方向,https://www.caai.cn/site/content/7747.html,
开放环境评测,评测安全与工程化,真实世界评测,技术服务,3,core,无需上下文,公开科研白皮书补充,中国人工智能学会2026具身智能十五大方向,https://www.caai.cn/site/content/7747.html,
仿真评测,评测安全与工程化,真实世界评测,技术服务,3,core,无需上下文,公开科研白皮书补充,中国人工智能学会2026具身智能十五大方向,https://www.caai.cn/site/content/7747.html,
真机评测,评测安全与工程化,真实世界评测,技术服务,3,core,无需上下文,公开科研白皮书补充,中国人工智能学会2026具身智能十五大方向,https://www.caai.cn/site/content/7747.html,
具身模型加速,评测安全与工程化,模型加速与轻量化,技术服务,3,core,无需上下文,公开科研白皮书补充,中国人工智能学会2026具身智能十五大方向,https://www.caai.cn/site/content/7747.html,
具身算法加速,评测安全与工程化,模型加速与轻量化,技术服务,3,core,无需上下文,公开科研白皮书补充,中国人工智能学会2026具身智能十五大方向,https://www.caai.cn/site/content/7747.html,
具身模型轻量化,评测安全与工程化,模型加速与轻量化,技术服务,3,core,无需上下文,公开科研白皮书补充,中国人工智能学会2026具身智能十五大方向,https://www.caai.cn/site/content/7747.html,
机器人模型轻量化,评测安全与工程化,模型加速与轻量化,技术服务,3,core,无需上下文,公开科研白皮书补充,中国人工智能学会2026具身智能十五大方向,https://www.caai.cn/site/content/7747.html,
机器人模型量化,评测安全与工程化,模型加速与轻量化,技术服务,3,core,无需上下文,公开科研白皮书补充,中国人工智能学会2026具身智能十五大方向,https://www.caai.cn/site/content/7747.html,
机器人模型剪枝,评测安全与工程化,模型加速与轻量化,技术服务,3,core,无需上下文,公开科研白皮书补充,中国人工智能学会2026具身智能十五大方向,https://www.caai.cn/site/content/7747.html,
机器人推理加速,评测安全与工程化,模型加速与轻量化,技术服务,3,core,无需上下文,公开科研白皮书补充,中国人工智能学会2026具身智能十五大方向,https://www.caai.cn/site/content/7747.html,
具身智能安全,评测安全与工程化,安全与价值对齐,技术服务,3,core,无需上下文,公开科研白皮书补充,中国人工智能学会《具身智能（2026修订版）》及十五大方向,https://www.caai.cn/site/content/7747.html,
具身安全,评测安全与工程化,安全与价值对齐,技术服务,3,core,无需上下文,公开科研白皮书补充,中国人工智能学会《具身智能（2026修订版）》及十五大方向,https://www.caai.cn/site/content/7747.html,
具身价值对齐,评测安全与工程化,安全与价值对齐,技术服务,3,core,无需上下文,公开科研白皮书补充,中国人工智能学会《具身智能（2026修订版）》及十五大方向,https://www.caai.cn/site/content/7747.html,
机器人价值对齐,评测安全与工程化,安全与价值对齐,技术服务,3,core,无需上下文,公开科研白皮书补充,中国人工智能学会《具身智能（2026修订版）》及十五大方向,https://www.caai.cn/site/content/7747.html,
安全动作策略,评测安全与工程化,安全与价值对齐,技术服务,3,core,无需上下文,公开科研白皮书补充,中国人工智能学会《具身智能（2026修订版）》及十五大方向,https://www.caai.cn/site/content/7747.html,
安全策略学习,评测安全与工程化,安全与价值对齐,技术服务,3,core,无需上下文,公开科研白皮书补充,中国人工智能学会《具身智能（2026修订版）》及十五大方向,https://www.caai.cn/site/content/7747.html,
机器人行为安全,评测安全与工程化,安全与价值对齐,技术服务,3,core,无需上下文,公开科研白皮书补充,中国人工智能学会《具身智能（2026修订版）》及十五大方向,https://www.caai.cn/site/content/7747.html,
人机共融安全,评测安全与工程化,安全与价值对齐,技术服务,3,core,无需上下文,公开科研白皮书补充,中国人工智能学会《具身智能（2026修订版）》及十五大方向,https://www.caai.cn/site/content/7747.html,
工业制造,行业应用,工业制造,行业应用,2,application,需机器人/物理本体上下文,报告直接词/支持扩展,用户提供的两份具身智能报告,,
汽车装配,行业应用,工业制造,行业应用,2,application,需机器人/物理本体上下文,报告直接词/支持扩展,用户提供的两份具身智能报告,,
3C电子工厂,行业应用,工业制造,行业应用,2,application,需机器人/物理本体上下文,报告直接词/支持扩展,用户提供的两份具身智能报告,,
柔性制造,行业应用,工业制造,行业应用,2,application,需机器人/物理本体上下文,报告直接词/支持扩展,用户提供的两份具身智能报告,,
物流分拣,行业应用,工业制造,行业应用,2,application,需机器人/物理本体上下文,报告直接词/支持扩展,用户提供的两份具身智能报告,,
产线作业,行业应用,工业制造,行业应用,2,application,需机器人/物理本体上下文,报告直接词/支持扩展,用户提供的两份具身智能报告,,
仓储搬运,行业应用,工业制造,行业应用,2,application,需机器人/物理本体上下文,报告直接词/支持扩展,用户提供的两份具身智能报告,,
设备巡检,行业应用,工业制造,行业应用,2,application,需机器人/物理本体上下文,报告直接词/支持扩展,用户提供的两份具身智能报告,,
电力巡检,行业应用,工业制造,行业应用,2,application,需机器人/物理本体上下文,报告直接词/支持扩展,用户提供的两份具身智能报告,,
商业服务,行业应用,商业与家庭,行业应用,1,application,需机器人/物理本体上下文,报告直接词/支持扩展,用户提供的两份具身智能报告,,
智慧药房,行业应用,商业与家庭,行业应用,1,application,需机器人/物理本体上下文,报告直接词/支持扩展,用户提供的两份具身智能报告,,
取货送货,行业应用,商业与家庭,行业应用,1,application,需机器人/物理本体上下文,报告直接词/支持扩展,用户提供的两份具身智能报告,,
补货,行业应用,商业与家庭,行业应用,1,application,需机器人/物理本体上下文,报告直接词/支持扩展,用户提供的两份具身智能报告,,
无人零售,行业应用,商业与家庭,行业应用,1,application,需机器人/物理本体上下文,报告直接词/支持扩展,用户提供的两份具身智能报告,,
家庭服务,行业应用,商业与家庭,行业应用,1,application,需机器人/物理本体上下文,报告直接词/支持扩展,用户提供的两份具身智能报告,,
家庭康养,行业应用,商业与家庭,行业应用,1,application,需机器人/物理本体上下文,报告直接词/支持扩展,用户提供的两份具身智能报告,,
接待导览,行业应用,商业与家庭,行业应用,1,application,需机器人/物理本体上下文,报告直接词/支持扩展,用户提供的两份具身智能报告,,
展厅讲解,行业应用,商业与家庭,行业应用,1,application,需机器人/物理本体上下文,报告直接词/支持扩展,用户提供的两份具身智能报告,,
教育陪伴,行业应用,商业与家庭,行业应用,1,application,需机器人/物理本体上下文,报告直接词/支持扩展,用户提供的两份具身智能报告,,
餐饮服务,行业应用,商业与家庭,行业应用,1,application,需机器人/物理本体上下文,报告直接词/支持扩展,用户提供的两份具身智能报告,,
安全应急,行业应用,安全应急与特种,行业应用,2,application,需机器人/物理本体上下文,报告直接词/支持扩展,用户提供的两份具身智能报告,,
应急救援,行业应用,安全应急与特种,行业应用,2,application,需机器人/物理本体上下文,报告直接词/支持扩展,用户提供的两份具身智能报告,,
安防巡逻,行业应用,安全应急与特种,行业应用,2,application,需机器人/物理本体上下文,报告直接词/支持扩展,用户提供的两份具身智能报告,,
灾害搜救,行业应用,安全应急与特种,行业应用,2,application,需机器人/物理本体上下文,报告直接词/支持扩展,用户提供的两份具身智能报告,,
危险环境作业,行业应用,安全应急与特种,行业应用,2,application,需机器人/物理本体上下文,报告直接词/支持扩展,用户提供的两份具身智能报告,,
防爆作业,行业应用,安全应急与特种,行业应用,2,application,需机器人/物理本体上下文,报告直接词/支持扩展,用户提供的两份具身智能报告,,
消防救援,行业应用,安全应急与特种,行业应用,2,application,需机器人/物理本体上下文,报告直接词/支持扩展,用户提供的两份具身智能报告,,
野外探索,行业应用,安全应急与特种,行业应用,2,application,需机器人/物理本体上下文,报告直接词/支持扩展,用户提供的两份具身智能报告,,
月球探测,行业应用,安全应急与特种,行业应用,2,application,需机器人/物理本体上下文,报告直接词/支持扩展,用户提供的两份具身智能报告,,
无人配送,行业应用,交通与低空,行业应用,1,application,需机器人/物理本体上下文,报告直接词/支持扩展,用户提供的两份具身智能报告,,
物流配送,行业应用,交通与低空,行业应用,1,application,需机器人/物理本体上下文,报告直接词/支持扩展,用户提供的两份具身智能报告,,
农林植保,行业应用,交通与低空,行业应用,1,application,需机器人/物理本体上下文,报告直接词/支持扩展,用户提供的两份具身智能报告,,
测绘勘探,行业应用,交通与低空,行业应用,1,application,需机器人/物理本体上下文,报告直接词/支持扩展,用户提供的两份具身智能报告,,
安防监控,行业应用,交通与低空,行业应用,1,application,需机器人/物理本体上下文,报告直接词/支持扩展,用户提供的两份具身智能报告,,
自主起降,行业应用,交通与低空,行业应用,1,application,需机器人/物理本体上下文,报告直接词/支持扩展,用户提供的两份具身智能报告,,
城市空中交通,行业应用,交通与低空,行业应用,1,application,需机器人/物理本体上下文,报告直接词/支持扩展,用户提供的两份具身智能报告,,
水文监测,行业应用,交通与低空,行业应用,1,application,需机器人/物理本体上下文,报告直接词/支持扩展,用户提供的两份具身智能报告,,
河道运维,行业应用,交通与低空,行业应用,1,application,需机器人/物理本体上下文,报告直接词/支持扩展,用户提供的两份具身智能报告,,
自主靠离泊,行业应用,交通与低空,行业应用,1,application,需机器人/物理本体上下文,报告直接词/支持扩展,用户提供的两份具身智能报告,,
康复训练,行业应用,医疗康复,行业应用,1,application,需机器人/物理本体上下文,报告直接词/支持扩展,用户提供的两份具身智能报告,,
康复机器人,行业应用,医疗康复,行业应用,1,application,需机器人/物理本体上下文,报告直接词/支持扩展,用户提供的两份具身智能报告,,
辅助行走,行业应用,医疗康复,行业应用,1,application,需机器人/物理本体上下文,报告直接词/支持扩展,用户提供的两份具身智能报告,,
肢体运动康复,行业应用,医疗康复,行业应用,1,application,需机器人/物理本体上下文,报告直接词/支持扩展,用户提供的两份具身智能报告,,
靶向给药,行业应用,医疗康复,行业应用,1,application,需机器人/物理本体上下文,报告直接词/支持扩展,用户提供的两份具身智能报告,,
细胞操作,行业应用,医疗康复,行业应用,1,application,需机器人/物理本体上下文,报告直接词/支持扩展,用户提供的两份具身智能报告,,
医疗急救,行业应用,医疗康复,行业应用,1,application,需机器人/物理本体上下文,报告直接词/支持扩展,用户提供的两份具身智能报告,,
